seq,thread,txn_id,op,key,t_invoke_us,t_complete_us,result
0,0,0,read,ro,6168,6736,"ok"
1,0,0,read,ro,6737,6859,"ok"
2,0,0,read,ro,6859,6920,"ok"
3,0,0,read,ro,6920,7154,"ok"
4,0,0,read,ro,7155,7218,"ok"
5,0,0,read,ro,7218,7283,"ok"
6,0,0,read,ro,7283,7464,"ok"
7,0,0,read,ro,7464,7522,"ok"
8,0,0,read,ro,7522,7591,"ok"
9,0,0,read,ro,7591,7769,"ok"
10,0,0,read,ro,7769,7826,"ok"
11,0,0,read,ro,7826,7881,"ok"
12,0,0,read,ro,7881,8080,"ok"
13,0,0,read,ro,8080,8139,"ok"
14,0,0,read,ro,8139,8194,"ok"
15,0,0,read,ro,8194,8369,"ok"
16,0,0,read,ro,8369,8426,"ok"
17,0,0,read,ro,8434,8488,"ok"
18,0,0,read,ro,8488,8667,"ok"
19,0,0,read,ro,8667,8727,"ok"
20,0,0,read,ro,8727,8782,"ok"
21,0,0,read,ro,8782,8950,"ok"
22,0,0,read,ro,8950,9005,"ok"
23,0,0,read,ro,9005,9084,"ok"
24,0,0,read,ro,9085,9256,"ok"
25,0,0,read,ro,9256,9318,"ok"
26,0,0,read,ro,9318,9374,"ok"
27,0,0,read,ro,9374,9551,"ok"
28,0,0,read,ro,9551,9606,"ok"
29,0,0,read,ro,9606,9660,"ok"
30,0,0,read,ro,9660,9840,"ok"
31,0,0,read,ro,9840,9895,"ok"
32,0,0,read,ro,9895,9949,"ok"
33,0,0,read,ro,9951,10143,"ok"
34,0,0,read,ro,10143,10199,"ok"
35,0,0,read,ro,10199,10253,"ok"
36,0,0,read,ro,10253,10480,"ok"
37,0,0,read,ro,10480,10539,"ok"
38,0,0,read,ro,10539,10596,"ok"
39,0,0,read,ro,10596,10765,"ok"
40,0,0,read,ro,10765,10823,"ok"
41,0,0,read,ro,10823,10877,"ok"
42,0,0,read,ro,10877,11063,"ok"
43,0,0,read,ro,11063,11121,"ok"
44,0,0,read,ro,11121,11176,"ok"
45,0,0,read,ro,11176,11354,"ok"
46,0,0,read,ro,11354,11410,"ok"
47,0,0,read,ro,11410,11466,"ok"
48,0,0,read,ro,11466,11636,"ok"
49,0,0,read,ro,11636,11690,"ok"
50,0,0,read,ro,11690,11760,"ok"
51,0,0,read,ro,11760,11933,"ok"
52,0,0,read,ro,11933,11986,"ok"
53,0,0,read,ro,11986,12058,"ok"
54,0,0,read,ro,12058,12231,"ok"
55,0,0,read,ro,12231,12291,"ok"
56,0,0,read,ro,12292,12346,"ok"
57,0,0,read,ro,12346,12518,"ok"
58,0,0,read,ro,12518,12573,"ok"
59,0,0,read,ro,12573,12627,"ok"
60,0,0,read,ro,12627,12795,"ok"
61,0,0,read,ro,12795,12849,"ok"
62,0,0,read,ro,12849,12901,"ok"
63,0,0,read,ro,12901,13086,"ok"
64,0,0,read,ro,13086,13143,"ok"
65,0,0,read,ro,13146,13196,"ok"
66,0,0,read,ro,13196,13383,"ok"
67,0,0,read,ro,13383,13439,"ok"
68,0,0,read,ro,13439,13499,"ok"
69,0,0,read,ro,13500,13669,"ok"
70,0,0,read,ro,13669,13723,"ok"
71,0,0,read,ro,13723,13775,"ok"
72,0,0,read,ro,13775,13944,"ok"
73,0,0,read,ro,13944,13998,"ok"
74,0,0,read,ro,13998,14071,"ok"
75,0,0,read,ro,14071,14280,"ok"
76,0,0,read,ro,14281,14341,"ok"
77,0,0,read,ro,14341,14392,"ok"
78,0,0,read,ro,14392,14561,"ok"
79,0,0,read,ro,14561,14615,"ok"
80,0,0,read,ro,14615,14667,"ok"
81,0,0,read,ro,14667,14835,"ok"
82,0,0,read,ro,14835,14889,"ok"
83,0,0,read,ro,14889,14941,"ok"
84,0,0,read,ro,14941,15132,"ok"
85,0,0,read,ro,15132,15189,"ok"
86,0,0,read,ro,15189,15241,"ok"
87,0,0,read,ro,15241,15418,"ok"
88,0,0,read,ro,15418,15472,"ok"
89,0,0,read,ro,15472,15524,"ok"
90,0,0,read,ro,15525,15699,"ok"
91,0,0,read,ro,15699,15753,"ok"
92,0,0,read,ro,15753,15805,"ok"
93,0,0,read,ro,15805,15972,"ok"
94,0,0,read,ro,15972,16043,"ok"
95,0,0,read,ro,16043,16096,"ok"
96,0,0,read,ro,16097,16271,"ok"
97,0,0,read,ro,16271,16327,"ok"
98,0,0,read,ro,16327,16378,"ok"
99,0,0,read,ro,16378,16546,"ok"
100,0,0,read,ro,16546,16610,"ok"
101,0,0,read,ro,16610,16662,"ok"
102,0,0,read,ro,16662,16835,"ok"
103,0,0,read,ro,16835,16889,"ok"
104,0,0,read,ro,16889,16940,"ok"
105,0,0,read,ro,16940,17125,"ok"
106,0,0,read,ro,17125,17181,"ok"
107,0,0,read,ro,17181,17233,"ok"
108,0,0,read,ro,17233,17407,"ok"
109,0,0,read,ro,17407,17463,"ok"
110,0,0,read,ro,17463,17516,"ok"
111,0,0,read,ro,17516,17684,"ok"
112,0,0,read,ro,17685,17738,"ok"
113,0,0,read,ro,17738,17789,"ok"
114,0,0,read,ro,17789,17958,"ok"
115,0,0,read,ro,17958,18028,"ok"
116,0,0,read,ro,18028,18083,"ok"
117,0,0,read,ro,18083,18257,"ok"
118,0,0,read,ro,18257,18355,"ok"
119,0,0,read,ro,18355,18407,"ok"
120,0,0,read,ro,32316,33000,"ok"
121,1,0,read,ro,32334,33086,"ok"
122,0,0,read,ro,33001,33143,"ok"
123,1,0,read,ro,33087,33184,"ok"
124,0,0,read,ro,33144,33230,"ok"
125,1,0,read,ro,33185,33263,"ok"
126,1,0,read,ro,33263,33482,"ok"
127,0,0,read,ro,33230,33535,"ok"
128,1,0,read,ro,33483,33550,"ok"
129,0,0,read,ro,33535,33619,"ok"
130,1,0,read,ro,33553,33635,"ok"
131,0,0,read,ro,33620,33699,"ok"
132,1,0,read,ro,33636,33870,"ok"
133,0,0,read,ro,33699,33904,"ok"
134,1,0,read,ro,33870,33959,"ok"
135,0,0,read,ro,33904,33983,"ok"
136,1,0,read,ro,33959,34067,"ok"
137,0,0,read,ro,33984,34089,"ok"
138,0,0,read,ro,34089,34309,"ok"
139,1,0,read,ro,34067,34333,"ok"
140,0,0,read,ro,34309,34373,"ok"
141,1,0,read,ro,34334,34429,"ok"
142,0,0,read,ro,34373,34500,"ok"
143,1,0,read,ro,34429,34514,"ok"
144,0,0,read,ro,34500,34711,"ok"
145,1,0,read,ro,34515,34730,"ok"
146,0,0,read,ro,34712,34801,"ok"
147,1,0,read,ro,34730,34816,"ok"
148,0,0,read,ro,34801,34895,"ok"
149,1,0,read,ro,34816,34903,"ok"
150,1,0,read,ro,34903,35129,"ok"
151,0,0,read,ro,34896,35144,"ok"
152,1,0,read,ro,35130,35201,"ok"
153,0,0,read,ro,35145,35239,"ok"
154,1,0,read,ro,35201,35277,"ok"
155,0,0,read,ro,35239,35330,"ok"
156,1,0,read,ro,35278,35493,"ok"
157,0,0,read,ro,35330,35543,"ok"
158,1,0,read,ro,35494,35577,"ok"
159,0,0,read,ro,35543,35618,"ok"
160,1,0,read,ro,35577,35656,"ok"
161,0,0,read,ro,35619,35693,"ok"
162,1,0,read,ro,35656,35862,"ok"
163,0,0,read,ro,35693,35882,"ok"
164,1,0,read,ro,35863,35945,"ok"
165,0,0,read,ro,35882,35961,"ok"
166,1,0,read,ro,35945,36042,"ok"
167,0,0,read,ro,35962,36063,"ok"
168,1,0,read,ro,36043,36244,"ok"
169,0,0,read,ro,36063,36263,"ok"
170,1,0,read,ro,36244,36335,"ok"
171,0,0,read,ro,36264,36347,"ok"
172,1,0,read,ro,36335,36412,"ok"
173,0,0,read,ro,36347,36422,"ok"
174,1,0,read,ro,36412,36612,"ok"
175,0,0,read,ro,36423,36617,"ok"
176,1,0,read,ro,36612,36693,"ok"
177,0,0,read,ro,36617,36697,"ok"
178,1,0,read,ro,36693,36772,"ok"
179,0,0,read,ro,36697,36776,"ok"
180,0,0,read,ro,36777,36971,"ok"
181,1,0,read,ro,36772,36977,"ok"
182,0,0,read,ro,36971,37062,"ok"
183,1,0,read,ro,36977,37076,"ok"
184,0,0,read,ro,37062,37140,"ok"
185,1,0,read,ro,37076,37153,"ok"
186,0,0,read,ro,37140,37351,"ok"
187,1,0,read,ro,37154,37369,"ok"
188,0,0,read,ro,37351,37430,"ok"
189,1,0,read,ro,37369,37451,"ok"
190,0,0,read,ro,37431,37518,"ok"
191,1,0,read,ro,37451,37528,"ok"
192,1,0,read,ro,37528,37723,"ok"
193,0,0,read,ro,37519,37741,"ok"
194,1,0,read,ro,37723,37785,"ok"
195,0,0,read,ro,37741,37821,"ok"
196,1,0,read,ro,37785,37865,"ok"
197,0,0,read,ro,37821,37896,"ok"
198,1,0,read,ro,37866,38076,"ok"
199,0,0,read,ro,37897,38112,"ok"
200,1,0,read,ro,38076,38152,"ok"
201,0,0,read,ro,38112,38188,"ok"
202,1,0,read,ro,38152,38227,"ok"
203,0,0,read,ro,38188,38298,"ok"
204,0,0,read,ro,38298,38490,"ok"
205,1,0,read,ro,38227,38519,"ok"
206,0,0,read,ro,38490,38576,"ok"
207,1,0,read,ro,38519,38596,"ok"
208,0,0,read,ro,38577,38656,"ok"
209,1,0,read,ro,38596,38675,"ok"
210,0,0,read,ro,38656,38866,"ok"
211,1,0,read,ro,38675,38872,"ok"
212,0,0,read,ro,38866,38947,"ok"
213,1,0,read,ro,38872,38953,"ok"
214,0,0,read,ro,38948,39049,"ok"
215,1,0,read,ro,38953,39051,"ok"
216,0,0,read,ro,39049,39261,"ok"
217,1,0,read,ro,39052,39268,"ok"
218,0,0,read,ro,39261,39346,"ok"
219,1,0,read,ro,39269,39356,"ok"
220,0,0,read,ro,39346,39423,"ok"
221,1,0,read,ro,39356,39434,"ok"
222,0,0,read,ro,39424,39616,"ok"
223,1,0,read,ro,39434,39640,"ok"
224,0,0,read,ro,39616,39690,"ok"
225,1,0,read,ro,39641,39718,"ok"
226,0,0,read,ro,39690,39764,"ok"
227,1,0,read,ro,39718,39796,"ok"
228,0,0,read,ro,39765,39956,"ok"
229,1,0,read,ro,39797,39986,"ok"
230,0,0,read,ro,39957,40053,"ok"
231,1,0,read,ro,39986,40080,"ok"
232,0,0,read,ro,40053,40132,"ok"
233,1,0,read,ro,40080,40159,"ok"
234,0,0,read,ro,40133,40341,"ok"
235,1,0,read,ro,40159,40365,"ok"
236,0,0,read,ro,40341,40416,"ok"
237,1,0,read,ro,40365,40443,"ok"
238,0,0,read,ro,40416,40488,"ok"
239,1,0,read,ro,40443,40517,"ok"
240,0,0,read,ro,40488,40687,"ok"
241,1,0,read,ro,40517,40715,"ok"
242,0,0,read,ro,40688,40771,"ok"
243,1,0,read,ro,40715,40794,"ok"
244,0,0,read,ro,40772,40845,"ok"
245,1,0,read,ro,40794,40868,"ok"
246,0,0,read,ro,40845,41057,"ok"
247,1,0,read,ro,40869,41084,"ok"
248,0,0,read,ro,41058,41135,"ok"
249,1,0,read,ro,41084,41160,"ok"
250,0,0,read,ro,41135,41209,"ok"
251,1,0,read,ro,41160,41234,"ok"
252,0,0,read,ro,41209,41421,"ok"
253,1,0,read,ro,41234,41439,"ok"
254,0,0,read,ro,41422,41500,"ok"
255,1,0,read,ro,41440,41517,"ok"
256,0,0,read,ro,41500,41583,"ok"
257,1,0,read,ro,41517,41594,"ok"
258,0,0,read,ro,41584,41783,"ok"
259,1,0,read,ro,41594,41797,"ok"
260,0,0,read,ro,41784,41877,"ok"
261,1,0,read,ro,41797,41878,"ok"
262,0,0,read,ro,41877,41954,"ok"
263,1,0,read,ro,41878,41959,"ok"
264,0,0,read,ro,41955,42173,"ok"
265,1,0,read,ro,41959,42186,"ok"
266,0,0,read,ro,42173,42252,"ok"
267,1,0,read,ro,42186,42326,"ok"
268,0,0,read,ro,42252,42357,"ok"
269,1,0,read,ro,42326,42403,"ok"
270,0,0,read,ro,42357,42552,"ok"
271,1,0,read,ro,42404,42600,"ok"
272,0,0,read,ro,42552,42633,"ok"
273,1,0,read,ro,42600,42678,"ok"
274,0,0,read,ro,42633,42704,"ok"
275,1,0,read,ro,42678,42749,"ok"
276,0,0,read,ro,42704,42915,"ok"
277,1,0,read,ro,42749,42937,"ok"
278,0,0,read,ro,42915,42996,"ok"
279,1,0,read,ro,42938,43034,"ok"
280,0,0,read,ro,42996,43092,"ok"
281,1,0,read,ro,43035,43112,"ok"
282,0,0,read,ro,43092,43293,"ok"
283,1,0,read,ro,43113,43313,"ok"
284,0,0,read,ro,43293,43369,"ok"
285,1,0,read,ro,43314,43392,"ok"
286,0,0,read,ro,43369,43443,"ok"
287,1,0,read,ro,43393,43466,"ok"
288,0,0,read,ro,43443,43637,"ok"
289,1,0,read,ro,43466,43663,"ok"
290,0,0,read,ro,43637,43711,"ok"
291,1,0,read,ro,43663,43739,"ok"
292,0,0,read,ro,43711,43786,"ok"
293,1,0,read,ro,43739,43812,"ok"
294,0,0,read,ro,43786,43986,"ok"
295,1,0,read,ro,43813,44007,"ok"
296,0,0,read,ro,43987,44085,"ok"
297,1,0,read,ro,44008,44103,"ok"
298,0,0,read,ro,44085,44162,"ok"
299,1,0,read,ro,44103,44181,"ok"
300,0,0,read,ro,44162,44365,"ok"
301,1,0,read,ro,44182,44395,"ok"
302,0,0,read,ro,44365,44439,"ok"
303,1,0,read,ro,44395,44470,"ok"
304,0,0,read,ro,44439,44511,"ok"
305,1,0,read,ro,44470,44543,"ok"
306,0,0,read,ro,44512,44710,"ok"
307,1,0,read,ro,44544,44738,"ok"
308,0,0,read,ro,44710,44786,"ok"
309,1,0,read,ro,44738,44814,"ok"
310,0,0,read,ro,44786,44869,"ok"
311,1,0,read,ro,44814,44889,"ok"
312,1,0,read,ro,44889,45102,"ok"
313,0,0,read,ro,44869,45104,"ok"
314,1,0,read,ro,45102,45167,"ok"
315,0,0,read,ro,45104,45185,"ok"
316,1,0,read,ro,45167,45243,"ok"
317,0,0,read,ro,45185,45261,"ok"
318,1,0,read,ro,45243,45446,"ok"
319,0,0,read,ro,45261,45476,"ok"
320,1,0,read,ro,45446,45518,"ok"
321,0,0,read,ro,45476,45550,"ok"
322,1,0,read,ro,45519,45591,"ok"
323,0,0,read,ro,45551,45623,"ok"
324,1,0,read,ro,45591,45785,"ok"
325,0,0,read,ro,45623,45814,"ok"
326,1,0,read,ro,45785,45861,"ok"
327,0,0,read,ro,45814,45888,"ok"
328,1,0,read,ro,45861,45934,"ok"
329,0,0,read,ro,45889,45961,"ok"
330,1,0,read,ro,45935,46157,"ok"
331,0,0,read,ro,45961,46188,"ok"
332,1,0,read,ro,46157,46232,"ok"
333,0,0,read,ro,46188,46304,"ok"
334,1,0,read,ro,46232,46378,"ok"
335,0,0,read,ro,46305,46382,"ok"
336,0,0,read,ro,46383,46582,"ok"
337,1,0,read,ro,46379,46587,"ok"
338,0,0,read,ro,46583,46652,"ok"
339,1,0,read,ro,46587,46668,"ok"
340,0,0,read,ro,46652,46730,"ok"
341,1,0,read,ro,46668,46744,"ok"
342,0,0,read,ro,46730,46927,"ok"
343,1,0,read,ro,46745,46944,"ok"
344,0,0,read,ro,46927,47006,"ok"
345,1,0,read,ro,46944,47037,"ok"
346,1,0,read,ro,47038,47107,"ok"
347,0,0,read,ro,47007,47157,"ok"
348,1,0,read,ro,47107,47299,"ok"
349,0,0,read,ro,47158,47364,"ok"
350,1,0,read,ro,47299,47373,"ok"
351,0,0,read,ro,47364,47444,"ok"
352,1,0,read,ro,47373,47449,"ok"
353,0,0,read,ro,47444,47526,"ok"
354,1,0,read,ro,47450,47646,"ok"
355,1,0,read,ro,47647,47715,"ok"
356,0,0,read,ro,47526,47720,"ok"
357,1,0,read,ro,47716,47776,"ok"
358,0,0,read,ro,47720,47801,"ok"
359,0,0,read,ro,47801,47855,"ok"
360,2,0,read,ro,60620,60996,"ok"
361,0,0,read,ro,60633,61076,"ok"
362,2,0,read,ro,60996,61128,"ok"
363,0,0,read,ro,61077,61164,"ok"
364,2,0,read,ro,61128,61223,"ok"
365,0,0,read,ro,61165,61245,"ok"
366,0,0,read,ro,61246,61471,"ok"
367,2,0,read,ro,61223,61529,"ok"
368,0,0,read,ro,61471,61539,"ok"
369,2,0,read,ro,61530,61628,"ok"
370,0,0,read,ro,61539,61628,"ok"
371,2,0,read,ro,61628,61722,"ok"
372,0,0,read,ro,61628,61842,"ok"
373,0,0,read,ro,61842,61918,"ok"
374,2,0,read,ro,61722,61925,"ok"
375,0,0,read,ro,61918,61985,"ok"
376,2,0,read,ro,61926,62032,"ok"
377,0,0,read,ro,61986,62241,"ok"
378,2,0,read,ro,62032,62297,"ok"
379,0,0,read,ro,62241,62316,"ok"
380,0,0,read,ro,62316,62399,"ok"
381,2,0,read,ro,62298,62521,"ok"
382,2,0,read,ro,62522,62594,"ok"
383,0,0,read,ro,62399,62626,"ok"
384,2,0,read,ro,62594,62652,"ok"
385,0,0,read,ro,62626,62708,"ok"
386,0,0,read,ro,62709,62779,"ok"
387,2,0,read,ro,62652,62855,"ok"
388,2,0,read,ro,62856,62930,"ok"
389,0,0,read,ro,62779,62953,"ok"
390,2,0,read,ro,62930,62987,"ok"
391,0,0,read,ro,62953,63059,"ok"
392,0,0,read,ro,63060,63131,"ok"
393,2,0,read,ro,62987,63215,"ok"
394,2,0,read,ro,63215,63300,"ok"
395,0,0,read,ro,63132,63304,"ok"
396,2,0,read,ro,63301,63367,"ok"
397,0,0,read,ro,63305,63392,"ok"
398,0,0,read,ro,63392,63467,"ok"
399,2,0,read,ro,63367,63568,"ok"
400,0,0,read,ro,63467,63638,"ok"
401,2,0,read,ro,63569,63645,"ok"
402,0,0,read,ro,63639,63722,"ok"
403,2,0,read,ro,63645,63727,"ok"
404,0,0,read,ro,63723,63802,"ok"
405,2,0,read,ro,63727,63932,"ok"
406,0,0,read,ro,63803,63988,"ok"
407,2,0,read,ro,63933,64006,"ok"
408,0,0,read,ro,63988,64085,"ok"
409,2,0,read,ro,64007,64106,"ok"
410,0,0,read,ro,64086,64164,"ok"
411,2,0,read,ro,64107,64315,"ok"
412,0,0,read,ro,64164,64356,"ok"
413,2,0,read,ro,64316,64390,"ok"
414,0,0,read,ro,64356,64438,"ok"
415,2,0,read,ro,64390,64466,"ok"
416,0,0,read,ro,64439,64516,"ok"
417,2,0,read,ro,64467,64663,"ok"
418,0,0,read,ro,64516,64706,"ok"
419,2,0,read,ro,64663,64735,"ok"
420,0,0,read,ro,64706,64781,"ok"
421,2,0,read,ro,64735,64813,"ok"
422,0,0,read,ro,64782,64854,"ok"
423,2,0,read,ro,64814,65028,"ok"
424,0,0,read,ro,64854,65061,"ok"
425,2,0,read,ro,65028,65106,"ok"
426,0,0,read,ro,65062,65140,"ok"
427,2,0,read,ro,65107,65181,"ok"
428,0,0,read,ro,65140,65213,"ok"
429,2,0,read,ro,65181,65392,"ok"
430,0,0,read,ro,65214,65406,"ok"
431,2,0,read,ro,65393,65474,"ok"
432,0,0,read,ro,65407,65488,"ok"
433,2,0,read,ro,65474,65550,"ok"
434,0,0,read,ro,65488,65566,"ok"
435,2,0,read,ro,65551,65746,"ok"
436,0,0,read,ro,65567,65759,"ok"
437,2,0,read,ro,65746,65827,"ok"
438,0,0,read,ro,65760,65839,"ok"
439,2,0,read,ro,65827,65904,"ok"
440,0,0,read,ro,65839,65915,"ok"
441,2,0,read,ro,65904,66122,"ok"
442,0,0,read,ro,65915,66127,"ok"
443,2,0,read,ro,66123,66208,"ok"
444,0,0,read,ro,66127,66212,"ok"
445,2,0,read,ro,66209,66287,"ok"
446,2,0,read,ro,66287,66530,"ok"
447,3,0,read,ro,60574,66568,"ok"
448,2,0,read,ro,66530,66589,"ok"
449,3,0,read,ro,66569,66653,"ok"
450,2,0,read,ro,66589,66668,"ok"
451,3,0,read,ro,66654,66737,"ok"
452,2,0,read,ro,66668,66867,"ok"
453,3,0,read,ro,66737,66935,"ok"
454,2,0,read,ro,66867,66938,"ok"
455,2,0,read,ro,66939,67040,"ok"
456,3,0,read,ro,66935,67041,"ok"
457,3,0,read,ro,67042,67124,"ok"
458,2,0,read,ro,67041,67245,"ok"
459,3,0,read,ro,67125,67299,"ok"
460,2,0,read,ro,67246,67329,"ok"
461,3,0,read,ro,67299,67372,"ok"
462,2,0,read,ro,67329,67417,"ok"
463,3,0,read,ro,67373,67454,"ok"
464,2,0,read,ro,67417,67636,"ok"
465,3,0,read,ro,67455,67651,"ok"
466,2,0,read,ro,67636,67727,"ok"
467,3,0,read,ro,67652,67734,"ok"
468,3,0,read,ro,67734,67818,"ok"
469,2,0,read,ro,67727,67822,"ok"
470,3,0,read,ro,67818,67989,"ok"
471,2,0,read,ro,67822,68065,"ok"
472,3,0,read,ro,67989,68077,"ok"
473,2,0,read,ro,68066,68162,"ok"
474,3,0,read,ro,68078,68164,"ok"
475,2,0,read,ro,68162,68257,"ok"
476,3,0,read,ro,68165,68369,"ok"
477,3,0,read,ro,68369,68452,"ok"
478,2,0,read,ro,68257,68462,"ok"
479,3,0,read,ro,68453,68510,"ok"
480,2,0,read,ro,68463,68542,"ok"
481,2,0,read,ro,68542,68616,"ok"
482,3,0,read,ro,68511,68701,"ok"
483,3,0,read,ro,68701,68775,"ok"
484,2,0,read,ro,68616,68794,"ok"
485,3,0,read,ro,68775,68829,"ok"
486,2,0,read,ro,68794,68873,"ok"
487,2,0,read,ro,68874,68946,"ok"
488,3,0,read,ro,68829,69032,"ok"
489,3,0,read,ro,69033,69109,"ok"
490,2,0,read,ro,68947,69142,"ok"
491,3,0,read,ro,69110,69163,"ok"
492,2,0,read,ro,69142,69226,"ok"
493,2,0,read,ro,69227,69303,"ok"
494,3,0,read,ro,69164,69358,"ok"
495,3,0,read,ro,69359,69435,"ok"
496,2,0,read,ro,69303,69483,"ok"
497,3,0,read,ro,69435,69490,"ok"
498,2,0,read,ro,69483,69567,"ok"
499,2,0,read,ro,69567,69637,"ok"
500,3,0,read,ro,69490,69683,"ok"
501,3,0,read,ro,69684,69753,"ok"
502,3,0,read,ro,69753,69807,"ok"
503,2,0,read,ro,69637,69819,"ok"
504,2,0,read,ro,69819,69900,"ok"
505,2,0,read,ro,69900,69955,"ok"
506,3,0,read,ro,69807,69980,"ok"
507,3,0,read,ro,69980,70071,"ok"
508,3,0,read,ro,70072,70127,"ok"
509,2,0,read,ro,69956,70153,"ok"
510,2,0,read,ro,70153,70232,"ok"
511,0,0,read,ro,66212,70420,"ok"
512,0,0,read,ro,70421,70614,"ok"
513,0,0,read,ro,70648,70725,"ok"
514,1,0,read,ro,70302,70741,"ok"
515,0,0,read,ro,70725,70781,"ok"
516,1,0,read,ro,70742,70833,"ok"
517,1,0,read,ro,70833,70908,"ok"
518,0,0,read,ro,70781,70984,"ok"
519,0,0,read,ro,70984,71082,"ok"
520,1,0,read,ro,70908,71124,"ok"
521,0,0,read,ro,71082,71135,"ok"
522,1,0,read,ro,71125,71212,"ok"
523,1,0,read,ro,71212,71292,"ok"
524,0,0,read,ro,71135,71342,"ok"
525,0,0,read,ro,71342,71427,"ok"
526,1,0,read,ro,71293,71478,"ok"
527,0,0,read,ro,71428,71483,"ok"
528,1,0,read,ro,71479,71565,"ok"
529,1,0,read,ro,71565,71638,"ok"
530,0,0,read,ro,71483,71695,"ok"
531,0,0,read,ro,71695,71801,"ok"
532,1,0,read,ro,71639,71848,"ok"
533,0,0,read,ro,71802,71854,"ok"
534,1,0,read,ro,71848,71942,"ok"
535,1,0,read,ro,71942,72007,"ok"
536,0,0,read,ro,71855,72077,"ok"
537,0,0,read,ro,72077,72151,"ok"
538,0,0,read,ro,72151,72204,"ok"
539,1,0,read,ro,72008,72222,"ok"
540,1,0,read,ro,72222,72306,"ok"
541,1,0,read,ro,72306,72365,"ok"
542,0,0,read,ro,72205,72378,"ok"
543,0,0,read,ro,72378,72459,"ok"
544,0,0,read,ro,72460,72513,"ok"
545,1,0,read,ro,72365,72544,"ok"
546,1,0,read,ro,72544,72620,"ok"
547,1,0,read,ro,72620,72678,"ok"
548,0,0,read,ro,72514,72678,"ok"
549,0,0,read,ro,72679,72761,"ok"
550,0,0,read,ro,72761,72812,"ok"
551,1,0,read,ro,72679,72869,"ok"
552,1,0,read,ro,72870,72947,"ok"
553,0,0,read,ro,72812,72978,"ok"
554,1,0,read,ro,72947,73003,"ok"
555,0,0,read,ro,72979,73074,"ok"
556,0,0,read,ro,73075,73144,"ok"
557,1,0,read,ro,73004,73257,"ok"
558,0,0,read,ro,73144,73311,"ok"
559,1,0,read,ro,73258,73342,"ok"
560,0,0,read,ro,73311,73392,"ok"
561,1,0,read,ro,73342,73419,"ok"
562,0,0,read,ro,73393,73468,"ok"
563,1,0,read,ro,73419,73644,"ok"
564,0,0,read,ro,73469,73649,"ok"
565,0,0,read,ro,73649,73731,"ok"
566,1,0,read,ro,73644,73732,"ok"
567,0,0,read,ro,73731,73792,"ok"
568,1,0,read,ro,73733,73814,"ok"
569,0,0,read,ro,73792,73975,"ok"
570,1,0,read,ro,73815,74029,"ok"
571,0,0,read,ro,73975,74067,"ok"
572,1,0,read,ro,74029,74112,"ok"
573,0,0,read,ro,74067,74141,"ok"
574,1,0,read,ro,74112,74190,"ok"
575,0,0,read,ro,74141,74363,"ok"
576,1,0,read,ro,74190,74438,"ok"
577,0,0,read,ro,74363,74443,"ok"
578,1,0,read,ro,74438,74522,"ok"
579,0,0,read,ro,74444,74525,"ok"
580,1,0,read,ro,74523,74604,"ok"
581,0,0,read,ro,74525,74719,"ok"
582,0,0,read,ro,74720,74789,"ok"
583,1,0,read,ro,74605,74803,"ok"
584,0,0,read,ro,74790,74847,"ok"
585,1,0,read,ro,74803,74885,"ok"
586,1,0,read,ro,74885,74960,"ok"
587,0,0,read,ro,74848,75053,"ok"
588,0,0,read,ro,75053,75128,"ok"
589,1,0,read,ro,74960,75154,"ok"
590,0,0,read,ro,75129,75180,"ok"
591,1,0,read,ro,75154,75237,"ok"
592,1,0,read,ro,75237,75335,"ok"
593,0,0,read,ro,75181,75371,"ok"
594,0,0,read,ro,75371,75450,"ok"
595,0,0,read,ro,75450,75503,"ok"
596,1,0,read,ro,75336,75513,"ok"
597,1,0,read,ro,75514,75595,"ok"
598,1,0,read,ro,75595,75652,"ok"
599,0,0,read,ro,75503,75676,"ok"
600,0,0,read,ro,75676,75750,"ok"
601,0,0,read,ro,75750,75802,"ok"
602,1,0,read,ro,75652,75830,"ok"
603,1,0,read,ro,75831,75907,"ok"
604,1,0,read,ro,75907,75964,"ok"
605,0,0,read,ro,75802,75969,"ok"
606,0,0,read,ro,75969,76067,"ok"
607,0,0,read,ro,76067,76120,"ok"
608,1,0,read,ro,75964,76169,"ok"
609,1,0,read,ro,76170,76246,"ok"
610,0,0,read,ro,76120,76287,"ok"
611,1,0,read,ro,76246,76308,"ok"
612,0,0,read,ro,76287,76366,"ok"
613,0,0,read,ro,76366,76440,"ok"
614,1,0,read,ro,76308,76508,"ok"
615,1,0,read,ro,76509,76582,"ok"
616,0,0,read,ro,76440,76607,"ok"
617,1,0,read,ro,76583,76639,"ok"
618,0,0,read,ro,76607,76683,"ok"
619,0,0,read,ro,76683,76754,"ok"
620,1,0,read,ro,76639,76832,"ok"
621,1,0,read,ro,76832,76908,"ok"
622,0,0,read,ro,76754,76927,"ok"
623,1,0,read,ro,76908,76965,"ok"
624,0,0,read,ro,76928,77004,"ok"
625,0,0,read,ro,77004,77094,"ok"
626,1,0,read,ro,76965,77181,"ok"
627,1,0,read,ro,77182,77258,"ok"
628,0,0,read,ro,77094,77266,"ok"
629,1,0,read,ro,77259,77334,"ok"
630,0,0,read,ro,77266,77346,"ok"
631,0,0,read,ro,77346,77426,"ok"
632,1,0,read,ro,77335,77536,"ok"
633,0,0,read,ro,77426,77592,"ok"
634,1,0,read,ro,77536,77608,"ok"
635,0,0,read,ro,77593,77668,"ok"
636,1,0,read,ro,77608,77685,"ok"
637,0,0,read,ro,77669,77740,"ok"
638,1,0,read,ro,77685,77882,"ok"
639,0,0,read,ro,77740,77919,"ok"
640,1,0,read,ro,77883,77957,"ok"
641,0,0,read,ro,77920,77991,"ok"
642,1,0,read,ro,77957,78052,"ok"
643,0,0,read,ro,77991,78080,"ok"
644,1,0,read,ro,78052,78256,"ok"
645,3,0,read,ro,70127,78361,"ok"
646,2,0,read,ro,70233,78390,"ok"
647,3,0,read,ro,78362,78438,"ok"
648,3,0,read,ro,78438,78513,"ok"
649,2,0,read,ro,78391,78681,"ok"
650,3,0,read,ro,78513,78695,"ok"
651,2,0,read,ro,78682,78768,"ok"
652,3,0,read,ro,78695,78773,"ok"
653,2,0,read,ro,78769,78848,"ok"
654,3,0,read,ro,78773,78853,"ok"
655,3,0,read,ro,78854,79058,"ok"
656,2,0,read,ro,78848,79074,"ok"
657,3,0,read,ro,79058,79122,"ok"
658,2,0,read,ro,79075,79156,"ok"
659,3,0,read,ro,79122,79196,"ok"
660,2,0,read,ro,79156,79231,"ok"
661,3,0,read,ro,79196,79389,"ok"
662,2,0,read,ro,79232,79435,"ok"
663,3,0,read,ro,79389,79460,"ok"
664,2,0,read,ro,79436,79513,"ok"
665,3,0,read,ro,79460,79536,"ok"
666,2,0,read,ro,79514,79589,"ok"
667,3,0,read,ro,79536,79723,"ok"
668,2,0,read,ro,79589,79780,"ok"
669,3,0,read,ro,79723,79792,"ok"
670,2,0,read,ro,79780,79862,"ok"
671,3,0,read,ro,79792,79870,"ok"
672,2,0,read,ro,79862,79939,"ok"
673,3,0,read,ro,79870,80073,"ok"
674,3,0,read,ro,80074,80144,"ok"
675,2,0,read,ro,79939,80150,"ok"
676,3,0,read,ro,80144,80205,"ok"
677,2,0,read,ro,80151,80235,"ok"
678,2,0,read,ro,80236,80318,"ok"
679,3,0,read,ro,80205,80408,"ok"
680,3,0,read,ro,80409,80482,"ok"
681,2,0,read,ro,80318,80495,"ok"
682,3,0,read,ro,80482,80538,"ok"
683,2,0,read,ro,80496,80575,"ok"
684,2,0,read,ro,80575,80651,"ok"
685,3,0,read,ro,80539,80727,"ok"
686,3,0,read,ro,80727,80798,"ok"
687,2,0,read,ro,80651,80830,"ok"
688,3,0,read,ro,80799,80851,"ok"
689,2,0,read,ro,80830,80913,"ok"
690,2,0,read,ro,80913,80984,"ok"
691,3,0,read,ro,80851,81060,"ok"
692,3,0,read,ro,81061,81134,"ok"
693,2,0,read,ro,80984,81186,"ok"
694,3,0,read,ro,81135,81187,"ok"
695,2,0,read,ro,81186,81271,"ok"
696,2,0,read,ro,81272,81334,"ok"
697,3,0,read,ro,81187,81376,"ok"
698,3,0,read,ro,81377,81456,"ok"
699,3,0,read,ro,81457,81509,"ok"
700,2,0,read,ro,81334,81545,"ok"
701,2,0,read,ro,81545,81624,"ok"
702,3,0,read,ro,81509,81675,"ok"
703,2,0,read,ro,81624,81679,"ok"
704,3,0,read,ro,81675,81761,"ok"
705,3,0,read,ro,81761,81830,"ok"
706,2,0,read,ro,81679,81890,"ok"
707,2,0,read,ro,81891,81964,"ok"
708,3,0,read,ro,81830,81998,"ok"
709,2,0,read,ro,81964,82038,"ok"
710,3,0,read,ro,81998,82094,"ok"
711,3,0,read,ro,82094,82162,"ok"
712,2,0,read,ro,82039,82239,"ok"
713,2,0,read,ro,82240,82348,"ok"
714,3,0,read,ro,82163,82360,"ok"
715,2,0,read,ro,82349,82412,"ok"
716,3,0,read,ro,82360,82445,"ok"
717,3,0,read,ro,82446,82521,"ok"
718,2,0,read,ro,82412,82612,"ok"
719,2,0,read,ro,82612,82683,"ok"
720,3,0,read,ro,82522,82707,"ok"
721,2,0,read,ro,82683,82737,"ok"
722,3,0,read,ro,82708,82786,"ok"
723,3,0,read,ro,82786,82857,"ok"
724,2,0,read,ro,82737,82957,"ok"
725,3,0,read,ro,82857,83044,"ok"
726,2,0,read,ro,82957,83050,"ok"
727,3,0,read,ro,83044,83128,"ok"
728,2,0,read,ro,83050,83135,"ok"
729,3,0,read,ro,83128,83203,"ok"
730,2,0,read,ro,83135,83348,"ok"
731,3,0,read,ro,83204,83398,"ok"
732,2,0,read,ro,83348,83423,"ok"
733,3,0,read,ro,83399,83486,"ok"
734,2,0,read,ro,83423,83501,"ok"
735,3,0,read,ro,83487,83561,"ok"
736,2,0,read,ro,83501,83700,"ok"
737,3,0,read,ro,83561,83745,"ok"
738,2,0,read,ro,83701,83774,"ok"
739,3,0,read,ro,83745,83819,"ok"
740,2,0,read,ro,83775,83851,"ok"
741,3,0,read,ro,83820,83890,"ok"
742,1,0,read,ro,78256,83989,"ok"
743,1,0,read,ro,83990,84071,"ok"
744,3,0,read,ro,83891,84090,"ok"
745,3,0,read,ro,84091,84168,"ok"
746,3,0,read,ro,84168,84221,"ok"
747,1,0,read,ro,84072,84326,"ok"
748,3,0,read,ro,84221,84394,"ok"
749,1,0,read,ro,84327,84408,"ok"
750,3,0,read,ro,84394,84481,"ok"
751,1,0,read,ro,84408,84487,"ok"
752,3,0,read,ro,84482,84576,"ok"
753,1,0,read,ro,84488,84733,"ok"
754,3,0,read,ro,84576,84770,"ok"
755,1,0,read,ro,84733,84813,"ok"
756,3,0,read,ro,84771,84842,"ok"
757,1,0,read,ro,84814,84892,"ok"
758,3,0,read,ro,84843,84917,"ok"
759,1,0,read,ro,84892,85114,"ok"
760,3,0,read,ro,84917,85126,"ok"
761,1,0,read,ro,85114,85198,"ok"
762,3,0,read,ro,85126,85207,"ok"
763,1,0,read,ro,85198,85287,"ok"
764,3,0,read,ro,85207,85288,"ok"
765,1,0,read,ro,85287,85492,"ok"
766,3,0,read,ro,85289,85505,"ok"
767,1,0,read,ro,85492,85574,"ok"
768,3,0,read,ro,85505,85597,"ok"
769,1,0,read,ro,85574,85649,"ok"
770,3,0,read,ro,85597,85680,"ok"
771,1,0,read,ro,85650,85858,"ok"
772,3,0,read,ro,85680,85883,"ok"
773,1,0,read,ro,85858,85939,"ok"
774,3,0,read,ro,85884,85972,"ok"
775,1,0,read,ro,85939,86034,"ok"
776,3,0,read,ro,85972,86078,"ok"
777,1,0,read,ro,86035,86235,"ok"
778,0,0,read,ro,78080,86314,"ok"
779,1,0,read,ro,86236,86370,"ok"
780,0,0,read,ro,86314,86414,"ok"
781,1,0,read,ro,86370,86449,"ok"
782,0,0,read,ro,86415,86487,"ok"
783,1,0,read,ro,86449,86654,"ok"
784,0,0,read,ro,86487,86701,"ok"
785,1,0,read,ro,86654,86725,"ok"
786,0,0,read,ro,86701,86778,"ok"
787,1,0,read,ro,86726,86806,"ok"
788,0,0,read,ro,86778,86851,"ok"
789,3,0,read,ro,86079,86945,"ok"
790,3,0,read,ro,86946,87040,"ok"
791,1,0,read,ro,86806,87056,"ok"
792,3,0,read,ro,87040,87098,"ok"
793,1,0,read,ro,87056,87140,"ok"
794,1,0,read,ro,87140,87214,"ok"
795,3,0,read,ro,87099,87302,"ok"
796,3,0,read,ro,87302,87374,"ok"
797,1,0,read,ro,87214,87400,"ok"
798,3,0,read,ro,87374,87435,"ok"
799,1,0,read,ro,87401,87482,"ok"
800,1,0,read,ro,87482,87554,"ok"
801,3,0,read,ro,87435,87635,"ok"
802,3,0,read,ro,87636,87709,"ok"
803,1,0,read,ro,87554,87731,"ok"
804,3,0,read,ro,87709,87762,"ok"
805,1,0,read,ro,87731,87814,"ok"
806,1,0,read,ro,87814,87888,"ok"
807,3,0,read,ro,87763,87953,"ok"
808,3,0,read,ro,87953,88043,"ok"
809,1,0,read,ro,87888,88081,"ok"
810,3,0,read,ro,88043,88097,"ok"
811,1,0,read,ro,88081,88167,"ok"
812,1,0,read,ro,88167,88238,"ok"
813,3,0,read,ro,88097,88291,"ok"
814,3,0,read,ro,88292,88363,"ok"
815,3,0,read,ro,88363,88420,"ok"
816,1,0,read,ro,88239,88423,"ok"
817,1,0,read,ro,88423,88515,"ok"
818,1,0,read,ro,88516,88572,"ok"
819,3,0,read,ro,88421,88604,"ok"
820,3,0,read,ro,88604,88677,"ok"
821,3,0,read,ro,88677,88731,"ok"
822,1,0,read,ro,88572,88750,"ok"
823,1,0,read,ro,88750,88827,"ok"
824,1,0,read,ro,88827,88892,"ok"
825,1,0,read,ro,88892,89083,"ok"
826,1,0,read,ro,89083,89143,"ok"
827,1,0,read,ro,89144,89197,"ok"
828,1,0,read,ro,89198,89378,"ok"
829,1,0,read,ro,89378,89435,"ok"
830,1,0,read,ro,89436,89489,"ok"
831,1,0,read,ro,89489,89660,"ok"
832,1,0,read,ro,89661,89717,"ok"
833,1,0,read,ro,89717,89770,"ok"
834,1,0,read,ro,89770,89941,"ok"
835,1,0,read,ro,89941,89997,"ok"
836,1,0,read,ro,89997,90071,"ok"
837,1,0,read,ro,90071,90246,"ok"
838,1,0,read,ro,90246,90341,"ok"
839,1,0,read,ro,90341,90396,"ok"
840,0,0,read,ro,102479,102872,"ok"
841,0,0,read,ro,102872,102942,"ok"
842,0,0,read,ro,102942,102999,"ok"
843,4,0,read,ro,102446,103006,"ok"
844,4,0,read,ro,103007,103144,"ok"
845,4,0,read,ro,103145,103205,"ok"
846,0,0,read,ro,102999,103244,"ok"
847,0,0,read,ro,103245,103334,"ok"
848,0,0,read,ro,103334,103400,"ok"
849,4,0,read,ro,103206,103445,"ok"
850,4,0,read,ro,103445,103522,"ok"
851,4,0,read,ro,103523,103581,"ok"
852,0,0,read,ro,103400,103592,"ok"
853,0,0,read,ro,103593,103682,"ok"
854,0,0,read,ro,103682,103741,"ok"
855,4,0,read,ro,103581,103774,"ok"
856,4,0,read,ro,103777,103858,"ok"
857,4,0,read,ro,103858,103914,"ok"
858,0,0,read,ro,103741,103915,"ok"
859,0,0,read,ro,103915,103998,"ok"
860,0,0,read,ro,103998,104070,"ok"
861,4,0,read,ro,103914,104127,"ok"
862,4,0,read,ro,104127,104202,"ok"
863,0,0,read,ro,104070,104243,"ok"
864,4,0,read,ro,104202,104256,"ok"
865,0,0,read,ro,104243,104324,"ok"
866,0,0,read,ro,104324,104399,"ok"
867,4,0,read,ro,104256,104454,"ok"
868,4,0,read,ro,104454,104525,"ok"
869,0,0,read,ro,104399,104569,"ok"
870,4,0,read,ro,104525,104579,"ok"
871,0,0,read,ro,104570,104647,"ok"
872,0,0,read,ro,104647,104715,"ok"
873,4,0,read,ro,104579,104769,"ok"
874,4,0,read,ro,104770,104843,"ok"
875,0,0,read,ro,104716,104882,"ok"
876,4,0,read,ro,104843,104898,"ok"
877,0,0,read,ro,104882,104961,"ok"
878,0,0,read,ro,104962,105045,"ok"
879,4,0,read,ro,104898,105129,"ok"
880,4,0,read,ro,105129,105204,"ok"
881,0,0,read,ro,105045,105222,"ok"
882,4,0,read,ro,105204,105261,"ok"
883,0,0,read,ro,105222,105301,"ok"
884,0,0,read,ro,105301,105376,"ok"
885,4,0,read,ro,105261,105464,"ok"
886,4,0,read,ro,105464,105540,"ok"
887,0,0,read,ro,105376,105554,"ok"
888,4,0,read,ro,105540,105600,"ok"
889,0,0,read,ro,105558,105638,"ok"
890,0,0,read,ro,105638,105709,"ok"
891,4,0,read,ro,105601,105793,"ok"
892,4,0,read,ro,105794,105865,"ok"
893,0,0,read,ro,105709,105885,"ok"
894,4,0,read,ro,105865,105921,"ok"
895,0,0,read,ro,105885,105962,"ok"
896,0,0,read,ro,105962,106054,"ok"
897,4,0,read,ro,105921,106142,"ok"
898,4,0,read,ro,106142,106217,"ok"
899,0,0,read,ro,106054,106230,"ok"
900,4,0,read,ro,106217,106272,"ok"
901,0,0,read,ro,106230,106356,"ok"
902,0,0,read,ro,106357,106424,"ok"
903,4,0,read,ro,106272,106489,"ok"
904,4,0,read,ro,106489,106567,"ok"
905,0,0,read,ro,106425,106596,"ok"
906,4,0,read,ro,106567,106619,"ok"
907,0,0,read,ro,106596,106673,"ok"
908,0,0,read,ro,106673,106743,"ok"
909,4,0,read,ro,106620,106809,"ok"
910,4,0,read,ro,106810,106880,"ok"
911,0,0,read,ro,106743,106911,"ok"
912,4,0,read,ro,106880,106936,"ok"
913,0,0,read,ro,106912,106988,"ok"
914,0,0,read,ro,106988,107077,"ok"
915,4,0,read,ro,106936,107149,"ok"
916,4,0,read,ro,107149,107224,"ok"
917,0,0,read,ro,107078,107247,"ok"
918,4,0,read,ro,107224,107279,"ok"
919,0,0,read,ro,107248,107325,"ok"
920,0,0,read,ro,107327,107404,"ok"
921,4,0,read,ro,107280,107475,"ok"
922,4,0,read,ro,107476,107552,"ok"
923,0,0,read,ro,107405,107579,"ok"
924,4,0,read,ro,107552,107604,"ok"
925,0,0,read,ro,107579,107658,"ok"
926,0,0,read,ro,107658,107728,"ok"
927,4,0,read,ro,107604,107793,"ok"
928,4,0,read,ro,107793,107863,"ok"
929,0,0,read,ro,107728,107898,"ok"
930,4,0,read,ro,107863,107915,"ok"
931,0,0,read,ro,107898,107978,"ok"
932,0,0,read,ro,107978,108066,"ok"
933,4,0,read,ro,107916,108126,"ok"
934,4,0,read,ro,108126,108216,"ok"
935,0,0,read,ro,108067,108241,"ok"
936,4,0,read,ro,108216,108271,"ok"
937,0,0,read,ro,108241,108321,"ok"
938,0,0,read,ro,108321,108395,"ok"
939,4,0,read,ro,108271,108475,"ok"
940,4,0,read,ro,108475,108548,"ok"
941,0,0,read,ro,108395,108564,"ok"
942,4,0,read,ro,108548,108606,"ok"
943,0,0,read,ro,108565,108642,"ok"
944,0,0,read,ro,108642,108715,"ok"
945,4,0,read,ro,108606,108796,"ok"
946,4,0,read,ro,108797,108868,"ok"
947,0,0,read,ro,108715,108882,"ok"
948,4,0,read,ro,108868,108923,"ok"
949,0,0,read,ro,108882,108960,"ok"
950,0,0,read,ro,108960,109052,"ok"
951,4,0,read,ro,108924,109131,"ok"
952,4,0,read,ro,109134,109207,"ok"
953,0,0,read,ro,109052,109225,"ok"
954,4,0,read,ro,109207,109259,"ok"
955,0,0,read,ro,109226,109304,"ok"
956,0,0,read,ro,109304,109374,"ok"
957,4,0,read,ro,109259,109453,"ok"
958,4,0,read,ro,109454,109542,"ok"
959,0,0,read,ro,109375,109549,"ok"
960,4,0,read,ro,109542,109618,"ok"
961,0,0,read,ro,109549,109629,"ok"
962,0,0,read,ro,109629,109706,"ok"
963,4,0,read,ro,109618,109854,"ok"
964,0,0,read,ro,109706,109877,"ok"
965,4,0,read,ro,109854,109935,"ok"
966,0,0,read,ro,109878,109955,"ok"
967,4,0,read,ro,109936,110036,"ok"
968,0,0,read,ro,109955,110048,"ok"
969,4,0,read,ro,110036,110279,"ok"
970,4,0,read,ro,110279,110352,"ok"
971,4,0,read,ro,110353,110414,"ok"
972,4,0,read,ro,110414,110613,"ok"
973,1,0,read,ro,110328,110636,"ok"
974,4,0,read,ro,110613,110670,"ok"
975,1,0,read,ro,110637,110726,"ok"
976,4,0,read,ro,110670,110745,"ok"
977,1,0,read,ro,110726,110810,"ok"
978,4,0,read,ro,110745,110952,"ok"
979,1,0,read,ro,110811,111033,"ok"
980,4,0,read,ro,110953,111046,"ok"
981,1,0,read,ro,111034,111126,"ok"
982,4,0,read,ro,111046,111141,"ok"
983,1,0,read,ro,111126,111203,"ok"
984,4,0,read,ro,111141,111366,"ok"
985,1,0,read,ro,111205,111405,"ok"
986,4,0,read,ro,111366,111444,"ok"
987,1,0,read,ro,111405,111482,"ok"
988,4,0,read,ro,111444,111519,"ok"
989,1,0,read,ro,111483,111556,"ok"
990,4,0,read,ro,111520,111717,"ok"
991,1,0,read,ro,111557,111764,"ok"
992,4,0,read,ro,111717,111813,"ok"
993,1,0,read,ro,111764,111842,"ok"
994,4,0,read,ro,111814,111885,"ok"
995,1,0,read,ro,111843,111914,"ok"
996,1,0,read,ro,111915,112125,"ok"
997,4,0,read,ro,111885,112139,"ok"
998,1,0,read,ro,112125,112187,"ok"
999,4,0,read,ro,112139,112224,"ok"
1000,1,0,read,ro,112188,112261,"ok"
1001,4,0,read,ro,112224,112298,"ok"
1002,1,0,read,ro,112261,112457,"ok"
1003,4,0,read,ro,112299,112498,"ok"
1004,1,0,read,ro,112457,112530,"ok"
1005,4,0,read,ro,112498,112575,"ok"
1006,1,0,read,ro,112531,112604,"ok"
1007,4,0,read,ro,112575,112648,"ok"
1008,1,0,read,ro,112605,112795,"ok"
1009,4,0,read,ro,112649,112858,"ok"
1010,1,0,read,ro,112796,112870,"ok"
1011,4,0,read,ro,112858,112937,"ok"
1012,1,0,read,ro,112870,112949,"ok"
1013,4,0,read,ro,112937,113036,"ok"
1014,1,0,read,ro,112949,113167,"ok"
1015,4,0,read,ro,113036,113245,"ok"
1016,1,0,read,ro,113168,113245,"ok"
1017,1,0,read,ro,113246,113310,"ok"
1018,4,0,read,ro,113246,113338,"ok"
1019,4,0,read,ro,113339,113428,"ok"
1020,1,0,read,ro,113310,113501,"ok"
1021,1,0,read,ro,113502,113575,"ok"
1022,4,0,read,ro,113428,113603,"ok"
1023,1,0,read,ro,113576,113629,"ok"
1024,4,0,read,ro,113603,113678,"ok"
1025,4,0,read,ro,113691,113759,"ok"
1026,1,0,read,ro,113630,113824,"ok"
1027,1,0,read,ro,113825,113898,"ok"
1028,4,0,read,ro,113760,113929,"ok"
1029,1,0,read,ro,113898,113950,"ok"
1030,4,0,read,ro,113929,114029,"ok"
1031,4,0,read,ro,114030,114100,"ok"
1032,1,0,read,ro,113950,114164,"ok"
1033,1,0,read,ro,114164,114238,"ok"
1034,4,0,read,ro,114100,114272,"ok"
1035,3,0,read,ro,114350,114635,"ok"
1036,7,0,read,ro,114333,114653,"ok"
1037,3,0,read,ro,114636,114700,"ok"
1038,7,0,read,ro,114654,114734,"ok"
1039,3,0,read,ro,114700,114772,"ok"
1040,7,0,read,ro,114734,114811,"ok"
1041,3,0,read,ro,114772,114961,"ok"
1042,7,0,read,ro,114812,115008,"ok"
1043,3,0,read,ro,114961,115054,"ok"
1044,7,0,read,ro,115008,115108,"ok"
1045,3,0,read,ro,115054,115128,"ok"
1046,7,0,read,ro,115108,115191,"ok"
1047,3,0,read,ro,115129,115324,"ok"
1048,7,0,read,ro,115192,115393,"ok"
1049,3,0,read,ro,115327,115409,"ok"
1050,7,0,read,ro,115394,115474,"ok"
1051,3,0,read,ro,115410,115499,"ok"
1052,7,0,read,ro,115474,115549,"ok"
1053,7,0,read,ro,115549,115746,"ok"
1054,3,0,read,ro,115499,115749,"ok"
1055,7,0,read,ro,115746,115813,"ok"
1056,3,0,read,ro,115749,115849,"ok"
1057,7,0,read,ro,115813,115889,"ok"
1058,3,0,read,ro,115849,115934,"ok"
1059,7,0,read,ro,115890,116096,"ok"
1060,3,0,read,ro,115935,116157,"ok"
1061,7,0,read,ro,116096,116170,"ok"
1062,3,0,read,ro,116157,116244,"ok"
1063,7,0,read,ro,116170,116258,"ok"
1064,3,0,read,ro,116244,116323,"ok"
1065,7,0,read,ro,116258,116465,"ok"
1066,3,0,read,ro,116323,116521,"ok"
1067,7,0,read,ro,116465,116539,"ok"
1068,3,0,read,ro,116521,116599,"ok"
1069,7,0,read,ro,116539,116616,"ok"
1070,3,0,read,ro,116600,116673,"ok"
1071,7,0,read,ro,116617,116812,"ok"
1072,3,0,read,ro,116673,116858,"ok"
1073,7,0,read,ro,116813,116887,"ok"
1074,3,0,read,ro,116858,116934,"ok"
1075,7,0,read,ro,116887,116971,"ok"
1076,3,0,read,ro,116935,117006,"ok"
1077,7,0,read,ro,116971,117179,"ok"
1078,3,0,read,ro,117006,117213,"ok"
1079,7,0,read,ro,117180,117254,"ok"
1080,3,0,read,ro,117213,117285,"ok"
1081,7,0,read,ro,117256,117334,"ok"
1082,3,0,read,ro,117285,117359,"ok"
1083,7,0,read,ro,117334,117527,"ok"
1084,3,0,read,ro,117359,117556,"ok"
1085,7,0,read,ro,117527,117601,"ok"
1086,3,0,read,ro,117556,117631,"ok"
1087,7,0,read,ro,117602,117677,"ok"
1088,3,0,read,ro,117632,117704,"ok"
1089,7,0,read,ro,117677,117865,"ok"
1090,3,0,read,ro,117704,117897,"ok"
1091,7,0,read,ro,117865,117936,"ok"
1092,3,0,read,ro,117897,117976,"ok"
1093,7,0,read,ro,117936,118028,"ok"
1094,3,0,read,ro,117976,118067,"ok"
1095,7,0,read,ro,118028,118221,"ok"
1096,7,0,read,ro,118221,118326,"ok"
1097,7,0,read,ro,118326,118411,"ok"
1098,7,0,read,ro,118411,118583,"ok"
1099,7,0,read,ro,118583,118638,"ok"
1100,7,0,read,ro,118638,118690,"ok"
1101,7,0,read,ro,118690,118853,"ok"
1102,6,0,read,ro,118301,118877,"ok"
1103,7,0,read,ro,118853,118907,"ok"
1104,6,0,read,ro,118878,118983,"ok"
1105,7,0,read,ro,118907,118987,"ok"
1106,6,0,read,ro,118983,119091,"ok"
1107,7,0,read,ro,118988,119186,"ok"
1108,7,0,read,ro,119186,119258,"ok"
1109,6,0,read,ro,119091,119304,"ok"
1110,7,0,read,ro,119259,119312,"ok"
1111,6,0,read,ro,119304,119388,"ok"
1112,6,0,read,ro,119390,119469,"ok"
1113,7,0,read,ro,119313,119513,"ok"
1114,7,0,read,ro,119514,119586,"ok"
1115,7,0,read,ro,119586,119640,"ok"
1116,6,0,read,ro,119469,119644,"ok"
1117,6,0,read,ro,119644,119726,"ok"
1118,6,0,read,ro,119726,119780,"ok"
1119,7,0,read,ro,119640,119826,"ok"
1120,7,0,read,ro,119827,119901,"ok"
1121,6,0,read,ro,119780,119954,"ok"
1122,7,0,read,ro,119901,119955,"ok"
1123,6,0,read,ro,119955,120061,"ok"
1124,6,0,read,ro,120061,120119,"ok"
1125,7,0,read,ro,119955,120157,"ok"
1126,7,0,read,ro,120158,120234,"ok"
1127,7,0,read,ro,120234,120288,"ok"
1128,6,0,read,ro,120119,120291,"ok"
1129,6,0,read,ro,120292,120376,"ok"
1130,6,0,read,ro,120376,120437,"ok"
1131,7,0,read,ro,120288,120469,"ok"
1132,7,0,read,ro,120469,120547,"ok"
1133,7,0,read,ro,120547,120601,"ok"
1134,6,0,read,ro,120437,120608,"ok"
1135,6,0,read,ro,120608,120689,"ok"
1136,6,0,read,ro,120689,120744,"ok"
1137,7,0,read,ro,120601,120775,"ok"
1138,7,0,read,ro,120775,120850,"ok"
1139,7,0,read,ro,120850,120903,"ok"
1140,6,0,read,ro,120744,120921,"ok"
1141,6,0,read,ro,120921,120998,"ok"
1142,6,0,read,ro,120998,121073,"ok"
1143,7,0,read,ro,120904,121097,"ok"
1144,7,0,read,ro,121099,121175,"ok"
1145,7,0,read,ro,121175,121229,"ok"
1146,6,0,read,ro,121073,121249,"ok"
1147,6,0,read,ro,121249,121326,"ok"
1148,6,0,read,ro,121326,121380,"ok"
1149,7,0,read,ro,121230,121411,"ok"
1150,7,0,read,ro,121411,121488,"ok"
1151,7,0,read,ro,121488,121541,"ok"
1152,6,0,read,ro,121381,121556,"ok"
1153,6,0,read,ro,121556,121633,"ok"
1154,6,0,read,ro,121633,121687,"ok"
1155,7,0,read,ro,121541,121712,"ok"
1156,7,0,read,ro,121713,121801,"ok"
1157,7,0,read,ro,121801,121855,"ok"
1158,6,0,read,ro,121687,121869,"ok"
1159,6,0,read,ro,121869,121948,"ok"
1160,6,0,read,ro,121948,122004,"ok"
1161,7,0,read,ro,121855,122052,"ok"
1162,7,0,read,ro,122052,122129,"ok"
1163,7,0,read,ro,122129,122182,"ok"
1164,6,0,read,ro,122004,122197,"ok"
1165,1,0,read,ro,114238,122353,"ok"
1166,1,0,read,ro,122353,122583,"ok"
1167,1,0,read,ro,122583,122642,"ok"
1168,1,0,read,ro,122642,122695,"ok"
1169,5,0,read,ro,122317,122779,"ok"
1170,5,0,read,ro,122779,122858,"ok"
1171,1,0,read,ro,122695,122870,"ok"
1172,5,0,read,ro,122858,122919,"ok"
1173,1,0,read,ro,122870,122960,"ok"
1174,1,0,read,ro,122960,123067,"ok"
1175,5,0,read,ro,122920,123144,"ok"
1176,5,0,read,ro,123146,123222,"ok"
1177,1,0,read,ro,123067,123256,"ok"
1178,5,0,read,ro,123222,123277,"ok"
1179,1,0,read,ro,123257,123346,"ok"
1180,1,0,read,ro,123346,123428,"ok"
1181,5,0,read,ro,123277,123488,"ok"
1182,5,0,read,ro,123488,123562,"ok"
1183,1,0,read,ro,123428,123608,"ok"
1184,5,0,read,ro,123562,123617,"ok"
1185,1,0,read,ro,123608,123698,"ok"
1186,1,0,read,ro,123698,123770,"ok"
1187,5,0,read,ro,123618,123827,"ok"
1188,5,0,read,ro,123827,123902,"ok"
1189,1,0,read,ro,123770,123947,"ok"
1190,5,0,read,ro,123902,123956,"ok"
1191,1,0,read,ro,123947,124044,"ok"
1192,1,0,read,ro,124044,124115,"ok"
1193,5,0,read,ro,123957,124179,"ok"
1194,5,0,read,ro,124179,124263,"ok"
1195,1,0,read,ro,124115,124289,"ok"
1196,5,0,read,ro,124263,124327,"ok"
1197,1,0,read,ro,124289,124364,"ok"
1198,1,0,read,ro,124364,124443,"ok"
1199,5,0,read,ro,124328,124524,"ok"
1200,5,0,read,ro,124524,124599,"ok"
1201,1,0,read,ro,124443,124620,"ok"
1202,5,0,read,ro,124599,124653,"ok"
1203,1,0,read,ro,124620,124700,"ok"
1204,1,0,read,ro,124700,124773,"ok"
1205,5,0,read,ro,124653,124840,"ok"
1206,5,0,read,ro,124841,124915,"ok"
1207,1,0,read,ro,124773,124944,"ok"
1208,5,0,read,ro,124915,124969,"ok"
1209,1,0,read,ro,124946,125042,"ok"
1210,1,0,read,ro,125042,125113,"ok"
1211,5,0,read,ro,124969,125183,"ok"
1212,5,0,read,ro,125183,125258,"ok"
1213,1,0,read,ro,125113,125286,"ok"
1214,5,0,read,ro,125259,125313,"ok"
1215,1,0,read,ro,125286,125364,"ok"
1216,1,0,read,ro,125365,125441,"ok"
1217,5,0,read,ro,125313,125528,"ok"
1218,5,0,read,ro,125529,125602,"ok"
1219,1,0,read,ro,125441,125611,"ok"
1220,5,0,read,ro,125602,125661,"ok"
1221,1,0,read,ro,125612,125690,"ok"
1222,1,0,read,ro,125690,125764,"ok"
1223,5,0,read,ro,125661,125854,"ok"
1224,5,0,read,ro,125855,125928,"ok"
1225,1,0,read,ro,125764,125935,"ok"
1226,5,0,read,ro,125928,125988,"ok"
1227,1,0,read,ro,125935,126032,"ok"
1228,1,0,read,ro,126032,126110,"ok"
1229,5,0,read,ro,125988,126206,"ok"
1230,1,0,read,ro,126110,126312,"ok"
1231,1,0,read,ro,126312,126398,"ok"
1232,1,0,read,ro,126398,126468,"ok"
1233,2,0,read,ro,126301,126612,"ok"
1234,1,0,read,ro,126468,126642,"ok"
1235,2,0,read,ro,126612,126688,"ok"
1236,1,0,read,ro,126642,126719,"ok"
1237,2,0,read,ro,126688,126779,"ok"
1238,1,0,read,ro,126719,126794,"ok"
1239,1,0,read,ro,126794,126984,"ok"
1240,2,0,read,ro,126779,127044,"ok"
1241,1,0,read,ro,126986,127066,"ok"
1242,2,0,read,ro,127044,127124,"ok"
1243,1,0,read,ro,127066,127152,"ok"
1244,2,0,read,ro,127124,127200,"ok"
1245,1,0,read,ro,127152,127365,"ok"
1246,2,0,read,ro,127200,127403,"ok"
1247,1,0,read,ro,127366,127459,"ok"
1248,2,0,read,ro,127404,127487,"ok"
1249,1,0,read,ro,127459,127544,"ok"
1250,2,0,read,ro,127488,127563,"ok"
1251,1,0,read,ro,127544,127752,"ok"
1252,2,0,read,ro,127564,127766,"ok"
1253,1,0,read,ro,127753,127840,"ok"
1254,2,0,read,ro,127767,127848,"ok"
1255,1,0,read,ro,127840,127926,"ok"
1256,2,0,read,ro,127849,127935,"ok"
1257,1,0,read,ro,127926,128152,"ok"
1258,2,0,read,ro,127935,128160,"ok"
1259,1,0,read,ro,128152,128231,"ok"
1260,2,0,read,ro,128160,128240,"ok"
1261,1,0,read,ro,128232,128308,"ok"
1262,2,0,read,ro,128241,128316,"ok"
1263,1,0,read,ro,128309,128504,"ok"
1264,2,0,read,ro,128316,128523,"ok"
1265,1,0,read,ro,128505,128580,"ok"
1266,2,0,read,ro,128524,128603,"ok"
1267,1,0,read,ro,128581,128654,"ok"
1268,2,0,read,ro,128603,128676,"ok"
1269,1,0,read,ro,128654,128845,"ok"
1270,2,0,read,ro,128677,128867,"ok"
1271,1,0,read,ro,128845,128920,"ok"
1272,2,0,read,ro,128868,128946,"ok"
1273,1,0,read,ro,128922,128997,"ok"
1274,2,0,read,ro,128947,129039,"ok"
1275,1,0,read,ro,128997,129207,"ok"
1276,2,0,read,ro,129039,129233,"ok"
1277,1,0,read,ro,129208,129284,"ok"
1278,2,0,read,ro,129234,129312,"ok"
1279,1,0,read,ro,129284,129357,"ok"
1280,2,0,read,ro,129312,129389,"ok"
1281,1,0,read,ro,129357,129557,"ok"
1282,2,0,read,ro,129389,129583,"ok"
1283,1,0,read,ro,129557,129631,"ok"
1284,2,0,read,ro,129583,129659,"ok"
1285,1,0,read,ro,129631,129705,"ok"
1286,2,0,read,ro,129660,129734,"ok"
1287,1,0,read,ro,129706,129896,"ok"
1288,2,0,read,ro,129734,129919,"ok"
1289,1,0,read,ro,129896,129972,"ok"
1290,2,0,read,ro,129920,129996,"ok"
1291,1,0,read,ro,129973,130064,"ok"
1292,2,0,read,ro,129997,130091,"ok"
1293,1,0,read,ro,130064,130257,"ok"
1294,0,0,read,ro,110049,130304,"ok"
1295,3,0,read,ro,118067,130321,"ok"
1296,0,0,read,ro,130304,130412,"ok"
1297,3,0,read,ro,130322,130421,"ok"
1298,3,0,read,ro,130421,130498,"ok"
1299,0,0,read,ro,130412,130513,"ok"
1300,3,0,read,ro,130498,130717,"ok"
1301,3,0,read,ro,130718,130786,"ok"
1302,0,0,read,ro,130513,130812,"ok"
1303,3,0,read,ro,130787,130838,"ok"
1304,0,0,read,ro,130813,130892,"ok"
1305,0,0,read,ro,130892,130966,"ok"
1306,3,0,read,ro,130845,131070,"ok"
1307,3,0,read,ro,131070,131155,"ok"
1308,0,0,read,ro,130966,131167,"ok"
1309,3,0,read,ro,131156,131215,"ok"
1310,0,0,read,ro,131168,131248,"ok"
1311,0,0,read,ro,131248,131322,"ok"
1312,3,0,read,ro,131215,131411,"ok"
1313,3,0,read,ro,131411,131490,"ok"
1314,0,0,read,ro,131322,131509,"ok"
1315,3,0,read,ro,131490,131544,"ok"
1316,0,0,read,ro,131509,131594,"ok"
1317,0,0,read,ro,131595,131667,"ok"
1318,3,0,read,ro,131544,131765,"ok"
1319,3,0,read,ro,131765,131841,"ok"
1320,0,0,read,ro,131668,131871,"ok"
1321,3,0,read,ro,131841,131900,"ok"
1322,0,0,read,ro,131871,131963,"ok"
1323,0,0,read,ro,131963,132060,"ok"
1324,3,0,read,ro,131900,132125,"ok"
1325,3,0,read,ro,132125,132209,"ok"
1326,0,0,read,ro,132060,132242,"ok"
1327,3,0,read,ro,132210,132262,"ok"
1328,0,0,read,ro,132242,132323,"ok"
1329,0,0,read,ro,132324,132400,"ok"
1330,3,0,read,ro,132263,132465,"ok"
1331,3,0,read,ro,132465,132539,"ok"
1332,0,0,read,ro,132400,132573,"ok"
1333,3,0,read,ro,132539,132591,"ok"
1334,0,0,read,ro,132573,132656,"ok"
1335,0,0,read,ro,132656,132727,"ok"
1336,3,0,read,ro,132592,132786,"ok"
1337,3,0,read,ro,132786,132857,"ok"
1338,0,0,read,ro,132732,132904,"ok"
1339,3,0,read,ro,132857,132910,"ok"
1340,0,0,read,ro,132904,132988,"ok"
1341,0,0,read,ro,132988,133076,"ok"
1342,3,0,read,ro,132910,133128,"ok"
1343,3,0,read,ro,133129,133204,"ok"
1344,3,0,read,ro,133204,133257,"ok"
1345,0,0,read,ro,133076,133260,"ok"
1346,0,0,read,ro,133260,133340,"ok"
1347,0,0,read,ro,133340,133399,"ok"
1348,3,0,read,ro,133257,133434,"ok"
1349,3,0,read,ro,133434,133513,"ok"
1350,3,0,read,ro,133513,133570,"ok"
1351,0,0,read,ro,133399,133572,"ok"
1352,0,0,read,ro,133573,133655,"ok"
1353,0,0,read,ro,133655,133707,"ok"
1354,3,0,read,ro,133570,133753,"ok"
1355,3,0,read,ro,133754,133828,"ok"
1356,0,0,read,ro,133707,133878,"ok"
1357,3,0,read,ro,133828,133881,"ok"
1358,0,0,read,ro,133878,133965,"ok"
1359,0,0,read,ro,133965,134038,"ok"
1360,3,0,read,ro,133882,134128,"ok"
1361,3,0,read,ro,134128,134205,"ok"
1362,0,0,read,ro,134038,134217,"ok"
1363,3,0,read,ro,134205,134261,"ok"
1364,0,0,read,ro,134217,134328,"ok"
1365,5,0,read,ro,126206,134329,"ok"
1366,0,0,read,ro,134328,134398,"ok"
1367,5,0,read,ro,134329,134420,"ok"
1368,0,0,read,ro,134398,134594,"ok"
1369,5,0,read,ro,134423,134655,"ok"
1370,0,0,read,ro,134594,134666,"ok"
1371,5,0,read,ro,134655,134745,"ok"
1372,0,0,read,ro,134666,134745,"ok"
1373,5,0,read,ro,134745,134841,"ok"
1374,0,0,read,ro,134746,134926,"ok"
1375,0,0,read,ro,134926,134998,"ok"
1376,5,0,read,ro,134842,135071,"ok"
1377,0,0,read,ro,134999,135071,"ok"
1378,5,0,read,ro,135071,135160,"ok"
1379,5,0,read,ro,135161,135219,"ok"
1380,0,0,read,ro,135071,135262,"ok"
1381,0,0,read,ro,135262,135341,"ok"
1382,0,0,read,ro,135341,135400,"ok"
1383,5,0,read,ro,135219,135404,"ok"
1384,5,0,read,ro,135404,135491,"ok"
1385,5,0,read,ro,135491,135547,"ok"
1386,0,0,read,ro,135400,135574,"ok"
1387,0,0,read,ro,135575,135650,"ok"
1388,0,0,read,ro,135650,135704,"ok"
1389,5,0,read,ro,135547,135720,"ok"
1390,5,0,read,ro,135720,135797,"ok"
1391,5,0,read,ro,135797,135852,"ok"
1392,0,0,read,ro,135705,135878,"ok"
1393,0,0,read,ro,135879,135955,"ok"
1394,0,0,read,ro,135955,136025,"ok"
1395,5,0,read,ro,135852,136041,"ok"
1396,5,0,read,ro,136041,136119,"ok"
1397,5,0,read,ro,136119,136172,"ok"
1398,0,0,read,ro,136025,136201,"ok"
1399,0,0,read,ro,136201,136277,"ok"
1400,0,0,read,ro,136280,136333,"ok"
1401,5,0,read,ro,136172,136345,"ok"
1402,5,0,read,ro,136345,136423,"ok"
1403,5,0,read,ro,136423,136485,"ok"
1404,7,0,read,ro,122183,136553,"ok"
1405,7,0,read,ro,136553,136631,"ok"
1406,5,0,read,ro,136485,136670,"ok"
1407,7,0,read,ro,136631,136685,"ok"
1408,5,0,read,ro,136670,136753,"ok"
1409,5,0,read,ro,136754,136823,"ok"
1410,7,0,read,ro,136685,136892,"ok"
1411,7,0,read,ro,136892,136964,"ok"
1412,5,0,read,ro,136823,136998,"ok"
1413,7,0,read,ro,136964,137046,"ok"
1414,5,0,read,ro,136999,137097,"ok"
1415,5,0,read,ro,137097,137179,"ok"
1416,7,0,read,ro,137046,137244,"ok"
1417,7,0,read,ro,137244,137318,"ok"
1418,5,0,read,ro,137179,137359,"ok"
1419,7,0,read,ro,137318,137368,"ok"
1420,5,0,read,ro,137359,137455,"ok"
1421,5,0,read,ro,137456,137532,"ok"
1422,7,0,read,ro,137369,137585,"ok"
1423,7,0,read,ro,137585,137656,"ok"
1424,7,0,read,ro,137656,137709,"ok"
1425,5,0,read,ro,137532,137713,"ok"
1426,5,0,read,ro,137713,137805,"ok"
1427,5,0,read,ro,137806,137862,"ok"
1428,7,0,read,ro,137709,137889,"ok"
1429,7,0,read,ro,137889,137964,"ok"
1430,7,0,read,ro,137964,138042,"ok"
1431,5,0,read,ro,137863,138064,"ok"
1432,5,0,read,ro,138098,138183,"ok"
1433,7,0,read,ro,138042,138219,"ok"
1434,5,0,read,ro,138183,138236,"ok"
1435,2,0,read,ro,130091,138346,"ok"
1436,1,0,read,ro,130258,138390,"ok"
1437,2,0,read,ro,138346,138438,"ok"
1438,1,0,read,ro,138390,138466,"ok"
1439,2,0,read,ro,138438,138515,"ok"
1440,1,0,read,ro,138467,138702,"ok"
1441,2,0,read,ro,138515,138729,"ok"
1442,1,0,read,ro,138702,138777,"ok"
1443,2,0,read,ro,138730,138807,"ok"
1444,1,0,read,ro,138777,138850,"ok"
1445,2,0,read,ro,138808,138881,"ok"
1446,1,0,read,ro,138850,139063,"ok"
1447,2,0,read,ro,138881,139088,"ok"
1448,1,0,read,ro,139064,139141,"ok"
1449,2,0,read,ro,139088,139170,"ok"
1450,1,0,read,ro,139141,139214,"ok"
1451,2,0,read,ro,139170,139248,"ok"
1452,1,0,read,ro,139214,139410,"ok"
1453,2,0,read,ro,139248,139440,"ok"
1454,1,0,read,ro,139410,139487,"ok"
1455,2,0,read,ro,139441,139517,"ok"
1456,1,0,read,ro,139487,139560,"ok"
1457,2,0,read,ro,139518,139591,"ok"
1458,1,0,read,ro,139560,139749,"ok"
1459,2,0,read,ro,139591,139780,"ok"
1460,1,0,read,ro,139749,139822,"ok"
1461,2,0,read,ro,139781,139858,"ok"
1462,1,0,read,ro,139822,139895,"ok"
1463,2,0,read,ro,139858,139932,"ok"
1464,1,0,read,ro,139895,140102,"ok"
1465,2,0,read,ro,139935,140149,"ok"
1466,1,0,read,ro,140103,140175,"ok"
1467,2,0,read,ro,140149,140225,"ok"
1468,1,0,read,ro,140176,140250,"ok"
1469,2,0,read,ro,140225,140296,"ok"
1470,1,0,read,ro,140250,140445,"ok"
1471,2,0,read,ro,140296,140479,"ok"
1472,1,0,read,ro,140445,140518,"ok"
1473,2,0,read,ro,140479,140555,"ok"
1474,1,0,read,ro,140518,140588,"ok"
1475,2,0,read,ro,140555,140624,"ok"
1476,7,0,read,ro,138219,140671,"ok"
1477,7,0,read,ro,140672,140743,"ok"
1478,2,0,read,ro,140624,140808,"ok"
1479,2,0,read,ro,140808,140886,"ok"
1480,7,0,read,ro,140743,140926,"ok"
1481,2,0,read,ro,140886,140938,"ok"
1482,7,0,read,ro,140926,141006,"ok"
1483,7,0,read,ro,141007,141097,"ok"
1484,2,0,read,ro,140939,141147,"ok"
1485,2,0,read,ro,141147,141220,"ok"
1486,2,0,read,ro,141220,141271,"ok"
1487,7,0,read,ro,141097,141276,"ok"
1488,7,0,read,ro,141276,141357,"ok"
1489,7,0,read,ro,141357,141415,"ok"
1490,2,0,read,ro,141271,141461,"ok"
1491,2,0,read,ro,141461,141536,"ok"
1492,7,0,read,ro,141415,141584,"ok"
1493,2,0,read,ro,141536,141587,"ok"
1494,7,0,read,ro,141585,141667,"ok"
1495,7,0,read,ro,141668,141721,"ok"
1496,2,0,read,ro,141587,141768,"ok"
1497,2,0,read,ro,141768,141842,"ok"
1498,2,0,read,ro,141842,141893,"ok"
1499,7,0,read,ro,141723,141901,"ok"
1500,7,0,read,ro,141902,141983,"ok"
1501,7,0,read,ro,141983,142058,"ok"
1502,2,0,read,ro,141893,142085,"ok"
1503,2,0,read,ro,142085,142162,"ok"
1504,2,0,read,ro,142162,142215,"ok"
1505,7,0,read,ro,142058,142232,"ok"
1506,6,0,read,ro,122198,142327,"ok"
1507,7,0,read,ro,142232,142337,"ok"
1508,6,0,read,ro,142328,142414,"ok"
1509,7,0,read,ro,142338,142421,"ok"
1510,7,0,read,ro,142421,142622,"ok"
1511,6,0,read,ro,142414,142670,"ok"
1512,7,0,read,ro,142622,142681,"ok"
1513,6,0,read,ro,142670,142752,"ok"
1514,7,0,read,ro,142682,142760,"ok"
1515,6,0,read,ro,142752,142829,"ok"
1516,7,0,read,ro,142760,142951,"ok"
1517,7,0,read,ro,142951,143037,"ok"
1518,6,0,read,ro,142830,143044,"ok"
1519,7,0,read,ro,143037,143098,"ok"
1520,6,0,read,ro,143044,143123,"ok"
1521,6,0,read,ro,143123,143198,"ok"
1522,7,0,read,ro,143098,143299,"ok"
1523,6,0,read,ro,143198,143362,"ok"
1524,7,0,read,ro,143299,143370,"ok"
1525,6,0,read,ro,143362,143443,"ok"
1526,7,0,read,ro,143371,143453,"ok"
1527,6,0,read,ro,143444,143519,"ok"
1528,7,0,read,ro,143454,143646,"ok"
1529,7,0,read,ro,143646,143716,"ok"
1530,6,0,read,ro,143520,143721,"ok"
1531,7,0,read,ro,143716,143778,"ok"
1532,6,0,read,ro,143721,143804,"ok"
1533,6,0,read,ro,143805,143885,"ok"
1534,7,0,read,ro,143778,143983,"ok"
1535,6,0,read,ro,143885,144079,"ok"
1536,7,0,read,ro,143983,144086,"ok"
1537,6,0,read,ro,144080,144161,"ok"
1538,7,0,read,ro,144086,144174,"ok"
1539,6,0,read,ro,144161,144234,"ok"
1540,7,0,read,ro,144174,144399,"ok"
1541,6,0,read,ro,144234,144443,"ok"
1542,7,0,read,ro,144400,144487,"ok"
1543,6,0,read,ro,144444,144519,"ok"
1544,7,0,read,ro,144487,144572,"ok"
1545,6,0,read,ro,144520,144593,"ok"
1546,4,0,read,ro,114272,144697,"ok"
1547,4,0,read,ro,144697,144762,"ok"
1548,6,0,read,ro,144594,144767,"ok"
1549,6,0,read,ro,144767,144852,"ok"
1550,6,0,read,ro,144852,144905,"ok"
1551,4,0,read,ro,144762,145001,"ok"
1552,4,0,read,ro,145002,145099,"ok"
1553,6,0,read,ro,144905,145103,"ok"
1554,4,0,read,ro,145099,145157,"ok"
1555,6,0,read,ro,145103,145183,"ok"
1556,6,0,read,ro,145184,145256,"ok"
1557,4,0,read,ro,145157,145361,"ok"
1558,6,0,read,ro,145256,145429,"ok"
1559,4,0,read,ro,145362,145438,"ok"
1560,6,0,read,ro,145429,145520,"ok"
1561,4,0,read,ro,145440,145523,"ok"
1562,6,0,read,ro,145520,145609,"ok"
1563,4,0,read,ro,145523,145729,"ok"
1564,4,0,read,ro,145729,145799,"ok"
1565,6,0,read,ro,145609,145802,"ok"
1566,4,0,read,ro,145799,145857,"ok"
1567,6,0,read,ro,145802,145888,"ok"
1568,6,0,read,ro,145889,145974,"ok"
1569,4,0,read,ro,145857,146066,"ok"
1570,4,0,read,ro,146066,146140,"ok"
1571,6,0,read,ro,145974,146179,"ok"
1572,4,0,read,ro,146140,146191,"ok"
1573,5,0,read,ro,138237,146550,"ok"
1574,3,0,read,ro,134262,146568,"ok"
1575,5,0,read,ro,146550,146633,"ok"
1576,3,0,read,ro,146568,146649,"ok"
1577,5,0,read,ro,146633,146710,"ok"
1578,3,0,read,ro,146649,146722,"ok"
1579,5,0,read,ro,146711,146909,"ok"
1580,3,0,read,ro,146723,146912,"ok"
1581,5,0,read,ro,146909,146993,"ok"
1582,3,0,read,ro,146912,146994,"ok"
1583,3,0,read,ro,146994,147083,"ok"
1584,5,0,read,ro,146994,147096,"ok"
1585,3,0,read,ro,147083,147273,"ok"
1586,5,0,read,ro,147096,147297,"ok"
1587,3,0,read,ro,147273,147347,"ok"
1588,5,0,read,ro,147297,147374,"ok"
1589,3,0,read,ro,147348,147424,"ok"
1590,5,0,read,ro,147374,147454,"ok"
1591,3,0,read,ro,147424,147607,"ok"
1592,5,0,read,ro,147454,147642,"ok"
1593,3,0,read,ro,147610,147684,"ok"
1594,5,0,read,ro,147642,147718,"ok"
1595,3,0,read,ro,147684,147754,"ok"
1596,5,0,read,ro,147719,147793,"ok"
1597,3,0,read,ro,147754,147954,"ok"
1598,5,0,read,ro,147793,147980,"ok"
1599,3,0,read,ro,147955,148049,"ok"
1600,5,0,read,ro,147981,148077,"ok"
1601,3,0,read,ro,148049,148123,"ok"
1602,5,0,read,ro,148078,148152,"ok"
1603,3,0,read,ro,148123,148322,"ok"
1604,5,0,read,ro,148152,148344,"ok"
1605,3,0,read,ro,148322,148397,"ok"
1606,5,0,read,ro,148344,148430,"ok"
1607,3,0,read,ro,148397,148474,"ok"
1608,5,0,read,ro,148431,148504,"ok"
1609,3,0,read,ro,148474,148661,"ok"
1610,5,0,read,ro,148504,148697,"ok"
1611,3,0,read,ro,148662,148740,"ok"
1612,5,0,read,ro,148697,148772,"ok"
1613,3,0,read,ro,148740,148809,"ok"
1614,5,0,read,ro,148772,148845,"ok"
1615,3,0,read,ro,148809,149008,"ok"
1616,5,0,read,ro,148845,149062,"ok"
1617,3,0,read,ro,149008,149097,"ok"
1618,5,0,read,ro,149062,149139,"ok"
1619,3,0,read,ro,149098,149175,"ok"
1620,5,0,read,ro,149139,149212,"ok"
1621,3,0,read,ro,149176,149367,"ok"
1622,5,0,read,ro,149212,149405,"ok"
1623,3,0,read,ro,149367,149445,"ok"
1624,5,0,read,ro,149406,149481,"ok"
1625,3,0,read,ro,149447,149518,"ok"
1626,5,0,read,ro,149482,149555,"ok"
1627,3,0,read,ro,149519,149705,"ok"
1628,5,0,read,ro,149555,149743,"ok"
1629,3,0,read,ro,149705,149776,"ok"
1630,5,0,read,ro,149743,149815,"ok"
1631,3,0,read,ro,149777,149849,"ok"
1632,5,0,read,ro,149815,149890,"ok"
1633,3,0,read,ro,149849,150049,"ok"
1634,5,0,read,ro,149890,150093,"ok"
1635,3,0,read,ro,150049,150125,"ok"
1636,5,0,read,ro,150094,150171,"ok"
1637,3,0,read,ro,150125,150197,"ok"
1638,5,0,read,ro,150172,150247,"ok"
1639,3,0,read,ro,150198,150413,"ok"
1640,5,0,read,ro,150247,150472,"ok"
1641,3,0,read,ro,150413,150489,"ok"
1642,5,0,read,ro,150473,150551,"ok"
1643,3,0,read,ro,150490,150565,"ok"
1644,5,0,read,ro,150552,150627,"ok"
1645,3,0,read,ro,150565,150755,"ok"
1646,5,0,read,ro,150628,150814,"ok"
1647,3,0,read,ro,150755,150827,"ok"
1648,5,0,read,ro,150814,150893,"ok"
1649,3,0,read,ro,150827,150902,"ok"
1650,5,0,read,ro,150893,150969,"ok"
1651,3,0,read,ro,150903,151109,"ok"
1652,5,0,read,ro,150969,151174,"ok"
1653,3,0,read,ro,151110,151182,"ok"
1654,5,0,read,ro,151174,151255,"ok"
1655,3,0,read,ro,151182,151259,"ok"
1656,5,0,read,ro,151255,151333,"ok"
1657,3,0,read,ro,151262,151454,"ok"
1658,5,0,read,ro,151333,151523,"ok"
1659,3,0,read,ro,151454,151525,"ok"
1660,3,0,read,ro,151525,151589,"ok"
1661,5,0,read,ro,151523,151605,"ok"
1662,5,0,read,ro,151606,151681,"ok"
1663,3,0,read,ro,151589,151795,"ok"
1664,5,0,read,ro,151682,151863,"ok"
1665,3,0,read,ro,151795,151866,"ok"
1666,3,0,read,ro,151867,151928,"ok"
1667,5,0,read,ro,151864,151946,"ok"
1668,5,0,read,ro,151946,152038,"ok"
1669,3,0,read,ro,151928,152133,"ok"
1670,3,0,read,ro,152133,152206,"ok"
1671,5,0,read,ro,152039,152210,"ok"
1672,3,0,read,ro,152206,152263,"ok"
1673,5,0,read,ro,152210,152291,"ok"
1674,5,0,read,ro,152291,152364,"ok"
1675,3,0,read,ro,152263,152450,"ok"
1676,3,0,read,ro,152450,152523,"ok"
1677,5,0,read,ro,152365,152540,"ok"
1678,3,0,read,ro,152523,152575,"ok"
1679,5,0,read,ro,152541,152615,"ok"
1680,5,0,read,ro,152615,152666,"ok"
1681,2,0,read,ro,142215,152778,"ok"
1682,2,0,read,ro,152778,152853,"ok"
1683,4,0,read,ro,146192,152871,"ok"
1684,2,0,read,ro,152853,152905,"ok"
1685,4,0,read,ro,152871,152952,"ok"
1686,4,0,read,ro,152953,153051,"ok"
1687,2,0,read,ro,152906,153118,"ok"
1688,2,0,read,ro,153122,153194,"ok"
1689,4,0,read,ro,153052,153231,"ok"
1690,2,0,read,ro,153195,153245,"ok"
1691,4,0,read,ro,153231,153310,"ok"
1692,4,0,read,ro,153310,153380,"ok"
1693,2,0,read,ro,153245,153449,"ok"
1694,2,0,read,ro,153449,153523,"ok"
1695,4,0,read,ro,153380,153554,"ok"
1696,2,0,read,ro,153523,153575,"ok"
1697,4,0,read,ro,153555,153635,"ok"
1698,4,0,read,ro,153635,153707,"ok"
1699,6,0,read,ro,146179,153752,"ok"
1700,2,0,read,ro,153576,153769,"ok"
1701,6,0,read,ro,153753,153818,"ok"
1702,2,0,read,ro,153770,153848,"ok"
1703,2,0,read,ro,153848,153919,"ok"
1704,6,0,read,ro,153819,154063,"ok"
1705,2,0,read,ro,153919,154109,"ok"
1706,6,0,read,ro,154063,154138,"ok"
1707,2,0,read,ro,154109,154185,"ok"
1708,6,0,read,ro,154138,154212,"ok"
1709,2,0,read,ro,154186,154256,"ok"
1710,6,0,read,ro,154212,154461,"ok"
1711,2,0,read,ro,154257,154480,"ok"
1712,6,0,read,ro,154461,154541,"ok"
1713,2,0,read,ro,154481,154558,"ok"
1714,6,0,read,ro,154541,154613,"ok"
1715,2,0,read,ro,154558,154632,"ok"
1716,6,0,read,ro,154613,154806,"ok"
1717,2,0,read,ro,154632,154819,"ok"
1718,6,0,read,ro,154806,154883,"ok"
1719,2,0,read,ro,154820,154895,"ok"
1720,6,0,read,ro,154883,154960,"ok"
1721,2,0,read,ro,154897,154972,"ok"
1722,6,0,read,ro,154961,155178,"ok"
1723,2,0,read,ro,154973,155180,"ok"
1724,2,0,read,ro,155181,155264,"ok"
1725,6,0,read,ro,155179,155267,"ok"
1726,2,0,read,ro,155264,155325,"ok"
1727,6,0,read,ro,155267,155343,"ok"
1728,2,0,read,ro,155325,155519,"ok"
1729,6,0,read,ro,155343,155545,"ok"
1730,2,0,read,ro,155519,155595,"ok"
1731,6,0,read,ro,155545,155622,"ok"
1732,2,0,read,ro,155595,155666,"ok"
1733,6,0,read,ro,155622,155695,"ok"
1734,2,0,read,ro,155667,155850,"ok"
1735,6,0,read,ro,155695,155887,"ok"
1736,2,0,read,ro,155851,155923,"ok"
1737,6,0,read,ro,155888,155961,"ok"
1738,2,0,read,ro,155923,155995,"ok"
1739,6,0,read,ro,155961,156053,"ok"
1740,2,0,read,ro,155996,156206,"ok"
1741,6,0,read,ro,156053,156242,"ok"
1742,2,0,read,ro,156206,156279,"ok"
1743,6,0,read,ro,156242,156317,"ok"
1744,2,0,read,ro,156279,156349,"ok"
1745,6,0,read,ro,156317,156392,"ok"
1746,2,0,read,ro,156349,156542,"ok"
1747,6,0,read,ro,156392,156576,"ok"
1748,2,0,read,ro,156542,156614,"ok"
1749,6,0,read,ro,156576,156650,"ok"
1750,2,0,read,ro,156614,156686,"ok"
1751,6,0,read,ro,156650,156724,"ok"
1752,2,0,read,ro,156686,156868,"ok"
1753,6,0,read,ro,156726,156911,"ok"
1754,2,0,read,ro,156869,156939,"ok"
1755,6,0,read,ro,156911,156985,"ok"
1756,2,0,read,ro,156939,157027,"ok"
1757,6,0,read,ro,156985,157075,"ok"
1758,2,0,read,ro,157028,157217,"ok"
1759,6,0,read,ro,157075,157262,"ok"
1760,2,0,read,ro,157217,157285,"ok"
1761,6,0,read,ro,157263,157339,"ok"
1762,2,0,read,ro,157286,157358,"ok"
1763,6,0,read,ro,157339,157421,"ok"
1764,2,0,read,ro,157359,157553,"ok"
1765,6,0,read,ro,157421,157606,"ok"
1766,2,0,read,ro,157554,157624,"ok"
1767,6,0,read,ro,157606,157680,"ok"
1768,2,0,read,ro,157624,157698,"ok"
1769,6,0,read,ro,157680,157754,"ok"
1770,2,0,read,ro,157698,157882,"ok"
1771,6,0,read,ro,157755,157941,"ok"
1772,2,0,read,ro,157882,157950,"ok"
1773,6,0,read,ro,157941,158032,"ok"
1774,2,0,read,ro,157950,158042,"ok"
1775,6,0,read,ro,158032,158110,"ok"
1776,2,0,read,ro,158042,158235,"ok"
1777,2,0,read,ro,158236,158333,"ok"
1778,6,0,read,ro,158110,158350,"ok"
1779,2,0,read,ro,158333,158386,"ok"
1780,6,0,read,ro,158350,158434,"ok"
1781,6,0,read,ro,158434,158505,"ok"
1782,2,0,read,ro,158387,158582,"ok"
1783,2,0,read,ro,158582,158652,"ok"
1784,6,0,read,ro,158505,158672,"ok"
1785,2,0,read,ro,158654,158706,"ok"
1786,6,0,read,ro,158672,158777,"ok"
1787,6,0,read,ro,158777,158859,"ok"
1788,6,0,read,ro,158859,159096,"ok"
1789,6,0,read,ro,159096,159156,"ok"
1790,6,0,read,ro,159156,159208,"ok"
1791,6,0,read,ro,159209,159378,"ok"
1792,6,0,read,ro,159378,159443,"ok"
1793,6,0,read,ro,159443,159495,"ok"
1794,6,0,read,ro,159495,159660,"ok"
1795,6,0,read,ro,159660,159713,"ok"
1796,6,0,read,ro,159713,159764,"ok"
1797,6,0,read,ro,159764,159944,"ok"
1798,6,0,read,ro,159944,159999,"ok"
1799,6,0,read,ro,159999,160075,"ok"
1800,5,0,read,ro,172665,173089,"ok"
1801,11,0,read,ro,172662,173149,"ok"
1802,5,0,read,ro,173089,173166,"ok"
1803,5,0,read,ro,173166,173247,"ok"
1804,11,0,read,ro,173149,173274,"ok"
1805,11,0,read,ro,173274,173352,"ok"
1806,5,0,read,ro,173247,173466,"ok"
1807,5,0,read,ro,173466,173537,"ok"
1808,5,0,read,ro,173537,173591,"ok"
1809,11,0,read,ro,173352,173600,"ok"
1810,11,0,read,ro,173600,173681,"ok"
1811,11,0,read,ro,173681,173737,"ok"
1812,5,0,read,ro,173591,173787,"ok"
1813,11,0,read,ro,173737,173913,"ok"
1814,11,0,read,ro,173913,173989,"ok"
1815,11,0,read,ro,173989,174066,"ok"
1816,6,0,read,ro,173869,174164,"ok"
1817,6,0,read,ro,174165,174240,"ok"
1818,11,0,read,ro,174068,174247,"ok"
1819,6,0,read,ro,174241,174297,"ok"
1820,6,0,read,ro,174298,174475,"ok"
1821,6,0,read,ro,174475,174547,"ok"
1822,13,0,read,ro,174313,174583,"ok"
1823,6,0,read,ro,174548,174600,"ok"
1824,13,0,read,ro,174584,174661,"ok"
1825,13,0,read,ro,174662,174731,"ok"
1826,6,0,read,ro,174601,174791,"ok"
1827,6,0,read,ro,174791,174863,"ok"
1828,13,0,read,ro,174731,174903,"ok"
1829,6,0,read,ro,174863,174916,"ok"
1830,13,0,read,ro,174903,174983,"ok"
1831,13,0,read,ro,174983,175074,"ok"
1832,6,0,read,ro,174916,175135,"ok"
1833,6,0,read,ro,175136,175208,"ok"
1834,13,0,read,ro,175074,175248,"ok"
1835,6,0,read,ro,175208,175260,"ok"
1836,13,0,read,ro,175249,175331,"ok"
1837,13,0,read,ro,175331,175405,"ok"
1838,6,0,read,ro,175260,175455,"ok"
1839,6,0,read,ro,175455,175527,"ok"
1840,6,0,read,ro,175527,175578,"ok"
1841,13,0,read,ro,175406,175581,"ok"
1842,13,0,read,ro,175582,175661,"ok"
1843,13,0,read,ro,175661,175714,"ok"
1844,6,0,read,ro,175578,175749,"ok"
1845,6,0,read,ro,175750,175822,"ok"
1846,6,0,read,ro,175822,175873,"ok"
1847,13,0,read,ro,175714,175884,"ok"
1848,13,0,read,ro,175886,175963,"ok"
1849,13,0,read,ro,175964,176034,"ok"
1850,6,0,read,ro,175873,176124,"ok"
1851,6,0,read,ro,176125,176204,"ok"
1852,13,0,read,ro,176034,176211,"ok"
1853,6,0,read,ro,176204,176262,"ok"
1854,13,0,read,ro,176211,176291,"ok"
1855,13,0,read,ro,176291,176364,"ok"
1856,6,0,read,ro,176262,176460,"ok"
1857,6,0,read,ro,176460,176530,"ok"
1858,13,0,read,ro,176364,176540,"ok"
1859,6,0,read,ro,176531,176586,"ok"
1860,13,0,read,ro,176540,176622,"ok"
1861,13,0,read,ro,176622,176692,"ok"
1862,6,0,read,ro,176587,176771,"ok"
1863,6,0,read,ro,176771,176841,"ok"
1864,13,0,read,ro,176692,176859,"ok"
1865,6,0,read,ro,176841,176893,"ok"
1866,13,0,read,ro,176859,176936,"ok"
1867,13,0,read,ro,176936,177004,"ok"
1868,6,0,read,ro,176893,177094,"ok"
1869,6,0,read,ro,177094,177167,"ok"
1870,13,0,read,ro,177004,177206,"ok"
1871,6,0,read,ro,177167,177218,"ok"
1872,13,0,read,ro,177207,177294,"ok"
1873,13,0,read,ro,177294,177362,"ok"
1874,6,0,read,ro,177218,177411,"ok"
1875,6,0,read,ro,177411,177487,"ok"
1876,13,0,read,ro,177362,177537,"ok"
1877,6,0,read,ro,177487,177537,"ok"
1878,13,0,read,ro,177538,177620,"ok"
1879,13,0,read,ro,177620,177674,"ok"
1880,6,0,read,ro,177538,177717,"ok"
1881,6,0,read,ro,177717,177791,"ok"
1882,13,0,read,ro,177676,177850,"ok"
1883,6,0,read,ro,177791,177852,"ok"
1884,13,0,read,ro,177850,177933,"ok"
1885,13,0,read,ro,177933,177988,"ok"
1886,6,0,read,ro,177852,178048,"ok"
1887,6,0,read,ro,178048,178123,"ok"
1888,6,0,read,ro,178124,178176,"ok"
1889,13,0,read,ro,177988,178182,"ok"
1890,6,0,read,ro,178176,178352,"ok"
1891,12,0,read,ro,178293,178567,"ok"
1892,12,0,read,ro,178567,178639,"ok"
1893,4,0,read,ro,178403,178682,"ok"
1894,12,0,read,ro,178639,178691,"ok"
1895,4,0,read,ro,178683,178763,"ok"
1896,4,0,read,ro,178763,178829,"ok"
1897,12,0,read,ro,178691,178896,"ok"
1898,12,0,read,ro,178896,178967,"ok"
1899,4,0,read,ro,178829,178994,"ok"
1900,12,0,read,ro,178967,179040,"ok"
1901,4,0,read,ro,178994,179092,"ok"
1902,4,0,read,ro,179092,179159,"ok"
1903,12,0,read,ro,179041,179239,"ok"
1904,12,0,read,ro,179239,179310,"ok"
1905,4,0,read,ro,179159,179332,"ok"
1906,12,0,read,ro,179310,179363,"ok"
1907,4,0,read,ro,179332,179403,"ok"
1908,4,0,read,ro,179403,179481,"ok"
1909,12,0,read,ro,179364,179580,"ok"
1910,4,0,read,ro,179481,179652,"ok"
1911,12,0,read,ro,179580,179659,"ok"
1912,4,0,read,ro,179652,179729,"ok"
1913,12,0,read,ro,179661,179744,"ok"
1914,4,0,read,ro,179730,179799,"ok"
1915,12,0,read,ro,179744,179965,"ok"
1916,4,0,read,ro,179799,179982,"ok"
1917,12,0,read,ro,179965,180069,"ok"
1918,4,0,read,ro,179982,180081,"ok"
1919,12,0,read,ro,180069,180153,"ok"
1920,4,0,read,ro,180082,180159,"ok"
1921,4,0,read,ro,180159,180369,"ok"
1922,12,0,read,ro,180154,180373,"ok"
1923,4,0,read,ro,180369,180437,"ok"
1924,12,0,read,ro,180373,180460,"ok"
1925,4,0,read,ro,180438,180512,"ok"
1926,12,0,read,ro,180461,180533,"ok"
1927,4,0,read,ro,180512,180690,"ok"
1928,12,0,read,ro,180534,180737,"ok"
1929,4,0,read,ro,180691,180762,"ok"
1930,12,0,read,ro,180738,180817,"ok"
1931,4,0,read,ro,180763,180833,"ok"
1932,12,0,read,ro,180817,180887,"ok"
1933,4,0,read,ro,180833,181031,"ok"
1934,12,0,read,ro,180887,181088,"ok"
1935,4,0,read,ro,181032,181104,"ok"
1936,12,0,read,ro,181088,181167,"ok"
1937,4,0,read,ro,181104,181176,"ok"
1938,12,0,read,ro,181168,181242,"ok"
1939,4,0,read,ro,181176,181362,"ok"
1940,4,0,read,ro,181362,181434,"ok"
1941,12,0,read,ro,181243,181434,"ok"
1942,4,0,read,ro,181434,181493,"ok"
1943,12,0,read,ro,181434,181513,"ok"
1944,12,0,read,ro,181515,181587,"ok"
1945,4,0,read,ro,181493,181674,"ok"
1946,4,0,read,ro,181674,181751,"ok"
1947,12,0,read,ro,181587,181762,"ok"
1948,4,0,read,ro,181751,181807,"ok"
1949,12,0,read,ro,181763,181839,"ok"
1950,12,0,read,ro,181839,181908,"ok"
1951,4,0,read,ro,181807,181986,"ok"
1952,4,0,read,ro,181986,182078,"ok"
1953,12,0,read,ro,181908,182095,"ok"
1954,4,0,read,ro,182078,182130,"ok"
1955,12,0,read,ro,182095,182173,"ok"
1956,12,0,read,ro,182173,182241,"ok"
1957,5,0,read,ro,173787,182332,"ok"
1958,5,0,read,ro,182332,182406,"ok"
1959,5,0,read,ro,182406,182608,"ok"
1960,3,0,read,ro,182293,182613,"ok"
1961,5,0,read,ro,182608,182669,"ok"
1962,3,0,read,ro,182613,182698,"ok"
1963,5,0,read,ro,182670,182739,"ok"
1964,3,0,read,ro,182698,182780,"ok"
1965,5,0,read,ro,182739,182934,"ok"
1966,3,0,read,ro,182780,182976,"ok"
1967,5,0,read,ro,182934,183030,"ok"
1968,3,0,read,ro,182976,183079,"ok"
1969,5,0,read,ro,183031,183113,"ok"
1970,3,0,read,ro,183080,183156,"ok"
1971,5,0,read,ro,183113,183325,"ok"
1972,3,0,read,ro,183156,183357,"ok"
1973,5,0,read,ro,183326,183405,"ok"
1974,3,0,read,ro,183358,183447,"ok"
1975,5,0,read,ro,183406,183491,"ok"
1976,3,0,read,ro,183447,183521,"ok"
1977,5,0,read,ro,183496,183705,"ok"
1978,3,0,read,ro,183522,183725,"ok"
1979,5,0,read,ro,183705,183794,"ok"
1980,3,0,read,ro,183725,183828,"ok"
1981,5,0,read,ro,183794,183869,"ok"
1982,3,0,read,ro,183828,183913,"ok"
1983,5,0,read,ro,183869,184073,"ok"
1984,5,0,read,ro,184073,184143,"ok"
1985,3,0,read,ro,183913,184143,"ok"
1986,5,0,read,ro,184143,184200,"ok"
1987,3,0,read,ro,184143,184228,"ok"
1988,3,0,read,ro,184229,184300,"ok"
1989,5,0,read,ro,184200,184391,"ok"
1990,5,0,read,ro,184391,184465,"ok"
1991,3,0,read,ro,184300,184475,"ok"
1992,5,0,read,ro,184465,184518,"ok"
1993,3,0,read,ro,184475,184556,"ok"
1994,3,0,read,ro,184556,184628,"ok"
1995,5,0,read,ro,184519,184707,"ok"
1996,5,0,read,ro,184707,184776,"ok"
1997,3,0,read,ro,184628,184804,"ok"
1998,5,0,read,ro,184776,184826,"ok"
1999,3,0,read,ro,184805,184893,"ok"
2000,3,0,read,ro,184893,184976,"ok"
2001,5,0,read,ro,184826,185034,"ok"
2002,5,0,read,ro,185034,185105,"ok"
2003,5,0,read,ro,185105,185156,"ok"
2004,3,0,read,ro,184976,185192,"ok"
2005,3,0,read,ro,185192,185266,"ok"
2006,3,0,read,ro,185267,185322,"ok"
2007,5,0,read,ro,185156,185326,"ok"
2008,5,0,read,ro,185329,185409,"ok"
2009,5,0,read,ro,185409,185465,"ok"
2010,3,0,read,ro,185322,185507,"ok"
2011,3,0,read,ro,185508,185583,"ok"
2012,5,0,read,ro,185465,185636,"ok"
2013,3,0,read,ro,185583,185639,"ok"
2014,5,0,read,ro,185636,185716,"ok"
2015,5,0,read,ro,185716,185783,"ok"
2016,3,0,read,ro,185640,185838,"ok"
2017,3,0,read,ro,185839,185911,"ok"
2018,5,0,read,ro,185783,185946,"ok"
2019,3,0,read,ro,185911,185964,"ok"
2020,5,0,read,ro,185947,186039,"ok"
2021,5,0,read,ro,186040,186107,"ok"
2022,3,0,read,ro,185965,186178,"ok"
2023,3,0,read,ro,186178,186251,"ok"
2024,0,0,read,ro,186301,186710,"ok"
2025,10,0,read,ro,186476,186762,"ok"
2026,0,0,read,ro,186710,186788,"ok"
2027,10,0,read,ro,186763,186836,"ok"
2028,0,0,read,ro,186788,186864,"ok"
2029,10,0,read,ro,186837,186908,"ok"
2030,0,0,read,ro,186865,187084,"ok"
2031,10,0,read,ro,186908,187121,"ok"
2032,0,0,read,ro,187085,187157,"ok"
2033,10,0,read,ro,187122,187207,"ok"
2034,0,0,read,ro,187157,187230,"ok"
2035,10,0,read,ro,187207,187291,"ok"
2036,0,0,read,ro,187231,187432,"ok"
2037,10,0,read,ro,187292,187500,"ok"
2038,0,0,read,ro,187432,187506,"ok"
2039,10,0,read,ro,187501,187598,"ok"
2040,0,0,read,ro,187507,187598,"ok"
2041,10,0,read,ro,187599,187682,"ok"
2042,0,0,read,ro,187599,187807,"ok"
2043,10,0,read,ro,187682,187878,"ok"
2044,0,0,read,ro,187807,187878,"ok"
2045,0,0,read,ro,187879,187952,"ok"
2046,10,0,read,ro,187878,187967,"ok"
2047,10,0,read,ro,187967,188071,"ok"
2048,0,0,read,ro,187952,188193,"ok"
2049,10,0,read,ro,188071,188248,"ok"
2050,0,0,read,ro,188200,188283,"ok"
2051,10,0,read,ro,188248,188322,"ok"
2052,0,0,read,ro,188284,188366,"ok"
2053,10,0,read,ro,188323,188393,"ok"
2054,0,0,read,ro,188366,188582,"ok"
2055,10,0,read,ro,188393,188599,"ok"
2056,0,0,read,ro,188582,188662,"ok"
2057,10,0,read,ro,188599,188681,"ok"
2058,0,0,read,ro,188663,188736,"ok"
2059,10,0,read,ro,188682,188753,"ok"
2060,0,0,read,ro,188737,188923,"ok"
2061,10,0,read,ro,188753,188936,"ok"
2062,0,0,read,ro,188924,189001,"ok"
2063,10,0,read,ro,188937,189031,"ok"
2064,0,0,read,ro,189001,189089,"ok"
2065,10,0,read,ro,189032,189106,"ok"
2066,0,0,read,ro,189090,189276,"ok"
2067,10,0,read,ro,189107,189294,"ok"
2068,0,0,read,ro,189276,189349,"ok"
2069,10,0,read,ro,189294,189373,"ok"
2070,0,0,read,ro,189350,189444,"ok"
2071,10,0,read,ro,189374,189452,"ok"
2072,10,0,read,ro,189457,189642,"ok"
2073,0,0,read,ro,189445,189682,"ok"
2074,10,0,read,ro,189642,189699,"ok"
2075,10,0,read,ro,189699,189775,"ok"
2076,0,0,read,ro,189683,189787,"ok"
2077,0,0,read,ro,189787,189863,"ok"
2078,10,0,read,ro,189775,189948,"ok"
2079,10,0,read,ro,189948,190035,"ok"
2080,0,0,read,ro,189863,190072,"ok"
2081,10,0,read,ro,190035,190089,"ok"
2082,0,0,read,ro,190072,190151,"ok"
2083,0,0,read,ro,190152,190231,"ok"
2084,9,0,read,ro,190295,190598,"ok"
2085,1,0,read,ro,190333,190668,"ok"
2086,9,0,read,ro,190598,190674,"ok"
2087,1,0,read,ro,190668,190754,"ok"
2088,9,0,read,ro,190674,190756,"ok"
2089,1,0,read,ro,190754,190845,"ok"
2090,9,0,read,ro,190756,190953,"ok"
2091,9,0,read,ro,190954,191049,"ok"
2092,1,0,read,ro,190845,191052,"ok"
2093,9,0,read,ro,191050,191111,"ok"
2094,1,0,read,ro,191052,191146,"ok"
2095,1,0,read,ro,191146,191220,"ok"
2096,9,0,read,ro,191112,191312,"ok"
2097,9,0,read,ro,191312,191391,"ok"
2098,1,0,read,ro,191220,191404,"ok"
2099,9,0,read,ro,191391,191462,"ok"
2100,1,0,read,ro,191404,191487,"ok"
2101,1,0,read,ro,191487,191566,"ok"
2102,9,0,read,ro,191462,191669,"ok"
2103,1,0,read,ro,191566,191765,"ok"
2104,9,0,read,ro,191669,191775,"ok"
2105,1,0,read,ro,191767,191848,"ok"
2106,9,0,read,ro,191776,191862,"ok"
2107,1,0,read,ro,191848,191921,"ok"
2108,9,0,read,ro,191862,192097,"ok"
2109,1,0,read,ro,191922,192137,"ok"
2110,9,0,read,ro,192097,192180,"ok"
2111,1,0,read,ro,192137,192223,"ok"
2112,9,0,read,ro,192181,192251,"ok"
2113,1,0,read,ro,192223,192298,"ok"
2114,9,0,read,ro,192251,192451,"ok"
2115,1,0,read,ro,192298,192487,"ok"
2116,9,0,read,ro,192451,192525,"ok"
2117,1,0,read,ro,192487,192563,"ok"
2118,9,0,read,ro,192525,192598,"ok"
2119,1,0,read,ro,192563,192638,"ok"
2120,9,0,read,ro,192598,192783,"ok"
2121,1,0,read,ro,192638,192825,"ok"
2122,9,0,read,ro,192783,192854,"ok"
2123,1,0,read,ro,192825,192903,"ok"
2124,9,0,read,ro,192854,192925,"ok"
2125,1,0,read,ro,192903,192976,"ok"
2126,9,0,read,ro,192925,193136,"ok"
2127,1,0,read,ro,192977,193184,"ok"
2128,9,0,read,ro,193137,193209,"ok"
2129,1,0,read,ro,193185,193260,"ok"
2130,9,0,read,ro,193209,193281,"ok"
2131,1,0,read,ro,193260,193335,"ok"
2132,9,0,read,ro,193282,193481,"ok"
2133,1,0,read,ro,193335,193522,"ok"
2134,9,0,read,ro,193482,193554,"ok"
2135,1,0,read,ro,193522,193596,"ok"
2136,9,0,read,ro,193555,193624,"ok"
2137,1,0,read,ro,193598,193673,"ok"
2138,9,0,read,ro,193625,193806,"ok"
2139,1,0,read,ro,193673,193855,"ok"
2140,9,0,read,ro,193806,193874,"ok"
2141,1,0,read,ro,193856,193932,"ok"
2142,9,0,read,ro,193874,193945,"ok"
2143,1,0,read,ro,193932,194005,"ok"
2144,9,0,read,ro,193945,194150,"ok"
2145,1,0,read,ro,194006,194210,"ok"
2146,9,0,read,ro,194150,194239,"ok"
2147,2,0,read,ro,186304,194489,"ok"
2148,2,0,read,ro,194490,194567,"ok"
2149,8,0,read,ro,194302,194585,"ok"
2150,2,0,read,ro,194567,194624,"ok"
2151,8,0,read,ro,194586,194664,"ok"
2152,8,0,read,ro,194664,194735,"ok"
2153,2,0,read,ro,194624,194820,"ok"
2154,2,0,read,ro,194821,194893,"ok"
2155,8,0,read,ro,194735,194919,"ok"
2156,2,0,read,ro,194893,194949,"ok"
2157,8,0,read,ro,194919,194991,"ok"
2158,8,0,read,ro,194991,195090,"ok"
2159,2,0,read,ro,194949,195178,"ok"
2160,2,0,read,ro,195178,195260,"ok"
2161,8,0,read,ro,195090,195270,"ok"
2162,2,0,read,ro,195260,195330,"ok"
2163,8,0,read,ro,195270,195354,"ok"
2164,8,0,read,ro,195354,195444,"ok"
2165,2,0,read,ro,195331,195537,"ok"
2166,2,0,read,ro,195537,195618,"ok"
2167,8,0,read,ro,195444,195626,"ok"
2168,2,0,read,ro,195618,195680,"ok"
2169,8,0,read,ro,195628,195710,"ok"
2170,8,0,read,ro,195710,195794,"ok"
2171,2,0,read,ro,195680,195879,"ok"
2172,2,0,read,ro,195879,195951,"ok"
2173,8,0,read,ro,195794,195978,"ok"
2174,2,0,read,ro,195951,196005,"ok"
2175,8,0,read,ro,195979,196088,"ok"
2176,8,0,read,ro,196088,196166,"ok"
2177,2,0,read,ro,196005,196234,"ok"
2178,2,0,read,ro,196234,196310,"ok"
2179,8,0,read,ro,196167,196347,"ok"
2180,2,0,read,ro,196310,196364,"ok"
2181,8,0,read,ro,196348,196436,"ok"
2182,8,0,read,ro,196436,196504,"ok"
2183,2,0,read,ro,196365,196574,"ok"
2184,2,0,read,ro,196574,196646,"ok"
2185,8,0,read,ro,196504,196678,"ok"
2186,2,0,read,ro,196646,196701,"ok"
2187,8,0,read,ro,196678,196756,"ok"
2188,8,0,read,ro,196756,196827,"ok"
2189,2,0,read,ro,196701,196890,"ok"
2190,2,0,read,ro,196890,196959,"ok"
2191,8,0,read,ro,196827,197003,"ok"
2192,2,0,read,ro,196959,197027,"ok"
2193,8,0,read,ro,197003,197100,"ok"
2194,8,0,read,ro,197100,197169,"ok"
2195,2,0,read,ro,197027,197227,"ok"
2196,2,0,read,ro,197227,197299,"ok"
2197,8,0,read,ro,197169,197342,"ok"
2198,2,0,read,ro,197299,197351,"ok"
2199,8,0,read,ro,197342,197426,"ok"
2200,8,0,read,ro,197428,197498,"ok"
2201,2,0,read,ro,197352,197547,"ok"
2202,2,0,read,ro,197548,197620,"ok"
2203,8,0,read,ro,197498,197662,"ok"
2204,2,0,read,ro,197620,197672,"ok"
2205,8,0,read,ro,197663,197742,"ok"
2206,8,0,read,ro,197742,197812,"ok"
2207,2,0,read,ro,197673,197861,"ok"
2208,2,0,read,ro,197862,197932,"ok"
2209,2,0,read,ro,197933,197984,"ok"
2210,8,0,read,ro,197812,197993,"ok"
2211,8,0,read,ro,197993,198114,"ok"
2212,2,0,read,ro,197984,198171,"ok"
2213,8,0,read,ro,198114,198185,"ok"
2214,2,0,read,ro,198171,198247,"ok"
2215,15,0,read,ro,198292,198496,"ok"
2216,15,0,read,ro,198497,198569,"ok"
2217,15,0,read,ro,198569,198622,"ok"
2218,14,0,read,ro,198312,198672,"ok"
2219,14,0,read,ro,198673,198757,"ok"
2220,15,0,read,ro,198622,198794,"ok"
2221,14,0,read,ro,198757,198825,"ok"
2222,15,0,read,ro,198794,198870,"ok"
2223,15,0,read,ro,198870,198940,"ok"
2224,14,0,read,ro,198825,199093,"ok"
2225,15,0,read,ro,198940,199130,"ok"
2226,14,0,read,ro,199093,199180,"ok"
2227,15,0,read,ro,199131,199207,"ok"
2228,14,0,read,ro,199180,199263,"ok"
2229,15,0,read,ro,199207,199283,"ok"
2230,14,0,read,ro,199263,199469,"ok"
2231,15,0,read,ro,199284,199478,"ok"
2232,14,0,read,ro,199469,199547,"ok"
2233,15,0,read,ro,199481,199559,"ok"
2234,14,0,read,ro,199548,199631,"ok"
2235,15,0,read,ro,199560,199636,"ok"
2236,15,0,read,ro,199637,199821,"ok"
2237,15,0,read,ro,199822,199882,"ok"
2238,14,0,read,ro,199631,199884,"ok"
2239,15,0,read,ro,199882,199940,"ok"
2240,14,0,read,ro,199884,199993,"ok"
2241,14,0,read,ro,199993,200093,"ok"
2242,15,0,read,ro,199940,200141,"ok"
2243,15,0,read,ro,200142,200213,"ok"
2244,15,0,read,ro,200213,200267,"ok"
2245,14,0,read,ro,200093,200284,"ok"
2246,14,0,read,ro,200284,200358,"ok"
2247,14,0,read,ro,200359,200412,"ok"
2248,15,0,read,ro,200267,200441,"ok"
2249,15,0,read,ro,200442,200518,"ok"
2250,15,0,read,ro,200519,200568,"ok"
2251,14,0,read,ro,200413,200600,"ok"
2252,14,0,read,ro,200600,200673,"ok"
2253,14,0,read,ro,200673,200725,"ok"
2254,15,0,read,ro,200568,200733,"ok"
2255,15,0,read,ro,200733,200813,"ok"
2256,15,0,read,ro,200813,200866,"ok"
2257,14,0,read,ro,200726,200906,"ok"
2258,14,0,read,ro,200907,200993,"ok"
2259,15,0,read,ro,200866,201047,"ok"
2260,14,0,read,ro,200993,201075,"ok"
2261,15,0,read,ro,201047,201125,"ok"
2262,15,0,read,ro,201125,201195,"ok"
2263,14,0,read,ro,201075,201284,"ok"
2264,15,0,read,ro,201196,201363,"ok"
2265,14,0,read,ro,201292,201365,"ok"
2266,14,0,read,ro,201365,201439,"ok"
2267,15,0,read,ro,201363,201451,"ok"
2268,15,0,read,ro,201452,201525,"ok"
2269,14,0,read,ro,201440,201633,"ok"
2270,15,0,read,ro,201526,201694,"ok"
2271,14,0,read,ro,201633,201704,"ok"
2272,15,0,read,ro,201694,201781,"ok"
2273,14,0,read,ro,201705,201789,"ok"
2274,15,0,read,ro,201782,201858,"ok"
2275,14,0,read,ro,201789,201989,"ok"
2276,15,0,read,ro,201858,202057,"ok"
2277,14,0,read,ro,201989,202081,"ok"
2278,15,0,read,ro,202057,202135,"ok"
2279,14,0,read,ro,202081,202158,"ok"
2280,15,0,read,ro,202135,202209,"ok"
2281,0,0,read,ro,190232,202488,"ok"
2282,0,0,read,ro,202488,202561,"ok"
2283,7,0,read,ro,202297,202581,"ok"
2284,0,0,read,ro,202561,202615,"ok"
2285,7,0,read,ro,202581,202657,"ok"
2286,7,0,read,ro,202658,202729,"ok"
2287,0,0,read,ro,202616,202814,"ok"
2288,0,0,read,ro,202814,202884,"ok"
2289,7,0,read,ro,202729,202905,"ok"
2290,0,0,read,ro,202885,202936,"ok"
2291,7,0,read,ro,202906,203003,"ok"
2292,7,0,read,ro,203003,203104,"ok"
2293,0,0,read,ro,202936,203143,"ok"
2294,0,0,read,ro,203143,203217,"ok"
2295,0,0,read,ro,203217,203275,"ok"
2296,7,0,read,ro,203104,203287,"ok"
2297,7,0,read,ro,203287,203361,"ok"
2298,7,0,read,ro,203361,203425,"ok"
2299,0,0,read,ro,203277,203459,"ok"
2300,0,0,read,ro,203459,203545,"ok"
2301,7,0,read,ro,203425,203594,"ok"
2302,0,0,read,ro,203545,203600,"ok"
2303,7,0,read,ro,203595,203677,"ok"
2304,7,0,read,ro,203677,203744,"ok"
2305,0,0,read,ro,203600,203815,"ok"
2306,0,0,read,ro,203815,203897,"ok"
2307,7,0,read,ro,203744,203918,"ok"
2308,0,0,read,ro,203897,203954,"ok"
2309,7,0,read,ro,203918,203994,"ok"
2310,7,0,read,ro,203994,204089,"ok"
2311,0,0,read,ro,203954,204176,"ok"
2312,0,0,read,ro,204177,204257,"ok"
2313,7,0,read,ro,204090,204271,"ok"
2314,0,0,read,ro,204257,204314,"ok"
2315,7,0,read,ro,204272,204354,"ok"
2316,7,0,read,ro,204354,204428,"ok"
2317,0,0,read,ro,204314,204504,"ok"
2318,0,0,read,ro,204504,204575,"ok"
2319,7,0,read,ro,204428,204596,"ok"
2320,0,0,read,ro,204575,204626,"ok"
2321,7,0,read,ro,204596,204674,"ok"
2322,7,0,read,ro,204674,204740,"ok"
2323,0,0,read,ro,204626,204816,"ok"
2324,0,0,read,ro,204816,204886,"ok"
2325,7,0,read,ro,204740,204903,"ok"
2326,0,0,read,ro,204886,204938,"ok"
2327,7,0,read,ro,204903,204977,"ok"
2328,7,0,read,ro,204983,205071,"ok"
2329,0,0,read,ro,204939,205142,"ok"
2330,0,0,read,ro,205142,205213,"ok"
2331,7,0,read,ro,205071,205237,"ok"
2332,0,0,read,ro,205213,205266,"ok"
2333,7,0,read,ro,205237,205312,"ok"
2334,7,0,read,ro,205313,205380,"ok"
2335,0,0,read,ro,205267,205457,"ok"
2336,0,0,read,ro,205458,205529,"ok"
2337,7,0,read,ro,205380,205576,"ok"
2338,0,0,read,ro,205529,205579,"ok"
2339,7,0,read,ro,205576,205658,"ok"
2340,7,0,read,ro,205658,205726,"ok"
2341,0,0,read,ro,205580,205770,"ok"
2342,0,0,read,ro,205771,205840,"ok"
2343,0,0,read,ro,205840,205890,"ok"
2344,7,0,read,ro,205726,205892,"ok"
2345,7,0,read,ro,205892,205970,"ok"
2346,7,0,read,ro,205970,206039,"ok"
2347,0,0,read,ro,205890,206079,"ok"
2348,0,0,read,ro,206079,206154,"ok"
2349,0,0,read,ro,206154,206204,"ok"
2350,7,0,read,ro,206039,206217,"ok"
2351,13,0,read,ro,178182,206290,"ok"
2352,13,0,read,ro,206291,206392,"ok"
2353,4,0,read,ro,182131,206445,"ok"
2354,4,0,read,ro,206445,206520,"ok"
2355,4,0,read,ro,206520,206571,"ok"
2356,13,0,read,ro,206392,206598,"ok"
2357,13,0,read,ro,206598,206672,"ok"
2358,13,0,read,ro,206672,206726,"ok"
2359,4,0,read,ro,206571,206756,"ok"
2360,4,0,read,ro,206783,206869,"ok"
2361,13,0,read,ro,206726,206893,"ok"
2362,4,0,read,ro,206869,206921,"ok"
2363,13,0,read,ro,206893,206970,"ok"
2364,13,0,read,ro,206970,207057,"ok"
2365,4,0,read,ro,206921,207144,"ok"
2366,4,0,read,ro,207144,207215,"ok"
2367,13,0,read,ro,207057,207228,"ok"
2368,4,0,read,ro,207215,207268,"ok"
2369,13,0,read,ro,207229,207303,"ok"
2370,13,0,read,ro,207303,207372,"ok"
2371,4,0,read,ro,207269,207465,"ok"
2372,4,0,read,ro,207465,207535,"ok"
2373,13,0,read,ro,207372,207542,"ok"
2374,4,0,read,ro,207535,207597,"ok"
2375,13,0,read,ro,207542,207618,"ok"
2376,13,0,read,ro,207619,207689,"ok"
2377,4,0,read,ro,207598,207781,"ok"
2378,4,0,read,ro,207781,207852,"ok"
2379,13,0,read,ro,207689,207853,"ok"
2380,4,0,read,ro,207852,207914,"ok"
2381,13,0,read,ro,207853,207932,"ok"
2382,13,0,read,ro,207933,208004,"ok"
2383,4,0,read,ro,207915,208122,"ok"
2384,13,0,read,ro,208004,208191,"ok"
2385,4,0,read,ro,208122,208193,"ok"
2386,4,0,read,ro,208194,208272,"ok"
2387,13,0,read,ro,208191,208274,"ok"
2388,13,0,read,ro,208275,208349,"ok"
2389,4,0,read,ro,208272,208459,"ok"
2390,13,0,read,ro,208349,208516,"ok"
2391,4,0,read,ro,208459,208530,"ok"
2392,13,0,read,ro,208516,208591,"ok"
2393,4,0,read,ro,208533,208609,"ok"
2394,13,0,read,ro,208592,208664,"ok"
2395,4,0,read,ro,208609,208795,"ok"
2396,13,0,read,ro,208664,208841,"ok"
2397,4,0,read,ro,208796,208864,"ok"
2398,13,0,read,ro,208841,208914,"ok"
2399,4,0,read,ro,208865,208934,"ok"
2400,13,0,read,ro,208914,208985,"ok"
2401,4,0,read,ro,208934,209136,"ok"
2402,13,0,read,ro,208986,209179,"ok"
2403,4,0,read,ro,209136,209207,"ok"
2404,13,0,read,ro,209179,209254,"ok"
2405,4,0,read,ro,209207,209278,"ok"
2406,13,0,read,ro,209254,209326,"ok"
2407,4,0,read,ro,209278,209464,"ok"
2408,13,0,read,ro,209326,209511,"ok"
2409,4,0,read,ro,209464,209534,"ok"
2410,13,0,read,ro,209511,209584,"ok"
2411,4,0,read,ro,209534,209606,"ok"
2412,13,0,read,ro,209584,209655,"ok"
2413,4,0,read,ro,209606,209790,"ok"
2414,13,0,read,ro,209655,209836,"ok"
2415,4,0,read,ro,209790,209857,"ok"
2416,13,0,read,ro,209836,209908,"ok"
2417,4,0,read,ro,209858,209928,"ok"
2418,13,0,read,ro,209909,209979,"ok"
2419,4,0,read,ro,209928,210131,"ok"
2420,13,0,read,ro,209979,210178,"ok"
2421,4,0,read,ro,210131,210203,"ok"
2422,13,0,read,ro,210179,210253,"ok"
2423,11,0,read,ro,174248,210384,"ok"
2424,11,0,read,ro,210387,210449,"ok"
2425,12,0,read,ro,182241,210524,"ok"
2426,12,0,read,ro,210524,210599,"ok"
2427,12,0,read,ro,210599,210649,"ok"
2428,11,0,read,ro,210449,210681,"ok"
2429,11,0,read,ro,210681,210768,"ok"
2430,12,0,read,ro,210649,210819,"ok"
2431,11,0,read,ro,210768,210835,"ok"
2432,12,0,read,ro,210819,210894,"ok"
2433,12,0,read,ro,210894,210961,"ok"
2434,11,0,read,ro,210835,211062,"ok"
2435,11,0,read,ro,211062,211137,"ok"
2436,12,0,read,ro,210961,211145,"ok"
2437,12,0,read,ro,211146,211220,"ok"
2438,11,0,read,ro,211137,211229,"ok"
2439,12,0,read,ro,211220,211285,"ok"
2440,11,0,read,ro,211230,211435,"ok"
2441,12,0,read,ro,211286,211470,"ok"
2442,11,0,read,ro,211435,211509,"ok"
2443,12,0,read,ro,211471,211542,"ok"
2444,11,0,read,ro,211510,211579,"ok"
2445,12,0,read,ro,211543,211612,"ok"
2446,11,0,read,ro,211579,211776,"ok"
2447,12,0,read,ro,211612,211808,"ok"
2448,11,0,read,ro,211777,211848,"ok"
2449,12,0,read,ro,211809,211880,"ok"
2450,11,0,read,ro,211848,211918,"ok"
2451,12,0,read,ro,211880,211950,"ok"
2452,11,0,read,ro,211918,212144,"ok"
2453,12,0,read,ro,211950,212153,"ok"
2454,11,0,read,ro,212144,212223,"ok"
2455,12,0,read,ro,212153,212230,"ok"
2456,11,0,read,ro,212223,212297,"ok"
2457,12,0,read,ro,212234,212306,"ok"
2458,11,0,read,ro,212297,212488,"ok"
2459,12,0,read,ro,212306,212499,"ok"
2460,11,0,read,ro,212488,212563,"ok"
2461,12,0,read,ro,212499,212575,"ok"
2462,11,0,read,ro,212563,212643,"ok"
2463,12,0,read,ro,212575,212648,"ok"
2464,11,0,read,ro,212644,212832,"ok"
2465,12,0,read,ro,212648,212835,"ok"
2466,11,0,read,ro,212832,212909,"ok"
2467,12,0,read,ro,212835,212915,"ok"
2468,11,0,read,ro,212909,212988,"ok"
2469,12,0,read,ro,212915,212991,"ok"
2470,12,0,read,ro,212991,213190,"ok"
2471,11,0,read,ro,212988,213198,"ok"
2472,12,0,read,ro,213190,213265,"ok"
2473,11,0,read,ro,213199,213281,"ok"
2474,12,0,read,ro,213265,213338,"ok"
2475,11,0,read,ro,213281,213355,"ok"
2476,12,0,read,ro,213338,213530,"ok"
2477,11,0,read,ro,213355,213550,"ok"
2478,12,0,read,ro,213531,213604,"ok"
2479,11,0,read,ro,213550,213626,"ok"
2480,12,0,read,ro,213604,213677,"ok"
2481,11,0,read,ro,213626,213701,"ok"
2482,12,0,read,ro,213677,213859,"ok"
2483,11,0,read,ro,213701,213881,"ok"
2484,12,0,read,ro,213860,213932,"ok"
2485,11,0,read,ro,213885,213960,"ok"
2486,12,0,read,ro,213933,214004,"ok"
2487,11,0,read,ro,213960,214050,"ok"
2488,12,0,read,ro,214004,214206,"ok"
2489,11,0,read,ro,214053,214254,"ok"
2490,3,0,read,ro,186252,214396,"ok"
2491,6,0,read,ro,178353,214407,"ok"
2492,6,0,read,ro,214407,214492,"ok"
2493,3,0,read,ro,214397,214647,"ok"
2494,6,0,read,ro,214492,214708,"ok"
2495,3,0,read,ro,214648,214719,"ok"
2496,3,0,read,ro,214719,214797,"ok"
2497,6,0,read,ro,214708,214818,"ok"
2498,6,0,read,ro,214818,214894,"ok"
2499,3,0,read,ro,214798,214977,"ok"
2500,3,0,read,ro,214978,215073,"ok"
2501,6,0,read,ro,214894,215110,"ok"
2502,3,0,read,ro,215073,215130,"ok"
2503,6,0,read,ro,215110,215191,"ok"
2504,6,0,read,ro,215191,215264,"ok"
2505,3,0,read,ro,215131,215328,"ok"
2506,3,0,read,ro,215328,215403,"ok"
2507,6,0,read,ro,215264,215443,"ok"
2508,3,0,read,ro,215403,215457,"ok"
2509,6,0,read,ro,215444,215532,"ok"
2510,6,0,read,ro,215533,215605,"ok"
2511,3,0,read,ro,215458,215651,"ok"
2512,3,0,read,ro,215652,215720,"ok"
2513,3,0,read,ro,215720,215774,"ok"
2514,6,0,read,ro,215605,215791,"ok"
2515,6,0,read,ro,215792,215865,"ok"
2516,6,0,read,ro,215865,215919,"ok"
2517,3,0,read,ro,215774,215944,"ok"
2518,3,0,read,ro,215945,216034,"ok"
2519,3,0,read,ro,216034,216097,"ok"
2520,6,0,read,ro,215919,216125,"ok"
2521,6,0,read,ro,216125,216200,"ok"
2522,6,0,read,ro,216200,216252,"ok"
2523,3,0,read,ro,216100,216277,"ok"
2524,3,0,read,ro,216278,216357,"ok"
2525,3,0,read,ro,216357,216417,"ok"
2526,6,0,read,ro,216252,216429,"ok"
2527,6,0,read,ro,216429,216503,"ok"
2528,6,0,read,ro,216504,216555,"ok"
2529,3,0,read,ro,216417,216599,"ok"
2530,3,0,read,ro,216599,216680,"ok"
2531,6,0,read,ro,216555,216727,"ok"
2532,3,0,read,ro,216680,216733,"ok"
2533,6,0,read,ro,216728,216815,"ok"
2534,6,0,read,ro,216815,216880,"ok"
2535,3,0,read,ro,216733,216929,"ok"
2536,3,0,read,ro,216929,216998,"ok"
2537,6,0,read,ro,216880,217064,"ok"
2538,3,0,read,ro,216998,217069,"ok"
2539,6,0,read,ro,217064,217150,"ok"
2540,6,0,read,ro,217150,217216,"ok"
2541,3,0,read,ro,217069,217268,"ok"
2542,3,0,read,ro,217269,217340,"ok"
2543,6,0,read,ro,217216,217392,"ok"
2544,3,0,read,ro,217340,217397,"ok"
2545,6,0,read,ro,217392,217479,"ok"
2546,6,0,read,ro,217480,217540,"ok"
2547,3,0,read,ro,217397,217577,"ok"
2548,3,0,read,ro,217578,217649,"ok"
2549,3,0,read,ro,217649,217701,"ok"
2550,6,0,read,ro,217540,217709,"ok"
2551,6,0,read,ro,217710,217786,"ok"
2552,6,0,read,ro,217788,217839,"ok"
2553,3,0,read,ro,217701,217871,"ok"
2554,3,0,read,ro,217872,217943,"ok"
2555,3,0,read,ro,217943,217996,"ok"
2556,6,0,read,ro,217839,218008,"ok"
2557,6,0,read,ro,218009,218104,"ok"
2558,6,0,read,ro,218104,218155,"ok"
2559,3,0,read,ro,217996,218183,"ok"
2560,3,0,read,ro,218183,218257,"ok"
2561,5,0,read,ro,186107,218333,"ok"
2562,1,0,read,ro,194210,218336,"ok"
2563,1,0,read,ro,218336,218411,"ok"
2564,5,0,read,ro,218334,218428,"ok"
2565,5,0,read,ro,218428,218501,"ok"
2566,1,0,read,ro,218411,218638,"ok"
2567,5,0,read,ro,218501,218703,"ok"
2568,1,0,read,ro,218639,218709,"ok"
2569,5,0,read,ro,218704,218781,"ok"
2570,1,0,read,ro,218709,218786,"ok"
2571,5,0,read,ro,218781,218855,"ok"
2572,1,0,read,ro,218786,218974,"ok"
2573,1,0,read,ro,218975,219062,"ok"
2574,5,0,read,ro,218856,219063,"ok"
2575,1,0,read,ro,219062,219123,"ok"
2576,5,0,read,ro,219064,219143,"ok"
2577,5,0,read,ro,219143,219214,"ok"
2578,1,0,read,ro,219123,219313,"ok"
2579,1,0,read,ro,219313,219381,"ok"
2580,5,0,read,ro,219214,219387,"ok"
2581,1,0,read,ro,219381,219445,"ok"
2582,5,0,read,ro,219387,219480,"ok"
2583,5,0,read,ro,219481,219567,"ok"
2584,1,0,read,ro,219445,219625,"ok"
2585,1,0,read,ro,219626,219694,"ok"
2586,1,0,read,ro,219695,219745,"ok"
2587,5,0,read,ro,219573,219757,"ok"
2588,5,0,read,ro,219757,219835,"ok"
2589,5,0,read,ro,219836,219889,"ok"
2590,1,0,read,ro,219745,219909,"ok"
2591,1,0,read,ro,219910,219980,"ok"
2592,1,0,read,ro,219980,220053,"ok"
2593,5,0,read,ro,219889,220082,"ok"
2594,5,0,read,ro,220082,220165,"ok"
2595,5,0,read,ro,220165,220218,"ok"
2596,1,0,read,ro,220053,220225,"ok"
2597,1,0,read,ro,220226,220307,"ok"
2598,1,0,read,ro,220308,220361,"ok"
2599,5,0,read,ro,220218,220399,"ok"
2600,5,0,read,ro,220400,220489,"ok"
2601,1,0,read,ro,220361,220537,"ok"
2602,5,0,read,ro,220489,220540,"ok"
2603,1,0,read,ro,220537,220624,"ok"
2604,1,0,read,ro,220624,220676,"ok"
2605,5,0,read,ro,220540,220733,"ok"
2606,5,0,read,ro,220733,220805,"ok"
2607,1,0,read,ro,220676,220839,"ok"
2608,5,0,read,ro,220805,220856,"ok"
2609,1,0,read,ro,220840,220918,"ok"
2610,1,0,read,ro,220918,220984,"ok"
2611,5,0,read,ro,220856,221066,"ok"
2612,5,0,read,ro,221066,221139,"ok"
2613,1,0,read,ro,220984,221169,"ok"
2614,5,0,read,ro,221139,221188,"ok"
2615,1,0,read,ro,221169,221245,"ok"
2616,1,0,read,ro,221249,221316,"ok"
2617,5,0,read,ro,221189,221379,"ok"
2618,5,0,read,ro,221379,221454,"ok"
2619,1,0,read,ro,221316,221494,"ok"
2620,5,0,read,ro,221455,221505,"ok"
2621,1,0,read,ro,221494,221571,"ok"
2622,1,0,read,ro,221571,221636,"ok"
2623,5,0,read,ro,221505,221690,"ok"
2624,5,0,read,ro,221690,221769,"ok"
2625,1,0,read,ro,221636,221807,"ok"
2626,5,0,read,ro,221769,221820,"ok"
2627,1,0,read,ro,221807,221885,"ok"
2628,1,0,read,ro,221886,221952,"ok"
2629,5,0,read,ro,221820,222035,"ok"
2630,5,0,read,ro,222035,222108,"ok"
2631,1,0,read,ro,221952,222143,"ok"
2632,5,0,read,ro,222109,222157,"ok"
2633,1,0,read,ro,222143,222225,"ok"
2634,10,0,read,ro,190090,222389,"ok"
2635,2,0,read,ro,198248,222391,"ok"
2636,10,0,read,ro,222390,222484,"ok"
2637,10,0,read,ro,222484,222538,"ok"
2638,2,0,read,ro,222391,222627,"ok"
2639,2,0,read,ro,222627,222700,"ok"
2640,10,0,read,ro,222538,222745,"ok"
2641,2,0,read,ro,222700,222753,"ok"
2642,2,0,read,ro,222753,222988,"ok"
2643,10,0,read,ro,222745,223055,"ok"
2644,2,0,read,ro,222988,223088,"ok"
2645,2,0,read,ro,223088,223162,"ok"
2646,10,0,read,ro,223056,223388,"ok"
2647,10,0,read,ro,223388,223658,"ok"
2648,10,0,read,ro,223663,223719,"ok"
2649,10,0,read,ro,223719,223772,"ok"
2650,10,0,read,ro,223772,223937,"ok"
2651,10,0,read,ro,223937,224076,"ok"
2652,10,0,read,ro,224077,224277,"ok"
2653,2,0,read,ro,223163,224375,"ok"
2654,2,0,read,ro,224376,224492,"ok"
2655,2,0,read,ro,224492,224547,"ok"
2656,10,0,read,ro,224277,224581,"ok"
2657,10,0,read,ro,224582,224668,"ok"
2658,10,0,read,ro,224668,224733,"ok"
2659,2,0,read,ro,224547,224748,"ok"
2660,2,0,read,ro,224749,224825,"ok"
2661,2,0,read,ro,224825,224876,"ok"
2662,10,0,read,ro,224733,224952,"ok"
2663,10,0,read,ro,224952,225056,"ok"
2664,2,0,read,ro,224876,225073,"ok"
2665,10,0,read,ro,225056,225133,"ok"
2666,2,0,read,ro,225073,225150,"ok"
2667,2,0,read,ro,225151,225222,"ok"
2668,10,0,read,ro,225133,225341,"ok"
2669,2,0,read,ro,225222,225395,"ok"
2670,10,0,read,ro,225342,225425,"ok"
2671,2,0,read,ro,225395,225471,"ok"
2672,10,0,read,ro,225425,225496,"ok"
2673,2,0,read,ro,225471,225543,"ok"
2674,10,0,read,ro,225496,225694,"ok"
2675,2,0,read,ro,225543,225726,"ok"
2676,10,0,read,ro,225694,225781,"ok"
2677,2,0,read,ro,225727,225799,"ok"
2678,10,0,read,ro,225782,225860,"ok"
2679,15,0,read,ro,202209,226032,"ok"
2680,15,0,read,ro,226036,226107,"ok"
2681,10,0,read,ro,225860,226112,"ok"
2682,15,0,read,ro,226107,226172,"ok"
2683,10,0,read,ro,226113,226196,"ok"
2684,15,0,read,ro,226172,226367,"ok"
2685,9,0,read,ro,194239,226387,"ok"
2686,15,0,read,ro,226367,226449,"ok"
2687,15,0,read,ro,226449,226516,"ok"
2688,9,0,read,ro,226387,226654,"ok"
2689,15,0,read,ro,226516,226679,"ok"
2690,9,0,read,ro,226655,226730,"ok"
2691,15,0,read,ro,226679,226755,"ok"
2692,9,0,read,ro,226730,226802,"ok"
2693,15,0,read,ro,226755,226829,"ok"
2694,9,0,read,ro,226803,226995,"ok"
2695,15,0,read,ro,226829,227034,"ok"
2696,9,0,read,ro,226996,227097,"ok"
2697,15,0,read,ro,227034,227109,"ok"
2698,9,0,read,ro,227097,227170,"ok"
2699,15,0,read,ro,227109,227183,"ok"
2700,9,0,read,ro,227170,227354,"ok"
2701,15,0,read,ro,227184,227371,"ok"
2702,9,0,read,ro,227355,227433,"ok"
2703,15,0,read,ro,227371,227452,"ok"
2704,9,0,read,ro,227433,227506,"ok"
2705,15,0,read,ro,227452,227523,"ok"
2706,9,0,read,ro,227506,227705,"ok"
2707,15,0,read,ro,227523,227708,"ok"
2708,9,0,read,ro,227705,227785,"ok"
2709,15,0,read,ro,227709,227788,"ok"
2710,9,0,read,ro,227785,227860,"ok"
2711,15,0,read,ro,227788,227863,"ok"
2712,9,0,read,ro,227860,228063,"ok"
2713,15,0,read,ro,227866,228069,"ok"
2714,15,0,read,ro,228069,228149,"ok"
2715,9,0,read,ro,228064,228150,"ok"
2716,15,0,read,ro,228149,228212,"ok"
2717,9,0,read,ro,228150,228228,"ok"
2718,15,0,read,ro,228212,228406,"ok"
2719,9,0,read,ro,228228,228435,"ok"
2720,15,0,read,ro,228406,228478,"ok"
2721,9,0,read,ro,228435,228524,"ok"
2722,15,0,read,ro,228478,228549,"ok"
2723,9,0,read,ro,228524,228612,"ok"
2724,15,0,read,ro,228549,228733,"ok"
2725,15,0,read,ro,228733,228801,"ok"
2726,15,0,read,ro,228801,228859,"ok"
2727,9,0,read,ro,228613,228888,"ok"
2728,9,0,read,ro,228889,228987,"ok"
2729,15,0,read,ro,228860,229042,"ok"
2730,9,0,read,ro,228987,229088,"ok"
2731,15,0,read,ro,229042,229114,"ok"
2732,15,0,read,ro,229114,229187,"ok"
2733,15,0,read,ro,229187,229354,"ok"
2734,9,0,read,ro,229088,229357,"ok"
2735,15,0,read,ro,229354,229426,"ok"
2736,9,0,read,ro,229358,229482,"ok"
2737,15,0,read,ro,229426,229505,"ok"
2738,9,0,read,ro,229482,229573,"ok"
2739,15,0,read,ro,229505,229703,"ok"
2740,15,0,read,ro,229703,229777,"ok"
2741,15,0,read,ro,229778,229828,"ok"
2742,9,0,read,ro,229573,229837,"ok"
2743,9,0,read,ro,229838,229930,"ok"
2744,15,0,read,ro,229828,229999,"ok"
2745,9,0,read,ro,229941,230006,"ok"
2746,15,0,read,ro,230000,230103,"ok"
2747,15,0,read,ro,230103,230178,"ok"
2748,15,0,read,ro,230178,230357,"ok"
2749,14,0,read,ro,202159,230520,"ok"
2750,0,0,read,ro,206205,230578,"ok"
2751,14,0,read,ro,230521,230647,"ok"
2752,0,0,read,ro,230578,230660,"ok"
2753,0,0,read,ro,230660,230734,"ok"
2754,14,0,read,ro,230647,230741,"ok"
2755,0,0,read,ro,230734,230916,"ok"
2756,0,0,read,ro,230916,230987,"ok"
2757,14,0,read,ro,230742,231048,"ok"
2758,0,0,read,ro,230987,231058,"ok"
2759,14,0,read,ro,231049,231136,"ok"
2760,14,0,read,ro,231136,231205,"ok"
2761,0,0,read,ro,231058,231255,"ok"
2762,0,0,read,ro,231256,231326,"ok"
2763,0,0,read,ro,231326,231380,"ok"
2764,14,0,read,ro,231206,231389,"ok"
2765,14,0,read,ro,231390,231477,"ok"
2766,14,0,read,ro,231477,231533,"ok"
2767,0,0,read,ro,231380,231570,"ok"
2768,0,0,read,ro,231570,231648,"ok"
2769,0,0,read,ro,231648,231703,"ok"
2770,14,0,read,ro,231534,231707,"ok"
2771,14,0,read,ro,231708,231810,"ok"
2772,14,0,read,ro,231811,231865,"ok"
2773,0,0,read,ro,231704,231908,"ok"
2774,0,0,read,ro,231909,231990,"ok"
2775,14,0,read,ro,231866,232060,"ok"
2776,0,0,read,ro,231990,232066,"ok"
2777,14,0,read,ro,232070,232156,"ok"
2778,14,0,read,ro,232156,232210,"ok"
2779,0,0,read,ro,232070,232269,"ok"
2780,0,0,read,ro,232270,232351,"ok"
2781,14,0,read,ro,232210,232386,"ok"
2782,0,0,read,ro,232351,232412,"ok"
2783,14,0,read,ro,232386,232474,"ok"
2784,14,0,read,ro,232474,232541,"ok"
2785,0,0,read,ro,232412,232623,"ok"
2786,0,0,read,ro,232624,232698,"ok"
2787,14,0,read,ro,232541,232712,"ok"
2788,0,0,read,ro,232698,232755,"ok"
2789,14,0,read,ro,232713,232794,"ok"
2790,14,0,read,ro,232794,232864,"ok"
2791,0,0,read,ro,232755,232962,"ok"
2792,0,0,read,ro,232962,233053,"ok"
2793,14,0,read,ro,232864,233057,"ok"
2794,0,0,read,ro,233053,233115,"ok"
2795,14,0,read,ro,233057,233141,"ok"
2796,14,0,read,ro,233141,233213,"ok"
2797,0,0,read,ro,233115,233318,"ok"
2798,14,0,read,ro,233213,233380,"ok"
2799,0,0,read,ro,233318,233401,"ok"
2800,14,0,read,ro,233380,233465,"ok"
2801,0,0,read,ro,233401,233477,"ok"
2802,14,0,read,ro,233466,233542,"ok"
2803,0,0,read,ro,233477,233672,"ok"
2804,14,0,read,ro,233542,233725,"ok"
2805,0,0,read,ro,233672,233743,"ok"
2806,14,0,read,ro,233726,233801,"ok"
2807,0,0,read,ro,233743,233820,"ok"
2808,14,0,read,ro,233801,233876,"ok"
2809,0,0,read,ro,233824,234025,"ok"
2810,14,0,read,ro,233876,234078,"ok"
2811,0,0,read,ro,234026,234098,"ok"
2812,14,0,read,ro,234078,234157,"ok"
2813,0,0,read,ro,234098,234171,"ok"
2814,14,0,read,ro,234157,234233,"ok"
2815,13,0,read,ro,210253,234355,"ok"
2816,8,0,read,ro,198185,234485,"ok"
2817,8,0,read,ro,234485,234560,"ok"
2818,13,0,read,ro,234355,234572,"ok"
2819,8,0,read,ro,234560,234619,"ok"
2820,13,0,read,ro,234573,234651,"ok"
2821,13,0,read,ro,234652,234728,"ok"
2822,8,0,read,ro,234619,234842,"ok"
2823,13,0,read,ro,234728,234908,"ok"
2824,8,0,read,ro,234842,234923,"ok"
2825,13,0,read,ro,234909,234991,"ok"
2826,8,0,read,ro,234923,235003,"ok"
2827,13,0,read,ro,234991,235091,"ok"
2828,8,0,read,ro,235003,235246,"ok"
2829,13,0,read,ro,235091,235289,"ok"
2830,8,0,read,ro,235246,235317,"ok"
2831,13,0,read,ro,235289,235364,"ok"
2832,8,0,read,ro,235317,235391,"ok"
2833,13,0,read,ro,235364,235440,"ok"
2834,8,0,read,ro,235391,235592,"ok"
2835,13,0,read,ro,235440,235639,"ok"
2836,8,0,read,ro,235592,235663,"ok"
2837,13,0,read,ro,235639,235721,"ok"
2838,8,0,read,ro,235663,235738,"ok"
2839,13,0,read,ro,235722,235805,"ok"
2840,8,0,read,ro,235738,235931,"ok"
2841,8,0,read,ro,235931,236000,"ok"
2842,13,0,read,ro,235807,236006,"ok"
2843,8,0,read,ro,236000,236080,"ok"
2844,13,0,read,ro,236006,236114,"ok"
2845,13,0,read,ro,236114,236194,"ok"
2846,8,0,read,ro,236081,236270,"ok"
2847,8,0,read,ro,236271,236342,"ok"
2848,13,0,read,ro,236195,236375,"ok"
2849,8,0,read,ro,236342,236392,"ok"
2850,13,0,read,ro,236375,236466,"ok"
2851,13,0,read,ro,236466,236539,"ok"
2852,8,0,read,ro,236393,236597,"ok"
2853,8,0,read,ro,236597,236669,"ok"
2854,8,0,read,ro,236669,236719,"ok"
2855,13,0,read,ro,236539,236722,"ok"
2856,13,0,read,ro,236722,236804,"ok"
2857,13,0,read,ro,236805,236857,"ok"
2858,8,0,read,ro,236719,236893,"ok"
2859,8,0,read,ro,236893,236964,"ok"
2860,8,0,read,ro,236964,237034,"ok"
2861,13,0,read,ro,236857,237045,"ok"
2862,13,0,read,ro,237045,237125,"ok"
2863,13,0,read,ro,237125,237177,"ok"
2864,8,0,read,ro,237035,237217,"ok"
2865,8,0,read,ro,237217,237287,"ok"
2866,8,0,read,ro,237288,237338,"ok"
2867,13,0,read,ro,237177,237361,"ok"
2868,13,0,read,ro,237361,237444,"ok"
2869,13,0,read,ro,237445,237498,"ok"
2870,8,0,read,ro,237338,237505,"ok"
2871,8,0,read,ro,237506,237583,"ok"
2872,8,0,read,ro,237587,237638,"ok"
2873,13,0,read,ro,237499,237676,"ok"
2874,13,0,read,ro,237677,237758,"ok"
2875,8,0,read,ro,237638,237800,"ok"
2876,13,0,read,ro,237758,237811,"ok"
2877,8,0,read,ro,237800,237878,"ok"
2878,8,0,read,ro,237878,237943,"ok"
2879,13,0,read,ro,237811,238030,"ok"
2880,13,0,read,ro,238030,238103,"ok"
2881,8,0,read,ro,237943,238121,"ok"
2882,13,0,read,ro,238104,238156,"ok"
2883,8,0,read,ro,238122,238194,"ok"
2884,8,0,read,ro,238195,238262,"ok"
2885,12,0,read,ro,214206,238334,"ok"
2886,7,0,read,ro,206217,238351,"ok"
2887,12,0,read,ro,238335,238421,"ok"
2888,7,0,read,ro,238351,238430,"ok"
2889,12,0,read,ro,238421,238663,"ok"
2890,7,0,read,ro,238430,238671,"ok"
2891,12,0,read,ro,238663,238740,"ok"
2892,7,0,read,ro,238671,238758,"ok"
2893,12,0,read,ro,238740,238813,"ok"
2894,7,0,read,ro,238758,238845,"ok"
2895,12,0,read,ro,238813,239001,"ok"
2896,7,0,read,ro,238846,239069,"ok"
2897,12,0,read,ro,239001,239090,"ok"
2898,7,0,read,ro,239069,239143,"ok"
2899,12,0,read,ro,239090,239162,"ok"
2900,7,0,read,ro,239143,239212,"ok"
2901,12,0,read,ro,239163,239357,"ok"
2902,7,0,read,ro,239212,239389,"ok"
2903,12,0,read,ro,239357,239436,"ok"
2904,7,0,read,ro,239389,239464,"ok"
2905,12,0,read,ro,239438,239510,"ok"
2906,7,0,read,ro,239465,239535,"ok"
2907,12,0,read,ro,239510,239712,"ok"
2908,7,0,read,ro,239535,239731,"ok"
2909,12,0,read,ro,239712,239789,"ok"
2910,7,0,read,ro,239732,239805,"ok"
2911,12,0,read,ro,239789,239874,"ok"
2912,7,0,read,ro,239805,239881,"ok"
2913,7,0,read,ro,239881,240092,"ok"
2914,12,0,read,ro,239874,240099,"ok"
2915,7,0,read,ro,240092,240157,"ok"
2916,12,0,read,ro,240099,240191,"ok"
2917,7,0,read,ro,240157,240224,"ok"
2918,12,0,read,ro,240191,240273,"ok"
2919,7,0,read,ro,240224,240402,"ok"
2920,7,0,read,ro,240402,240476,"ok"
2921,12,0,read,ro,240274,240486,"ok"
2922,7,0,read,ro,240476,240531,"ok"
2923,12,0,read,ro,240486,240576,"ok"
2924,12,0,read,ro,240576,240656,"ok"
2925,7,0,read,ro,240531,240721,"ok"
2926,7,0,read,ro,240721,240797,"ok"
2927,12,0,read,ro,240656,240834,"ok"
2928,7,0,read,ro,240797,240847,"ok"
2929,12,0,read,ro,240834,240912,"ok"
2930,12,0,read,ro,240912,240979,"ok"
2931,7,0,read,ro,240847,241059,"ok"
2932,7,0,read,ro,241059,241129,"ok"
2933,12,0,read,ro,240979,241167,"ok"
2934,7,0,read,ro,241129,241179,"ok"
2935,12,0,read,ro,241167,241246,"ok"
2936,12,0,read,ro,241248,241315,"ok"
2937,7,0,read,ro,241179,241367,"ok"
2938,7,0,read,ro,241367,241446,"ok"
2939,12,0,read,ro,241315,241488,"ok"
2940,7,0,read,ro,241446,241497,"ok"
2941,12,0,read,ro,241488,241572,"ok"
2942,12,0,read,ro,241572,241640,"ok"
2943,7,0,read,ro,241497,241684,"ok"
2944,7,0,read,ro,241684,241759,"ok"
2945,7,0,read,ro,241759,241810,"ok"
2946,12,0,read,ro,241640,241821,"ok"
2947,12,0,read,ro,241821,241899,"ok"
2948,12,0,read,ro,241899,241950,"ok"
2949,7,0,read,ro,241810,241980,"ok"
2950,7,0,read,ro,241980,242070,"ok"
2951,7,0,read,ro,242070,242121,"ok"
2952,12,0,read,ro,241950,242144,"ok"
2953,12,0,read,ro,242144,242218,"ok"
2954,4,0,read,ro,210203,242336,"ok"
2955,2,0,read,ro,225800,242339,"ok"
2956,2,0,read,ro,242340,242588,"ok"
2957,4,0,read,ro,242336,242602,"ok"
2958,2,0,read,ro,242588,242656,"ok"
2959,4,0,read,ro,242602,242683,"ok"
2960,2,0,read,ro,242656,242732,"ok"
2961,4,0,read,ro,242684,242778,"ok"
2962,2,0,read,ro,242732,242929,"ok"
2963,4,0,read,ro,242778,242988,"ok"
2964,2,0,read,ro,242930,243004,"ok"
2965,4,0,read,ro,242988,243092,"ok"
2966,2,0,read,ro,243005,243111,"ok"
2967,4,0,read,ro,243092,243162,"ok"
2968,2,0,read,ro,243111,243328,"ok"
2969,4,0,read,ro,243168,243360,"ok"
2970,2,0,read,ro,243329,243442,"ok"
2971,4,0,read,ro,243360,243447,"ok"
2972,4,0,read,ro,243447,243508,"ok"
2973,2,0,read,ro,243442,243552,"ok"
2974,4,0,read,ro,243508,243689,"ok"
2975,4,0,read,ro,243690,243759,"ok"
2976,2,0,read,ro,243553,243771,"ok"
2977,4,0,read,ro,243759,243821,"ok"
2978,2,0,read,ro,243771,243855,"ok"
2979,2,0,read,ro,243855,243926,"ok"
2980,4,0,read,ro,243821,244028,"ok"
2981,4,0,read,ro,244029,244101,"ok"
2982,2,0,read,ro,243926,244124,"ok"
2983,4,0,read,ro,244101,244152,"ok"
2984,2,0,read,ro,244125,244204,"ok"
2985,2,0,read,ro,244205,244273,"ok"
2986,4,0,read,ro,244152,244340,"ok"
2987,4,0,read,ro,244340,244408,"ok"
2988,2,0,read,ro,244273,244450,"ok"
2989,4,0,read,ro,244408,244464,"ok"
2990,2,0,read,ro,244450,244529,"ok"
2991,2,0,read,ro,244530,244597,"ok"
2992,4,0,read,ro,244465,244650,"ok"
2993,4,0,read,ro,244651,244718,"ok"
2994,4,0,read,ro,244718,244768,"ok"
2995,2,0,read,ro,244597,244770,"ok"
2996,2,0,read,ro,244770,244851,"ok"
2997,2,0,read,ro,244852,244901,"ok"
2998,4,0,read,ro,244768,244935,"ok"
2999,4,0,read,ro,244935,245007,"ok"
3000,4,0,read,ro,245030,245086,"ok"
3001,2,0,read,ro,244902,245097,"ok"
3002,2,0,read,ro,245098,245176,"ok"
3003,2,0,read,ro,245176,245241,"ok"
3004,4,0,read,ro,245086,245260,"ok"
3005,4,0,read,ro,245261,245333,"ok"
3006,4,0,read,ro,245333,245383,"ok"
3007,2,0,read,ro,245241,245476,"ok"
3008,4,0,read,ro,245383,245548,"ok"
3009,2,0,read,ro,245477,245568,"ok"
3010,4,0,read,ro,245548,245620,"ok"
3011,2,0,read,ro,245569,245657,"ok"
3012,4,0,read,ro,245621,245690,"ok"
3013,4,0,read,ro,245691,245872,"ok"
3014,2,0,read,ro,245657,245911,"ok"
3015,4,0,read,ro,245872,245925,"ok"
3016,4,0,read,ro,245926,246003,"ok"
3017,2,0,read,ro,245912,246044,"ok"
3018,2,0,read,ro,246044,246140,"ok"
3019,4,0,read,ro,246003,246213,"ok"
3020,11,0,read,ro,214255,246380,"ok"
3021,3,0,read,ro,218258,246433,"ok"
3022,11,0,read,ro,246380,246456,"ok"
3023,11,0,read,ro,246457,246691,"ok"
3024,3,0,read,ro,246434,246746,"ok"
3025,11,0,read,ro,246691,246762,"ok"
3026,3,0,read,ro,246747,246843,"ok"
3027,11,0,read,ro,246762,246846,"ok"
3028,3,0,read,ro,246844,246939,"ok"
3029,11,0,read,ro,246847,247064,"ok"
3030,11,0,read,ro,247064,247132,"ok"
3031,11,0,read,ro,247132,247186,"ok"
3032,3,0,read,ro,246939,247207,"ok"
3033,3,0,read,ro,247208,247314,"ok"
3034,11,0,read,ro,247190,247360,"ok"
3035,3,0,read,ro,247314,247393,"ok"
3036,11,0,read,ro,247360,247439,"ok"
3037,11,0,read,ro,247439,247514,"ok"
3038,3,0,read,ro,247394,247676,"ok"
3039,11,0,read,ro,247514,247684,"ok"
3040,11,0,read,ro,247684,247754,"ok"
3041,3,0,read,ro,247677,247797,"ok"
3042,11,0,read,ro,247754,247823,"ok"
3043,3,0,read,ro,247797,247902,"ok"
3044,11,0,read,ro,247823,248032,"ok"
3045,11,0,read,ro,248032,248106,"ok"
3046,11,0,read,ro,248106,248157,"ok"
3047,3,0,read,ro,247903,248194,"ok"
3048,3,0,read,ro,248195,248288,"ok"
3049,11,0,read,ro,248158,248324,"ok"
3050,3,0,read,ro,248288,248353,"ok"
3051,11,0,read,ro,248324,248395,"ok"
3052,11,0,read,ro,248395,248470,"ok"
3053,3,0,read,ro,248353,248610,"ok"
3054,11,0,read,ro,248470,248634,"ok"
3055,3,0,read,ro,248610,248705,"ok"
3056,11,0,read,ro,248635,248730,"ok"
3057,3,0,read,ro,248706,248798,"ok"
3058,11,0,read,ro,248730,248802,"ok"
3059,11,0,read,ro,248802,248980,"ok"
3060,11,0,read,ro,248980,249070,"ok"
3061,3,0,read,ro,248798,249079,"ok"
3062,11,0,read,ro,249070,249126,"ok"
3063,3,0,read,ro,249079,249180,"ok"
3064,3,0,read,ro,249181,249266,"ok"
3065,11,0,read,ro,249126,249314,"ok"
3066,11,0,read,ro,249314,249383,"ok"
3067,11,0,read,ro,249383,249438,"ok"
3068,3,0,read,ro,249267,249499,"ok"
3069,3,0,read,ro,249500,249586,"ok"
3070,11,0,read,ro,249438,249599,"ok"
3071,3,0,read,ro,249586,249661,"ok"
3072,11,0,read,ro,249599,249673,"ok"
3073,11,0,read,ro,249673,249749,"ok"
3074,11,0,read,ro,249749,249915,"ok"
3075,3,0,read,ro,249662,249928,"ok"
3076,11,0,read,ro,249915,249973,"ok"
3077,3,0,read,ro,249928,250053,"ok"
3078,11,0,read,ro,249974,250064,"ok"
3079,3,0,read,ro,250053,250155,"ok"
3080,11,0,read,ro,250064,250254,"ok"
3081,1,0,read,ro,222225,250374,"ok"
3082,6,0,read,ro,218156,250438,"ok"
3083,6,0,read,ro,250439,250515,"ok"
3084,6,0,read,ro,250516,250565,"ok"
3085,1,0,read,ro,250375,250695,"ok"
3086,6,0,read,ro,250565,250750,"ok"
3087,1,0,read,ro,250696,250788,"ok"
3088,6,0,read,ro,250751,250851,"ok"
3089,1,0,read,ro,250789,250878,"ok"
3090,6,0,read,ro,250851,250927,"ok"
3091,6,0,read,ro,250927,251144,"ok"
3092,1,0,read,ro,250879,251172,"ok"
3093,6,0,read,ro,251144,251200,"ok"
3094,6,0,read,ro,251201,251271,"ok"
3095,1,0,read,ro,251172,251273,"ok"
3096,1,0,read,ro,251281,251374,"ok"
3097,6,0,read,ro,251271,251447,"ok"
3098,6,0,read,ro,251447,251518,"ok"
3099,6,0,read,ro,251518,251568,"ok"
3100,1,0,read,ro,251374,251622,"ok"
3101,1,0,read,ro,251623,251714,"ok"
3102,6,0,read,ro,251568,251731,"ok"
3103,1,0,read,ro,251714,251812,"ok"
3104,6,0,read,ro,251732,251823,"ok"
3105,6,0,read,ro,251823,251899,"ok"
3106,6,0,read,ro,251899,252093,"ok"
3107,1,0,read,ro,251812,252108,"ok"
3108,6,0,read,ro,252093,252152,"ok"
3109,1,0,read,ro,252108,252211,"ok"
3110,6,0,read,ro,252153,252224,"ok"
3111,1,0,read,ro,252211,252311,"ok"
3112,6,0,read,ro,252224,252407,"ok"
3113,6,0,read,ro,252407,252491,"ok"
3114,6,0,read,ro,252492,252547,"ok"
3115,1,0,read,ro,252311,252581,"ok"
3116,1,0,read,ro,252581,252672,"ok"
3117,6,0,read,ro,252547,252725,"ok"
3118,1,0,read,ro,252672,252744,"ok"
3119,6,0,read,ro,252726,252797,"ok"
3120,6,0,read,ro,252798,252865,"ok"
3121,6,0,read,ro,252866,253047,"ok"
3122,1,0,read,ro,252745,253051,"ok"
3123,6,0,read,ro,253047,253108,"ok"
3124,1,0,read,ro,253052,253165,"ok"
3125,6,0,read,ro,253109,253179,"ok"
3126,1,0,read,ro,253165,253269,"ok"
3127,6,0,read,ro,253180,253369,"ok"
3128,6,0,read,ro,253372,253447,"ok"
3129,6,0,read,ro,253447,253500,"ok"
3130,1,0,read,ro,253269,253548,"ok"
3131,1,0,read,ro,253549,253634,"ok"
3132,6,0,read,ro,253500,253662,"ok"
3133,1,0,read,ro,253635,253687,"ok"
3134,6,0,read,ro,253662,253735,"ok"
3135,6,0,read,ro,253735,253802,"ok"
3136,1,0,read,ro,253687,253904,"ok"
3137,6,0,read,ro,253802,253965,"ok"
3138,1,0,read,ro,253905,253992,"ok"
3139,6,0,read,ro,253966,254057,"ok"
3140,1,0,read,ro,253992,254090,"ok"
3141,6,0,read,ro,254057,254129,"ok"
3142,5,0,read,ro,222157,254453,"ok"
3143,0,0,read,ro,234172,254514,"ok"
3144,5,0,read,ro,254454,254517,"ok"
3145,5,0,read,ro,254517,254580,"ok"
3146,0,0,read,ro,254514,254598,"ok"
3147,0,0,read,ro,254599,254671,"ok"
3148,5,0,read,ro,254581,254780,"ok"
3149,0,0,read,ro,254671,254841,"ok"
3150,5,0,read,ro,254780,254852,"ok"
3151,0,0,read,ro,254841,254916,"ok"
3152,5,0,read,ro,254853,254926,"ok"
3153,0,0,read,ro,254916,254989,"ok"
3154,5,0,read,ro,254927,255143,"ok"
3155,5,0,read,ro,255143,255213,"ok"
3156,0,0,read,ro,254990,255215,"ok"
3157,5,0,read,ro,255213,255267,"ok"
3158,0,0,read,ro,255216,255301,"ok"
3159,0,0,read,ro,255301,255368,"ok"
3160,5,0,read,ro,255268,255465,"ok"
3161,5,0,read,ro,255465,255533,"ok"
3162,0,0,read,ro,255375,255552,"ok"
3163,5,0,read,ro,255533,255583,"ok"
3164,0,0,read,ro,255552,255624,"ok"
3165,0,0,read,ro,255625,255690,"ok"
3166,5,0,read,ro,255583,255767,"ok"
3167,5,0,read,ro,255768,255837,"ok"
3168,0,0,read,ro,255690,255855,"ok"
3169,5,0,read,ro,255837,255887,"ok"
3170,0,0,read,ro,255855,255928,"ok"
3171,0,0,read,ro,255928,255994,"ok"
3172,5,0,read,ro,255888,256093,"ok"
3173,5,0,read,ro,256093,256165,"ok"
3174,0,0,read,ro,255994,256181,"ok"
3175,5,0,read,ro,256165,256215,"ok"
3176,0,0,read,ro,256182,256256,"ok"
3177,0,0,read,ro,256256,256324,"ok"
3178,5,0,read,ro,256216,256402,"ok"
3179,5,0,read,ro,256402,256477,"ok"
3180,0,0,read,ro,256324,256492,"ok"
3181,5,0,read,ro,256478,256528,"ok"
3182,0,0,read,ro,256493,256567,"ok"
3183,0,0,read,ro,256567,256635,"ok"
3184,5,0,read,ro,256529,256714,"ok"
3185,5,0,read,ro,256714,256780,"ok"
3186,5,0,read,ro,256781,256829,"ok"
3187,13,0,read,ro,238156,256841,"ok"
3188,13,0,read,ro,256842,256920,"ok"
3189,13,0,read,ro,256920,256973,"ok"
3190,5,0,read,ro,256829,256996,"ok"
3191,5,0,read,ro,256996,257086,"ok"
3192,5,0,read,ro,257089,257138,"ok"
3193,13,0,read,ro,256973,257175,"ok"
3194,13,0,read,ro,257176,257248,"ok"
3195,13,0,read,ro,257248,257300,"ok"
3196,5,0,read,ro,257138,257309,"ok"
3197,5,0,read,ro,257309,257385,"ok"
3198,5,0,read,ro,257385,257440,"ok"
3199,13,0,read,ro,257300,257481,"ok"
3200,13,0,read,ro,257481,257555,"ok"
3201,13,0,read,ro,257555,257606,"ok"
3202,5,0,read,ro,257440,257611,"ok"
3203,5,0,read,ro,257611,257690,"ok"
3204,5,0,read,ro,257691,257740,"ok"
3205,13,0,read,ro,257606,257783,"ok"
3206,13,0,read,ro,257783,257855,"ok"
3207,5,0,read,ro,257740,257904,"ok"
3208,13,0,read,ro,257856,257906,"ok"
3209,5,0,read,ro,257905,257985,"ok"
3210,5,0,read,ro,257985,258069,"ok"
3211,13,0,read,ro,257906,258134,"ok"
3212,13,0,read,ro,258135,258222,"ok"
3213,5,0,read,ro,258069,258244,"ok"
3214,10,0,read,ro,226197,258308,"ok"
3215,12,0,read,ro,242219,258334,"ok"
3216,10,0,read,ro,258308,258581,"ok"
3217,12,0,read,ro,258334,258595,"ok"
3218,10,0,read,ro,258581,258657,"ok"
3219,12,0,read,ro,258595,258671,"ok"
3220,10,0,read,ro,258657,258728,"ok"
3221,12,0,read,ro,258672,258744,"ok"
3222,10,0,read,ro,258728,258920,"ok"
3223,12,0,read,ro,258745,258935,"ok"
3224,10,0,read,ro,258921,258994,"ok"
3225,12,0,read,ro,258939,259033,"ok"
3226,10,0,read,ro,258995,259087,"ok"
3227,12,0,read,ro,259033,259108,"ok"
3228,10,0,read,ro,259087,259274,"ok"
3229,12,0,read,ro,259108,259298,"ok"
3230,10,0,read,ro,259274,259345,"ok"
3231,12,0,read,ro,259298,259372,"ok"
3232,10,0,read,ro,259345,259414,"ok"
3233,12,0,read,ro,259372,259445,"ok"
3234,10,0,read,ro,259414,259604,"ok"
3235,12,0,read,ro,259446,259636,"ok"
3236,10,0,read,ro,259604,259674,"ok"
3237,12,0,read,ro,259636,259732,"ok"
3238,10,0,read,ro,259674,259746,"ok"
3239,12,0,read,ro,259733,259818,"ok"
3240,10,0,read,ro,259746,259931,"ok"
3241,10,0,read,ro,259931,260003,"ok"
3242,12,0,read,ro,259818,260003,"ok"
3243,10,0,read,ro,260004,260079,"ok"
3244,12,0,read,ro,260005,260100,"ok"
3245,12,0,read,ro,260101,260172,"ok"
3246,10,0,read,ro,260079,260279,"ok"
3247,12,0,read,ro,260172,260341,"ok"
3248,10,0,read,ro,260279,260351,"ok"
3249,12,0,read,ro,260342,260428,"ok"
3250,10,0,read,ro,260352,260432,"ok"
3251,12,0,read,ro,260428,260503,"ok"
3252,10,0,read,ro,260433,260621,"ok"
3253,2,0,read,ro,246140,260660,"ok"
3254,10,0,read,ro,260621,260678,"ok"
3255,2,0,read,ro,260661,260741,"ok"
3256,10,0,read,ro,260678,260750,"ok"
3257,2,0,read,ro,260744,260821,"ok"
3258,10,0,read,ro,260751,261002,"ok"
3259,2,0,read,ro,260821,261008,"ok"
3260,10,0,read,ro,261003,261103,"ok"
3261,2,0,read,ro,261008,261109,"ok"
3262,10,0,read,ro,261104,261184,"ok"
3263,2,0,read,ro,261109,261186,"ok"
3264,10,0,read,ro,261185,261373,"ok"
3265,2,0,read,ro,261187,261376,"ok"
3266,10,0,read,ro,261373,261452,"ok"
3267,2,0,read,ro,261377,261460,"ok"
3268,10,0,read,ro,261452,261525,"ok"
3269,2,0,read,ro,261461,261535,"ok"
3270,10,0,read,ro,261525,261708,"ok"
3271,2,0,read,ro,261535,261738,"ok"
3272,10,0,read,ro,261708,261784,"ok"
3273,2,0,read,ro,261739,261817,"ok"
3274,10,0,read,ro,261785,261858,"ok"
3275,2,0,read,ro,261818,261905,"ok"
3276,10,0,read,ro,261858,262061,"ok"
3277,10,0,read,ro,262061,262134,"ok"
3278,2,0,read,ro,261905,262140,"ok"
3279,10,0,read,ro,262134,262196,"ok"
3280,2,0,read,ro,262141,262221,"ok"
3281,2,0,read,ro,262222,262335,"ok"
3282,9,0,read,ro,230006,262395,"ok"
3283,9,0,read,ro,262396,262476,"ok"
3284,2,0,read,ro,262336,262510,"ok"
3285,9,0,read,ro,262476,262528,"ok"
3286,2,0,read,ro,262511,262593,"ok"
3287,2,0,read,ro,262593,262663,"ok"
3288,9,0,read,ro,262528,262735,"ok"
3289,9,0,read,ro,262736,262805,"ok"
3290,2,0,read,ro,262666,262850,"ok"
3291,2,0,read,ro,262850,262922,"ok"
3292,2,0,read,ro,262922,262973,"ok"
3293,2,0,read,ro,262973,263153,"ok"
3294,2,0,read,ro,263153,263225,"ok"
3295,2,0,read,ro,263225,263277,"ok"
3296,8,0,read,ro,238262,263324,"ok"
3297,8,0,read,ro,263324,263403,"ok"
3298,2,0,read,ro,263277,263448,"ok"
3299,8,0,read,ro,263403,263463,"ok"
3300,2,0,read,ro,263448,263528,"ok"
3301,2,0,read,ro,263528,263596,"ok"
3302,8,0,read,ro,263463,263665,"ok"
3303,8,0,read,ro,263665,263736,"ok"
3304,2,0,read,ro,263596,263760,"ok"
3305,8,0,read,ro,263736,263791,"ok"
3306,2,0,read,ro,263761,263835,"ok"
3307,2,0,read,ro,263836,263903,"ok"
3308,8,0,read,ro,263792,263983,"ok"
3309,8,0,read,ro,263984,264076,"ok"
3310,2,0,read,ro,263903,264085,"ok"
3311,8,0,read,ro,264076,264131,"ok"
3312,2,0,read,ro,264085,264164,"ok"
3313,2,0,read,ro,264164,264234,"ok"
3314,8,0,read,ro,264131,264319,"ok"
3315,15,0,read,ro,230357,264333,"ok"
3316,8,0,read,ro,264320,264398,"ok"
3317,15,0,read,ro,264333,264412,"ok"
3318,8,0,read,ro,264399,264477,"ok"
3319,15,0,read,ro,264412,264612,"ok"
3320,8,0,read,ro,264477,264662,"ok"
3321,15,0,read,ro,264615,264682,"ok"
3322,8,0,read,ro,264662,264735,"ok"
3323,15,0,read,ro,264682,264755,"ok"
3324,8,0,read,ro,264735,264806,"ok"
3325,15,0,read,ro,264755,264944,"ok"
3326,8,0,read,ro,264806,264990,"ok"
3327,15,0,read,ro,264944,265029,"ok"
3328,8,0,read,ro,264991,265081,"ok"
3329,15,0,read,ro,265029,265104,"ok"
3330,8,0,read,ro,265081,265151,"ok"
3331,15,0,read,ro,265105,265296,"ok"
3332,8,0,read,ro,265152,265335,"ok"
3333,15,0,read,ro,265296,265364,"ok"
3334,8,0,read,ro,265336,265408,"ok"
3335,15,0,read,ro,265364,265443,"ok"
3336,8,0,read,ro,265409,265485,"ok"
3337,15,0,read,ro,265443,265628,"ok"
3338,8,0,read,ro,265486,265672,"ok"
3339,15,0,read,ro,265628,265699,"ok"
3340,8,0,read,ro,265672,265746,"ok"
3341,15,0,read,ro,265699,265771,"ok"
3342,8,0,read,ro,265747,265818,"ok"
3343,8,0,read,ro,265818,266000,"ok"
3344,8,0,read,ro,266000,266072,"ok"
3345,8,0,read,ro,266072,266122,"ok"
3346,9,0,read,ro,262805,266200,"ok"
3347,9,0,read,ro,266200,266399,"ok"
3348,9,0,read,ro,266399,266460,"ok"
3349,3,0,read,ro,250156,266462,"ok"
3350,9,0,read,ro,266460,266516,"ok"
3351,3,0,read,ro,266463,266593,"ok"
3352,3,0,read,ro,266595,266672,"ok"
3353,9,0,read,ro,266516,266713,"ok"
3354,9,0,read,ro,266714,266786,"ok"
3355,9,0,read,ro,266787,266843,"ok"
3356,3,0,read,ro,266672,266878,"ok"
3357,3,0,read,ro,266879,266955,"ok"
3358,9,0,read,ro,266843,267028,"ok"
3359,3,0,read,ro,266955,267034,"ok"
3360,9,0,read,ro,267029,267114,"ok"
3361,9,0,read,ro,267114,267183,"ok"
3362,3,0,read,ro,267035,267248,"ok"
3363,3,0,read,ro,267249,267331,"ok"
3364,9,0,read,ro,267183,267353,"ok"
3365,3,0,read,ro,267331,267388,"ok"
3366,9,0,read,ro,267353,267434,"ok"
3367,9,0,read,ro,267434,267503,"ok"
3368,3,0,read,ro,267388,267586,"ok"
3369,3,0,read,ro,267586,267660,"ok"
3370,9,0,read,ro,267503,267667,"ok"
3371,3,0,read,ro,267660,267721,"ok"
3372,9,0,read,ro,267667,267750,"ok"
3373,9,0,read,ro,267751,267825,"ok"
3374,3,0,read,ro,267722,267922,"ok"
3375,9,0,read,ro,267825,267991,"ok"
3376,3,0,read,ro,267922,267998,"ok"
3377,9,0,read,ro,267991,268088,"ok"
3378,3,0,read,ro,267998,268098,"ok"
3379,9,0,read,ro,268089,268166,"ok"
3380,3,0,read,ro,268098,268310,"ok"
3381,9,0,read,ro,268166,268350,"ok"
3382,3,0,read,ro,268311,268388,"ok"
3383,9,0,read,ro,268350,268428,"ok"
3384,3,0,read,ro,268388,268464,"ok"
3385,9,0,read,ro,268432,268506,"ok"
3386,3,0,read,ro,268465,268662,"ok"
3387,9,0,read,ro,268507,268686,"ok"
3388,3,0,read,ro,268662,268740,"ok"
3389,9,0,read,ro,268686,268764,"ok"
3390,3,0,read,ro,268741,268820,"ok"
3391,9,0,read,ro,268764,268840,"ok"
3392,9,0,read,ro,268840,269041,"ok"
3393,3,0,read,ro,268820,269046,"ok"
3394,9,0,read,ro,269041,269104,"ok"
3395,3,0,read,ro,269046,269131,"ok"
3396,9,0,read,ro,269104,269178,"ok"
3397,3,0,read,ro,269131,269208,"ok"
3398,9,0,read,ro,269178,269365,"ok"
3399,3,0,read,ro,269208,269411,"ok"
3400,9,0,read,ro,269365,269440,"ok"
3401,3,0,read,ro,269412,269491,"ok"
3402,9,0,read,ro,269440,269517,"ok"
3403,3,0,read,ro,269491,269569,"ok"
3404,13,0,read,ro,258222,269650,"ok"
3405,9,0,read,ro,269517,269705,"ok"
3406,1,0,read,ro,254090,269754,"ok"
3407,9,0,read,ro,269705,269757,"ok"
3408,9,0,read,ro,269757,269820,"ok"
3409,1,0,read,ro,269754,269848,"ok"
3410,1,0,read,ro,269848,269943,"ok"
3411,9,0,read,ro,269820,270028,"ok"
3412,9,0,read,ro,270028,270102,"ok"
3413,9,0,read,ro,270102,270154,"ok"
3414,1,0,read,ro,269944,270226,"ok"
3415,15,0,read,ro,265771,270371,"ok"
3416,7,0,read,ro,242122,270410,"ok"
3417,15,0,read,ro,270375,270451,"ok"
3418,7,0,read,ro,270411,270501,"ok"
3419,15,0,read,ro,270452,270531,"ok"
3420,7,0,read,ro,270502,270588,"ok"
3421,15,0,read,ro,270531,270775,"ok"
3422,7,0,read,ro,270589,270804,"ok"
3423,15,0,read,ro,270775,270855,"ok"
3424,7,0,read,ro,270804,270879,"ok"
3425,15,0,read,ro,270855,270932,"ok"
3426,7,0,read,ro,270879,270958,"ok"
3427,15,0,read,ro,270932,271170,"ok"
3428,7,0,read,ro,270959,271179,"ok"
3429,7,0,read,ro,271179,271269,"ok"
3430,15,0,read,ro,271171,271275,"ok"
3431,7,0,read,ro,271269,271338,"ok"
3432,15,0,read,ro,271275,271367,"ok"
3433,7,0,read,ro,271339,271544,"ok"
3434,15,0,read,ro,271368,271578,"ok"
3435,7,0,read,ro,271544,271624,"ok"
3436,15,0,read,ro,271578,271662,"ok"
3437,7,0,read,ro,271625,271701,"ok"
3438,15,0,read,ro,271662,271756,"ok"
3439,7,0,read,ro,271706,271942,"ok"
3440,15,0,read,ro,271756,271967,"ok"
3441,7,0,read,ro,271942,272062,"ok"
3442,15,0,read,ro,271967,272074,"ok"
3443,7,0,read,ro,272062,272153,"ok"
3444,15,0,read,ro,272074,272159,"ok"
3445,7,0,read,ro,272153,272372,"ok"
3446,15,0,read,ro,272159,272391,"ok"
3447,7,0,read,ro,272372,272460,"ok"
3448,15,0,read,ro,272391,272475,"ok"
3449,7,0,read,ro,272462,272544,"ok"
3450,15,0,read,ro,272475,272553,"ok"
3451,7,0,read,ro,272544,272734,"ok"
3452,15,0,read,ro,272553,272754,"ok"
3453,7,0,read,ro,272734,272812,"ok"
3454,15,0,read,ro,272754,272836,"ok"
3455,7,0,read,ro,272812,272886,"ok"
3456,15,0,read,ro,272836,272914,"ok"
3457,7,0,read,ro,272886,273094,"ok"
3458,15,0,read,ro,272914,273131,"ok"
3459,7,0,read,ro,273094,273171,"ok"
3460,15,0,read,ro,273131,273211,"ok"
3461,7,0,read,ro,273171,273248,"ok"
3462,15,0,read,ro,273211,273292,"ok"
3463,7,0,read,ro,273248,273444,"ok"
3464,15,0,read,ro,273292,273489,"ok"
3465,7,0,read,ro,273444,273518,"ok"
3466,15,0,read,ro,273490,273568,"ok"
3467,7,0,read,ro,273518,273594,"ok"
3468,15,0,read,ro,273568,273646,"ok"
3469,7,0,read,ro,273595,273785,"ok"
3470,15,0,read,ro,273646,273839,"ok"
3471,7,0,read,ro,273785,273856,"ok"
3472,15,0,read,ro,273839,273920,"ok"
3473,7,0,read,ro,273856,273934,"ok"
3474,15,0,read,ro,273920,273999,"ok"
3475,7,0,read,ro,273934,274140,"ok"
3476,7,0,read,ro,274140,274210,"ok"
3477,4,0,read,ro,246214,274344,"ok"
3478,14,0,read,ro,234233,274374,"ok"
3479,4,0,read,ro,274344,274409,"ok"
3480,14,0,read,ro,274374,274465,"ok"
3481,14,0,read,ro,274466,274541,"ok"
3482,4,0,read,ro,274411,274678,"ok"
3483,14,0,read,ro,274541,274737,"ok"
3484,4,0,read,ro,274678,274759,"ok"
3485,14,0,read,ro,274737,274822,"ok"
3486,4,0,read,ro,274759,274847,"ok"
3487,14,0,read,ro,274822,274900,"ok"
3488,4,0,read,ro,274847,275080,"ok"
3489,14,0,read,ro,274901,275131,"ok"
3490,4,0,read,ro,275081,275164,"ok"
3491,14,0,read,ro,275131,275226,"ok"
3492,4,0,read,ro,275165,275246,"ok"
3493,14,0,read,ro,275226,275322,"ok"
3494,4,0,read,ro,275247,275466,"ok"
3495,14,0,read,ro,275322,275544,"ok"
3496,4,0,read,ro,275466,275549,"ok"
3497,4,0,read,ro,275549,275615,"ok"
3498,14,0,read,ro,275544,275655,"ok"
3499,14,0,read,ro,275655,275743,"ok"
3500,4,0,read,ro,275615,275798,"ok"
3501,4,0,read,ro,275798,275870,"ok"
3502,4,0,read,ro,275870,275922,"ok"
3503,14,0,read,ro,275743,275943,"ok"
3504,14,0,read,ro,275943,276054,"ok"
3505,14,0,read,ro,276054,276112,"ok"
3506,4,0,read,ro,275922,276114,"ok"
3507,4,0,read,ro,276114,276209,"ok"
3508,4,0,read,ro,276209,276261,"ok"
3509,14,0,read,ro,276112,276329,"ok"
3510,11,0,read,ro,250254,276408,"ok"
3511,14,0,read,ro,276330,276418,"ok"
3512,11,0,read,ro,276408,276500,"ok"
3513,14,0,read,ro,276422,276505,"ok"
3514,14,0,read,ro,276505,276707,"ok"
3515,11,0,read,ro,276500,276764,"ok"
3516,14,0,read,ro,276707,276767,"ok"
3517,11,0,read,ro,276764,276851,"ok"
3518,14,0,read,ro,276767,276855,"ok"
3519,11,0,read,ro,276852,276930,"ok"
3520,14,0,read,ro,276855,277078,"ok"
3521,11,0,read,ro,276931,277142,"ok"
3522,14,0,read,ro,277078,277154,"ok"
3523,11,0,read,ro,277142,277229,"ok"
3524,14,0,read,ro,277155,277238,"ok"
3525,11,0,read,ro,277229,277305,"ok"
3526,14,0,read,ro,277238,277479,"ok"
3527,11,0,read,ro,277306,277502,"ok"
3528,14,0,read,ro,277479,277577,"ok"
3529,11,0,read,ro,277502,277585,"ok"
3530,11,0,read,ro,277585,277678,"ok"
3531,14,0,read,ro,277577,277679,"ok"
3532,11,0,read,ro,277678,277860,"ok"
3533,14,0,read,ro,277680,277912,"ok"
3534,11,0,read,ro,277860,277933,"ok"
3535,14,0,read,ro,277912,278029,"ok"
3536,11,0,read,ro,277933,278035,"ok"
3537,14,0,read,ro,278029,278132,"ok"
3538,11,0,read,ro,278035,278247,"ok"
3539,1,0,read,ro,270226,278382,"ok"
3540,6,0,read,ro,254130,278441,"ok"
3541,1,0,read,ro,278383,278443,"ok"
3542,6,0,read,ro,278441,278538,"ok"
3543,6,0,read,ro,278538,278592,"ok"
3544,1,0,read,ro,278443,278667,"ok"
3545,1,0,read,ro,278667,278743,"ok"
3546,6,0,read,ro,278594,278782,"ok"
3547,1,0,read,ro,278744,278799,"ok"
3548,6,0,read,ro,278783,278864,"ok"
3549,6,0,read,ro,278864,278935,"ok"
3550,1,0,read,ro,278800,279041,"ok"
3551,1,0,read,ro,279041,279119,"ok"
3552,6,0,read,ro,278935,279124,"ok"
3553,1,0,read,ro,279119,279182,"ok"
3554,6,0,read,ro,279125,279214,"ok"
3555,6,0,read,ro,279214,279286,"ok"
3556,1,0,read,ro,279183,279391,"ok"
3557,5,0,read,ro,258244,279396,"ok"
3558,1,0,read,ro,279391,279476,"ok"
3559,5,0,read,ro,279396,279484,"ok"
3560,1,0,read,ro,279477,279556,"ok"
3561,5,0,read,ro,279484,279732,"ok"
3562,1,0,read,ro,279556,279748,"ok"
3563,5,0,read,ro,279733,279813,"ok"
3564,1,0,read,ro,279748,279830,"ok"
3565,5,0,read,ro,279814,279888,"ok"
3566,1,0,read,ro,279830,279907,"ok"
3567,1,0,read,ro,279908,280099,"ok"
3568,1,0,read,ro,280099,280174,"ok"
3569,8,0,read,ro,266123,280208,"ok"
3570,1,0,read,ro,280175,280230,"ok"
3571,8,0,read,ro,280209,280294,"ok"
3572,8,0,read,ro,280294,280363,"ok"
3573,1,0,read,ro,280230,280444,"ok"
3574,1,0,read,ro,280444,280517,"ok"
3575,8,0,read,ro,280364,280542,"ok"
3576,1,0,read,ro,280517,280573,"ok"
3577,8,0,read,ro,280546,280624,"ok"
3578,8,0,read,ro,280624,280695,"ok"
3579,1,0,read,ro,280573,280779,"ok"
3580,1,0,read,ro,280779,280855,"ok"
3581,8,0,read,ro,280695,280867,"ok"
3582,1,0,read,ro,280855,280914,"ok"
3583,8,0,read,ro,280867,280945,"ok"
3584,8,0,read,ro,280946,280997,"ok"
3585,14,0,read,ro,278132,281103,"ok"
3586,14,0,read,ro,281104,281189,"ok"
3587,8,0,read,ro,280997,281197,"ok"
3588,14,0,read,ro,281189,281253,"ok"
3589,8,0,read,ro,281198,281281,"ok"
3590,8,0,read,ro,281281,281366,"ok"
3591,14,0,read,ro,281253,281484,"ok"
3592,8,0,read,ro,281366,281546,"ok"
3593,14,0,read,ro,281484,281561,"ok"
3594,8,0,read,ro,281547,281627,"ok"
3595,14,0,read,ro,281561,281646,"ok"
3596,8,0,read,ro,281628,281703,"ok"
3597,14,0,read,ro,281646,281856,"ok"
3598,8,0,read,ro,281703,281905,"ok"
3599,14,0,read,ro,281856,281945,"ok"
3600,8,0,read,ro,281905,281983,"ok"
3601,14,0,read,ro,281946,282048,"ok"
3602,8,0,read,ro,281984,282076,"ok"
3603,14,0,read,ro,282048,282252,"ok"
3604,8,0,read,ro,282076,282322,"ok"
3605,14,0,read,ro,282252,282406,"ok"
3606,8,0,read,ro,282322,282410,"ok"
3607,14,0,read,ro,282406,282487,"ok"
3608,8,0,read,ro,282411,282496,"ok"
3609,14,0,read,ro,282490,282694,"ok"
3610,8,0,read,ro,282496,282696,"ok"
3611,14,0,read,ro,282695,282778,"ok"
3612,8,0,read,ro,282697,282783,"ok"
3613,14,0,read,ro,282778,282861,"ok"
3614,8,0,read,ro,282783,282866,"ok"
3615,11,0,read,ro,278248,282982,"ok"
3616,11,0,read,ro,282982,283058,"ok"
3617,14,0,read,ro,282862,283083,"ok"
3618,14,0,read,ro,283084,283181,"ok"
3619,14,0,read,ro,283182,283243,"ok"
3620,11,0,read,ro,283058,283271,"ok"
3621,11,0,read,ro,283272,283353,"ok"
3622,11,0,read,ro,283353,283408,"ok"
3623,14,0,read,ro,283243,283445,"ok"
3624,14,0,read,ro,283445,283522,"ok"
3625,14,0,read,ro,283523,283577,"ok"
3626,11,0,read,ro,283408,283613,"ok"
3627,11,0,read,ro,283613,283692,"ok"
3628,11,0,read,ro,283693,283745,"ok"
3629,14,0,read,ro,283577,283758,"ok"
3630,14,0,read,ro,283759,283842,"ok"
3631,14,0,read,ro,283842,283897,"ok"
3632,11,0,read,ro,283745,283924,"ok"
3633,11,0,read,ro,283924,283998,"ok"
3634,11,0,read,ro,283998,284073,"ok"
3635,14,0,read,ro,283898,284108,"ok"
3636,14,0,read,ro,284108,284189,"ok"
3637,11,0,read,ro,284074,284246,"ok"
3638,14,0,read,ro,284190,284251,"ok"
3639,11,0,read,ro,284247,284322,"ok"
3640,11,0,read,ro,284324,284377,"ok"
3641,11,0,read,ro,284377,284548,"ok"
3642,10,0,read,ro,262197,284564,"ok"
3643,11,0,read,ro,284548,284605,"ok"
3644,10,0,read,ro,284565,284661,"ok"
3645,11,0,read,ro,284605,284683,"ok"
3646,10,0,read,ro,284662,284740,"ok"
3647,11,0,read,ro,284684,284871,"ok"
3648,11,0,read,ro,284872,284941,"ok"
3649,10,0,read,ro,284740,284947,"ok"
3650,11,0,read,ro,284941,284998,"ok"
3651,10,0,read,ro,284947,285070,"ok"
3652,10,0,read,ro,285070,285143,"ok"
3653,11,0,read,ro,284998,285202,"ok"
3654,11,0,read,ro,285203,285275,"ok"
3655,11,0,read,ro,285276,285325,"ok"
3656,10,0,read,ro,285144,285331,"ok"
3657,10,0,read,ro,285331,285416,"ok"
3658,10,0,read,ro,285416,285471,"ok"
3659,11,0,read,ro,285325,285510,"ok"
3660,11,0,read,ro,285510,285586,"ok"
3661,11,0,read,ro,285586,285635,"ok"
3662,10,0,read,ro,285471,285645,"ok"
3663,10,0,read,ro,285645,285720,"ok"
3664,9,0,read,ro,270154,285742,"ok"
3665,10,0,read,ro,285720,285774,"ok"
3666,9,0,read,ro,285742,285824,"ok"
3667,9,0,read,ro,285824,285894,"ok"
3668,10,0,read,ro,285774,285988,"ok"
3669,10,0,read,ro,285989,286086,"ok"
3670,9,0,read,ro,285894,286101,"ok"
3671,10,0,read,ro,286087,286143,"ok"
3672,9,0,read,ro,286101,286180,"ok"
3673,9,0,read,ro,286180,286253,"ok"
3674,10,0,read,ro,286145,286417,"ok"
3675,9,0,read,ro,286253,286468,"ok"
3676,10,0,read,ro,286417,286493,"ok"
3677,9,0,read,ro,286468,286548,"ok"
3678,10,0,read,ro,286493,286571,"ok"
3679,9,0,read,ro,286548,286622,"ok"
3680,10,0,read,ro,286571,286770,"ok"
3681,9,0,read,ro,286622,286807,"ok"
3682,10,0,read,ro,286771,286848,"ok"
3683,9,0,read,ro,286807,286882,"ok"
3684,10,0,read,ro,286849,286926,"ok"
3685,9,0,read,ro,286883,286960,"ok"
3686,10,0,read,ro,286926,287144,"ok"
3687,9,0,read,ro,286960,287173,"ok"
3688,10,0,read,ro,287144,287222,"ok"
3689,9,0,read,ro,287173,287252,"ok"
3690,10,0,read,ro,287223,287304,"ok"
3691,9,0,read,ro,287252,287330,"ok"
3692,10,0,read,ro,287304,287502,"ok"
3693,9,0,read,ro,287330,287520,"ok"
3694,10,0,read,ro,287502,287580,"ok"
3695,9,0,read,ro,287520,287603,"ok"
3696,10,0,read,ro,287580,287656,"ok"
3697,9,0,read,ro,287603,287679,"ok"
3698,7,0,read,ro,274210,287736,"ok"
3699,10,0,read,ro,287656,287848,"ok"
3700,10,0,read,ro,287849,287921,"ok"
3701,7,0,read,ro,287736,287968,"ok"
3702,10,0,read,ro,287921,287975,"ok"
3703,7,0,read,ro,287969,288063,"ok"
3704,7,0,read,ro,288067,288120,"ok"
3705,7,0,read,ro,288120,288286,"ok"
3706,7,0,read,ro,288286,288339,"ok"
3707,7,0,read,ro,288339,288388,"ok"
3708,7,0,read,ro,288388,288554,"ok"
3709,7,0,read,ro,288554,288610,"ok"
3710,7,0,read,ro,288610,288660,"ok"
3711,7,0,read,ro,288660,288825,"ok"
3712,7,0,read,ro,288825,288877,"ok"
3713,7,0,read,ro,288877,288934,"ok"
3714,7,0,read,ro,288934,289122,"ok"
3715,7,0,read,ro,289122,289180,"ok"
3716,7,0,read,ro,289180,289231,"ok"
3717,7,0,read,ro,289231,289402,"ok"
3718,7,0,read,ro,289402,289461,"ok"
3719,7,0,read,ro,289461,289513,"ok"
3720,9,0,update,5000,297080,297104,"ok=true"
3721,9,0,update,5000,297106,297119,"ok=true"
3722,9,0,update,5000,297120,297130,"ok=true"
3723,0,0,read,5000,297128,297155,"observed"
3724,9,0,update,5000,297131,297208,"ok=true"
3725,1,0,read,5000,297230,297236,"observed"
3726,9,0,update,5000,297209,297241,"ok=true"
3727,9,0,update,5000,297242,297276,"ok=true"
3728,9,0,update,5000,297277,297314,"ok=true"
3729,9,0,update,5000,297316,297354,"ok=true"
3730,9,0,update,5000,297356,297385,"ok=true"
3731,9,0,update,5000,297386,297424,"ok=true"
3732,9,0,update,5000,297426,297466,"ok=true"
3733,9,0,update,5000,297468,297538,"ok=true"
3734,9,0,update,5000,297540,297562,"ok=true"
3735,9,0,update,5000,297563,297635,"ok=true"
3736,9,0,update,5000,297638,297681,"ok=true"
3737,9,0,update,5000,297682,297787,"ok=true"
3738,9,0,update,5000,297791,297875,"ok=true"
3739,9,0,update,5000,297877,297931,"ok=true"
3740,9,0,update,5000,297932,297995,"ok=true"
3741,9,0,update,5000,297996,298100,"ok=true"
3742,9,0,update,5000,298101,298159,"ok=true"
3743,9,0,update,5000,298161,298246,"ok=true"
3744,9,0,update,5000,298247,298399,"ok=true"
3745,9,0,update,5000,298401,298564,"ok=true"
3746,9,0,update,5000,298565,298611,"ok=true"
3747,9,0,update,5000,298612,298706,"ok=true"
3748,9,0,update,5000,298708,298797,"ok=true"
3749,9,0,update,5000,298798,298897,"ok=true"
3750,9,0,update,5000,298899,298983,"ok=true"
3751,9,0,update,5000,298984,299078,"ok=true"
3752,9,0,update,5000,299079,299184,"ok=true"
3753,9,0,update,5000,299185,299307,"ok=true"
3754,9,0,update,5000,299309,299419,"ok=true"
3755,9,0,update,5000,299421,299530,"ok=true"
3756,9,0,update,5000,299532,299639,"ok=true"
3757,9,0,update,5000,299640,299732,"ok=true"
3758,9,0,update,5000,299733,299820,"ok=true"
3759,9,0,update,5000,299822,299908,"ok=true"
3760,9,0,update,5000,299909,299995,"ok=true"
3761,9,0,update,5000,299997,300095,"ok=true"
3762,0,1,commit,5300+5301,301501,301567,"ok=true"
3763,1,0,read2,5300+5301,301623,301625,"101/101"
3764,0,2,commit,5300+5301,301571,301679,"ok=true"
3765,0,3,commit,5300+5301,301683,301792,"ok=true"
3766,0,4,commit,5300+5301,301797,301855,"ok=true"
3767,0,5,commit,5300+5301,301859,301977,"ok=true"
3768,0,6,commit,5300+5301,301983,302093,"ok=true"
3769,0,7,commit,5300+5301,302097,302212,"ok=true"
3770,0,8,commit,5300+5301,302216,302429,"ok=true"
3771,0,9,commit,5300+5301,302434,302547,"ok=true"
3772,0,10,commit,5300+5301,302551,302685,"ok=true"
3773,0,11,commit,5300+5301,302689,302780,"ok=true"
3774,1,0,read2,5300+5301,302864,302865,"112/112"
3775,0,12,commit,5300+5301,302784,302876,"ok=true"
3776,0,13,commit,5300+5301,302880,302975,"ok=true"
3777,0,14,commit,5300+5301,302979,303093,"ok=true"
3778,0,15,commit,5300+5301,303097,303229,"ok=true"
3779,0,16,commit,5300+5301,303232,303313,"ok=true"
3780,1,0,read2,5300+5301,303377,303377,"0/0"
3781,0,17,commit,5300+5301,303316,303389,"ok=true"
3782,0,18,commit,5300+5301,303391,303491,"ok=true"
3783,0,19,commit,5300+5301,303495,303571,"ok=true"
3784,1,0,read2,5300+5301,303637,303637,"0/0"
3785,0,20,commit,5300+5301,303574,303647,"ok=true"
3786,0,21,commit,5300+5301,303650,303718,"ok=true"
3787,0,22,commit,5300+5301,303721,303788,"ok=true"
3788,1,0,read2,5300+5301,303859,303859,"0/0"
3789,0,23,commit,5300+5301,303790,303864,"ok=true"
3790,0,24,commit,5300+5301,303866,303937,"ok=true"
3791,0,25,commit,5300+5301,303940,304031,"ok=true"
3792,1,0,read2,5300+5301,304107,304107,"0/0"
3793,0,26,commit,5300+5301,304035,304114,"ok=true"
3794,0,27,commit,5300+5301,304117,304193,"ok=true"
3795,0,28,commit,5300+5301,304196,304275,"ok=true"
3796,1,0,read2,5300+5301,304347,304347,"0/0"
3797,0,29,commit,5300+5301,304277,304385,"ok=true"
3798,0,30,commit,5300+5301,304388,304472,"ok=true"
3799,0,1,commit,del5400-ins5401,305520,305543,"ok=true"
3800,0,1,commit,del5400-ins5401,306173,306195,"ok=true"
3801,0,1,commit,del5400-ins5401,306748,306776,"ok=true"
3802,0,1,commit,del5400-ins5401,307431,307461,"ok=true"
3803,0,1,commit,del5400-ins5401,308150,308180,"ok=true"
3804,0,1,commit,del5400-ins5401,308681,308705,"ok=true"
3805,0,1,commit,del5400-ins5401,309274,309305,"ok=true"
3806,0,1,commit,del5400-ins5401,309867,309894,"ok=true"
3807,0,1,commit,del5400-ins5401,310510,310538,"ok=true"
3808,0,1,commit,del5400-ins5401,311159,311185,"ok=true"
3809,0,1,commit,del5400-ins5401,311800,311829,"ok=true"
3810,0,1,commit,del5400-ins5401,312445,312471,"ok=true"
3811,0,1,commit,del5400-ins5401,312984,313009,"ok=true"
3812,0,1,commit,del5400-ins5401,313416,313437,"ok=true"
3813,0,1,commit,del5400-ins5401,314008,314049,"ok=true"
3814,1,0,read2,5400+5401,314055,314056,"01"
3815,0,1,commit,del5400-ins5401,314737,314765,"ok=true"
3816,0,1,commit,del5400-ins5401,315475,315503,"ok=true"
3817,0,1,commit,del5400-ins5401,316099,316125,"ok=true"
3818,0,1,commit,del5400-ins5401,316700,316726,"ok=true"
3819,0,1,commit,del5400-ins5401,317315,317344,"ok=true"
3820,0,1,commit,del5400-ins5401,318078,318108,"ok=true"
3821,0,1,commit,del5400-ins5401,318711,318739,"ok=true"
3822,0,1,commit,del5400-ins5401,319331,319359,"ok=true"
3823,0,1,commit,del5400-ins5401,319883,319905,"ok=true"
3824,0,1,commit,del5400-ins5401,320551,320577,"ok=true"
3825,0,1,commit,del5400-ins5401,321062,321087,"ok=true"
3826,0,1,commit,del5400-ins5401,321741,321779,"ok=true"
3827,0,1,commit,del5400-ins5401,322257,322597,"ok=true"
3828,0,1,commit,del5400-ins5401,323217,323246,"ok=true"
3829,0,1,commit,del5400-ins5401,323705,323728,"ok=true"
3830,0,1,commit,first,324292,324314,"ok=true"
3831,1,2,commit,second,324315,324329,"ok=true"
3832,0,2,commit,first,325865,325890,"ok=true"
3833,1,1,commit,second,325891,325905,"ok=true"
3834,0,1,commit,first,327564,327585,"ok=true"
3835,1,2,commit,second,327585,327599,"ok=true"
3836,0,2,commit,first,328890,328912,"ok=true"
3837,1,1,commit,second,328913,328927,"ok=true"
3838,0,1,commit,first,330235,330254,"ok=true"
3839,1,2,commit,second,330255,330399,"ok=true"
3840,0,2,commit,first,331659,331678,"ok=true"
3841,1,1,commit,second,331678,331690,"ok=true"
3842,1,0,insert,6111,332952,333004,"ok"
3843,0,0,insert,6101,332958,333088,"ok"
3844,0,0,insert,6102,333089,333110,"ok"
3845,0,0,insert,6103,333110,333127,"ok"
3846,0,0,insert,6104,333127,333154,"ok"
3847,0,0,insert,6105,333154,333187,"ok"
3848,0,0,insert,6106,333188,333219,"ok"
3849,0,0,insert,6107,333220,333254,"ok"
3850,0,0,insert,6108,333254,333286,"ok"
3851,0,0,insert,6109,333287,333317,"ok"
3852,0,0,insert,6110,333317,333350,"ok"
3853,1,0,insert,6112,333005,333414,"ok"
3854,1,0,insert,6113,333415,333447,"ok"
3855,1,0,insert,6114,333448,333471,"ok"
3856,1,0,insert,6115,333472,333496,"ok"
3857,1,0,insert,6116,333497,333515,"ok"
3858,1,0,insert,6117,333516,333536,"ok"
3859,1,0,insert,6118,333536,333555,"ok"
3860,1,0,insert,6119,333555,333575,"ok"
3861,1,0,insert,6120,333576,333595,"ok"
3862,0,1,commit,t1,335368,335390,"ok=true"
3863,1,2,commit,t2,335390,335403,"ok=true"
3864,0,1,commit,6200,336481,336548,"ok=true"
3865,0,2,commit,6200,336600,336626,"ok=true"
3866,0,3,commit,6200,336665,336688,"ok=true"
3867,0,4,commit,6200,336728,336753,"ok=true"
3868,0,5,commit,6200,336792,336823,"ok=true"
3869,0,6,commit,6200,336864,336888,"ok=true"
3870,0,7,commit,6200,336933,336958,"ok=true"
3871,0,8,commit,6200,336998,337044,"ok=true"
3872,0,9,commit,6200,337085,337112,"ok=true"
3873,0,10,commit,6200,337152,337179,"ok=true"
3874,0,11,commit,6200,337219,337245,"ok=true"
3875,0,12,commit,6200,337285,337313,"ok=true"
3876,0,13,commit,6200,337353,337388,"ok=true"
3877,0,14,commit,6200,337428,337488,"ok=true"
3878,0,15,commit,6200,337528,337556,"ok=true"
3879,0,16,commit,6200,337596,337625,"ok=true"
3880,0,17,commit,6200,337664,337692,"ok=true"
3881,0,18,commit,6200,337732,337761,"ok=true"
3882,0,19,commit,6200,337801,337839,"ok=true"
3883,0,20,commit,6200,337873,337905,"ok=true"
3884,0,21,commit,6200,337944,337975,"ok=true"
3885,0,22,commit,6200,338041,338074,"ok=true"
3886,0,23,commit,6200,338117,338149,"ok=true"
3887,0,24,commit,6200,338191,338227,"ok=true"
3888,0,25,commit,6200,338312,338374,"ok=true"
3889,0,26,commit,6200,338424,338521,"ok=true"
3890,0,27,commit,6200,338575,338613,"ok=true"
3891,0,28,commit,6200,338652,338695,"ok=true"
3892,0,29,commit,6200,338734,338771,"ok=true"
3893,0,30,commit,6200,338810,338847,"ok=true"
3894,1,0,w-old,6202,341695,341696,"absent"
3895,1,0,w-old,6202,341694,341696,"live"
3896,0,1,commit,6202,341682,341726,"ok=true"
3897,1,0,w-new,6202,341700,341728,"present"
3898,1,1,w-old,6202,341800,341801,"absent"
3899,1,1,w-old,6202,341799,341801,"live"
3900,1,1,w-new,6202,341804,341825,"present"
3901,0,2,commit,6202,341790,341826,"ok=true"
3902,1,2,w-old,6202,341888,341890,"absent"
3903,1,2,w-old,6202,341887,341890,"live"
3904,1,2,w-new,6202,341890,341911,"present"
3905,0,3,commit,6202,341879,341914,"ok=true"
3906,1,3,w-old,6202,341977,341977,"absent"
3907,1,3,w-old,6202,341975,341978,"live"
3908,1,3,w-new,6202,341981,342002,"present"
3909,0,4,commit,6202,341967,342003,"ok=true"
3910,1,4,w-old,6202,342085,342087,"absent"
3911,1,4,w-old,6202,342084,342087,"live"
3912,1,4,w-new,6202,342091,342113,"present"
3913,0,5,commit,6202,342075,342113,"ok=true"
3914,1,5,w-old,6202,342177,342177,"absent"
3915,1,5,w-old,6202,342174,342178,"live"
3916,0,6,commit,6202,342168,342201,"ok=true"
3917,1,5,w-new,6202,342180,342202,"present"
3918,0,7,commit,6202,342256,342341,"ok=true"
3919,1,6,w-old,6202,342374,342374,"absent"
3920,1,6,w-new,6202,342374,342377,"present"
3921,1,7,w-old,6202,342441,342443,"absent"
3922,1,7,w-old,6202,342440,342443,"live"
3923,1,7,w-new,6202,342446,342473,"present"
3924,0,8,commit,6202,342431,342475,"ok=true"
3925,1,8,w-old,6202,342539,342539,"absent"
3926,1,8,w-old,6202,342538,342540,"live"
3927,1,8,w-new,6202,342543,342563,"present"
3928,0,9,commit,6202,342529,342567,"ok=true"
3929,1,9,w-old,6202,342632,342632,"absent"
3930,1,9,w-old,6202,342630,342633,"live"
3931,1,9,w-new,6202,342636,342656,"present"
3932,0,10,commit,6202,342620,342659,"ok=true"
3933,1,10,w-old,6202,342718,342718,"absent"
3934,1,10,w-old,6202,342717,342719,"live"
3935,1,10,w-new,6202,342719,342740,"present"
3936,0,11,commit,6202,342709,342747,"ok=true"
3937,1,11,w-old,6202,342804,342805,"absent"
3938,1,11,w-old,6202,342804,342806,"live"
3939,1,11,w-new,6202,342809,342829,"present"
3940,0,12,commit,6202,342794,342834,"ok=true"
3941,1,12,w-old,6202,342892,342893,"absent"
3942,1,12,w-old,6202,342891,342893,"live"
3943,1,12,w-new,6202,342896,342916,"present"
3944,0,13,commit,6202,342883,342921,"ok=true"
3945,1,13,w-old,6202,342980,342981,"absent"
3946,1,13,w-old,6202,342979,342981,"live"
3947,1,13,w-new,6202,342981,343002,"present"
3948,0,14,commit,6202,342969,343026,"ok=true"
3949,1,14,w-old,6202,343083,343085,"absent"
3950,1,14,w-old,6202,343082,343086,"live"
3951,1,14,w-new,6202,343092,343112,"present"
3952,0,15,commit,6202,343074,343119,"ok=true"
3953,1,15,w-old,6202,343177,343177,"absent"
3954,1,15,w-old,6202,343175,343178,"live"
3955,1,15,w-new,6202,343178,343198,"present"
3956,0,16,commit,6202,343167,343209,"ok=true"
3957,1,16,w-old,6202,343263,343263,"absent"
3958,1,16,w-old,6202,343261,343263,"live"
3959,1,16,w-new,6202,343264,343283,"present"
3960,0,17,commit,6202,343253,343295,"ok=true"
3961,1,17,w-old,6202,343351,343351,"absent"
3962,1,17,w-old,6202,343350,343351,"live"
3963,1,17,w-new,6202,343354,343358,"present"
3964,0,18,commit,6202,343341,343370,"ok=true"
3965,1,18,w-old,6202,343427,343428,"absent"
3966,1,18,w-old,6202,343426,343428,"live"
3967,1,18,w-new,6202,343428,343449,"present"
3968,0,19,commit,6202,343417,343466,"ok=true"
3969,1,19,w-old,6202,343514,343515,"absent"
3970,1,19,w-old,6202,343513,343515,"live"
3971,1,19,w-new,6202,343515,343535,"present"
3972,0,20,commit,6202,343505,343554,"ok=true"
3973,1,20,w-old,6202,343601,343601,"absent"
3974,1,20,w-old,6202,343599,343601,"live"
3975,1,20,w-new,6202,343604,343625,"present"
3976,0,21,commit,6202,343591,343635,"ok=true"
3977,1,21,w-old,6202,343689,343689,"absent"
3978,1,21,w-old,6202,343688,343690,"live"
3979,1,21,w-new,6202,343719,343744,"present"
3980,0,22,commit,6202,343679,343754,"ok=true"
3981,1,22,w-old,6202,343808,343809,"absent"
3982,1,22,w-old,6202,343807,343809,"live"
3983,1,22,w-new,6202,343812,343833,"present"
3984,0,23,commit,6202,343799,343844,"ok=true"
3985,1,23,w-old,6202,343898,343899,"absent"
3986,1,23,w-old,6202,343897,343899,"live"
3987,1,23,w-new,6202,343899,343920,"present"
3988,0,24,commit,6202,343887,343937,"ok=true"
3989,1,24,w-old,6202,343985,343986,"absent"
3990,1,24,w-old,6202,343983,343986,"live"
3991,1,24,w-new,6202,343989,344025,"present"
3992,0,25,commit,6202,343975,344037,"ok=true"
3993,1,25,w-old,6202,344089,344090,"absent"
3994,1,25,w-old,6202,344087,344090,"live"
3995,1,25,w-new,6202,344093,344113,"present"
3996,0,26,commit,6202,344080,344128,"ok=true"
3997,1,26,w-old,6202,344174,344175,"absent"
3998,1,26,w-old,6202,344173,344175,"live"
3999,1,26,w-new,6202,344178,344199,"present"
4000,0,27,commit,6202,344165,344214,"ok=true"
4001,1,27,w-old,6202,344263,344264,"absent"
4002,1,27,w-old,6202,344262,344264,"live"
4003,1,27,w-new,6202,344264,344286,"present"
4004,0,28,commit,6202,344252,344308,"ok=true"
4005,1,28,w-old,6202,344351,344352,"absent"
4006,1,28,w-old,6202,344350,344353,"live"
4007,1,28,w-new,6202,344356,344378,"present"
4008,0,29,commit,6202,344341,344392,"ok=true"
4009,1,29,w-old,6202,344438,344439,"absent"
4010,1,29,w-old,6202,344437,344439,"live"
4011,1,29,w-new,6202,344442,344467,"present"
4012,0,30,commit,6202,344429,344485,"ok=true"
4013,1,30,w-old,6202,344542,344542,"absent"
4014,1,30,w-old,6202,344539,344542,"live"
4015,1,30,w-new,6202,344545,344565,"present"
4016,0,31,commit,6202,344532,344583,"ok=true"
4017,1,31,w-old,6202,344630,344631,"absent"
4018,1,31,w-old,6202,344629,344631,"live"
4019,1,31,w-new,6202,344634,344654,"present"
4020,0,32,commit,6202,344620,344675,"ok=true"
4021,1,32,w-old,6202,344720,344721,"absent"
4022,1,32,w-old,6202,344719,344721,"live"
4023,1,32,w-new,6202,344721,344741,"present"
4024,0,33,commit,6202,344709,344762,"ok=true"
4025,1,33,w-old,6202,344805,344806,"absent"
4026,1,33,w-old,6202,344804,344807,"live"
4027,1,33,w-new,6202,344809,344814,"present"
4028,0,34,commit,6202,344796,344836,"ok=true"
4029,1,34,w-old,6202,344876,344877,"absent"
4030,1,34,w-old,6202,344875,344877,"live"
4031,1,34,w-new,6202,344880,344901,"present"
4032,0,35,commit,6202,344867,344919,"ok=true"
4033,1,35,w-old,6202,344964,344965,"absent"
4034,1,35,w-old,6202,344963,344965,"live"
4035,1,35,w-new,6202,344968,344989,"present"
4036,0,36,commit,6202,344954,345007,"ok=true"
4037,1,36,w-old,6202,345069,345070,"absent"
4038,1,36,w-old,6202,345067,345070,"live"
4039,1,36,w-new,6202,345073,345093,"present"
4040,0,37,commit,6202,345060,345109,"ok=true"
4041,1,37,w-old,6202,345156,345157,"absent"
4042,1,37,w-old,6202,345155,345157,"live"
4043,1,37,w-new,6202,345160,345165,"present"
4044,0,38,commit,6202,345146,345186,"ok=true"
4045,1,38,w-old,6202,345227,345228,"absent"
4046,1,38,w-old,6202,345226,345228,"live"
4047,1,38,w-new,6202,345231,345251,"present"
4048,0,39,commit,6202,345219,345268,"ok=true"
4049,1,39,w-old,6202,345312,345313,"absent"
4050,1,39,w-old,6202,345311,345314,"live"
4051,1,39,w-new,6202,345317,345338,"present"
4052,0,40,commit,6202,345304,345355,"ok=true"
4053,0,1,commit,del,347370,347377,"ok=true"
4054,1,2,commit,ins,347379,347395,"ok=true"
4055,0,3,commit,ins-first,347407,347419,"ok=true"
4056,1,4,commit,del-old,347421,347425,"ok=true"
4057,0,0,insert,A/6400,349271,349293,"ok"
4058,1,0,insert,B/6401,349333,349374,"ok"
4059,0,1,commit,6500,351297,351331,"ok=true"
4060,2,1,stage,3 ops,360325,360325,"ok"
4061,0,2,stage,3 ops,360362,360363,"ok"
4062,1,3,stage,3 ops,360376,360376,"ok"
4063,0,1,commit,out-of-order,360474,360552,"ok=true"
4064,1,2,commit,out-of-order,360553,360601,"ok=true"
4065,2,3,commit,out-of-order,360601,360648,"ok=true"
4066,1,3,commit,contend,362782,362856,"ok=true"
4067,2,4,commit,contend,362793,362934,"ok=true"
4068,3,2,commit,contend,362795,362991,"ok=true"
4069,0,1,commit,contend,362807,363072,"ok=true"
4070,2,4,commit,contend,364612,364652,"ok=true"
4071,0,1,commit,contend,364615,364706,"ok=true"
4072,1,3,commit,contend,364620,364779,"ok=true"
4073,3,2,commit,contend,364624,364837,"ok=true"
4074,2,4,commit,contend,367085,367130,"ok=true"
4075,0,1,commit,contend,367093,367184,"ok=true"
4076,1,3,commit,contend,367098,367258,"ok=true"
4077,3,2,commit,contend,367104,367318,"ok=true"
4078,3,0,u-read,6700,369064,369069,"v=0"
4079,2,0,u-read,6700,369079,369081,"v=0"
4080,3,0,u-read,6700,369082,369083,"v=0"
4081,2,0,u-read,6700,369085,369085,"v=0"
4082,3,0,u-read,6700,369086,369087,"v=0"
4083,2,0,u-read,6700,369087,369088,"v=0"
4084,3,0,u-read,6700,369089,369089,"v=0"
4085,2,0,u-read,6700,369090,369091,"v=0"
4086,3,0,u-read,6700,369091,369092,"v=0"
4087,2,0,u-read,6700,369093,369094,"v=0"
4088,3,0,u-read,6700,369095,369095,"v=0"
4089,2,0,u-read,6700,369096,369097,"v=0"
4090,3,0,u-read,6700,369098,369099,"v=0"
4091,2,0,u-read,6700,369100,369100,"v=0"
4092,3,0,u-read,6700,369101,369102,"v=0"
4093,2,0,u-read,6700,369103,369104,"v=0"
4094,3,0,u-read,6700,369104,369105,"v=0"
4095,2,0,u-read,6700,369106,369106,"v=0"
4096,3,0,u-read,6700,369107,369108,"v=0"
4097,2,0,u-read,6700,369131,369131,"v=0"
4098,3,0,u-read,6700,369132,369133,"v=0"
4099,2,0,u-read,6700,369133,369134,"v=0"
4100,3,0,u-read,6700,369135,369136,"v=0"
4101,2,0,u-read,6700,369136,369137,"v=0"
4102,3,0,u-read,6700,369137,369139,"v=0"
4103,2,0,u-read,6700,369139,369141,"v=0"
4104,3,0,u-read,6700,369141,369143,"v=0"
4105,2,0,u-read,6700,369144,369146,"v=0"
4106,3,0,u-read,6700,369146,369147,"v=0"
4107,2,0,u-read,6700,369148,369149,"v=0"
4108,3,0,u-read,6700,369149,369153,"v=0"
4109,2,0,u-read,6700,369150,369155,"v=0"
4110,3,0,u-read,6700,369156,369157,"v=0"
4111,2,0,u-read,6700,369157,369158,"v=0"
4112,3,0,u-read,6700,369158,369160,"v=0"
4113,2,0,u-read,6700,369160,369161,"v=0"
4114,3,0,u-read,6700,369162,369162,"v=0"
4115,2,0,u-read,6700,369163,369164,"v=0"
4116,3,0,u-read,6700,369165,369166,"v=0"
4117,2,0,u-read,6700,369166,369167,"v=0"
4118,3,0,u-read,6700,369168,369169,"v=0"
4119,2,0,u-read,6700,369169,369170,"v=0"
4120,3,0,u-read,6700,369172,369173,"v=0"
4121,2,0,u-read,6700,369174,369175,"v=0"
4122,3,0,u-read,6700,369175,369176,"v=0"
4123,3,0,u-read,6700,369177,369185,"v=1"
4124,2,0,u-read,6700,369176,369187,"v=1"
4125,3,0,u-read,6700,369187,369188,"v=1"
4126,2,0,u-read,6700,369189,369190,"v=1"
4127,3,0,u-read,6700,369190,369191,"v=1"
4128,2,0,u-read,6700,369192,369193,"v=1"
4129,3,0,u-read,6700,369193,369194,"v=1"
4130,2,0,u-read,6700,369195,369195,"v=1"
4131,3,0,u-read,6700,369196,369197,"v=1"
4132,2,0,u-read,6700,369197,369198,"v=1"
4133,3,0,u-read,6700,369199,369200,"v=1"
4134,0,0,u-write,6700,369137,369200,"v=1"
4135,2,0,u-read,6700,369200,369201,"v=1"
4136,3,0,u-read,6700,369202,369203,"v=1"
4137,2,0,u-read,6700,369204,369205,"v=1"
4138,3,0,u-read,6700,369205,369206,"v=1"
4139,2,0,u-read,6700,369207,369208,"v=1"
4140,3,0,u-read,6700,369209,369211,"v=1"
4141,2,0,u-read,6700,369211,369213,"v=1"
4142,2,0,u-read,6700,369215,369219,"v=3"
4143,3,0,u-read,6700,369214,369221,"v=3"
4144,0,0,u-write,6700,369204,369222,"v=3"
4145,2,0,u-read,6700,369221,369223,"v=3"
4146,3,0,u-read,6700,369224,369225,"v=3"
4147,2,0,u-read,6700,369225,369227,"v=3"
4148,3,0,u-read,6700,369228,369229,"v=3"
4149,2,0,u-read,6700,369230,369231,"v=3"
4150,3,0,u-read,6700,369232,369236,"v=5"
4151,2,0,u-read,6700,369233,369238,"v=5"
4152,0,0,u-write,6700,369224,369239,"v=5"
4153,3,0,u-read,6700,369240,369241,"v=5"
4154,2,0,u-read,6700,369241,369243,"v=5"
4155,2,0,u-read,6700,369244,369246,"v=5"
4156,3,0,u-read,6700,369243,369247,"v=5"
4157,2,0,u-read,6700,369247,369248,"v=5"
4158,2,0,u-read,6700,369250,369253,"v=7"
4159,3,0,u-read,6700,369249,369254,"v=7"
4160,2,0,u-read,6700,369255,369255,"v=7"
4161,0,0,u-write,6700,369241,369256,"v=7"
4162,3,0,u-read,6700,369256,369257,"v=7"
4163,2,0,u-read,6700,369257,369258,"v=7"
4164,3,0,u-read,6700,369259,369260,"v=7"
4165,2,0,u-read,6700,369260,369262,"v=7"
4166,3,0,u-read,6700,369262,369263,"v=7"
4167,2,0,u-read,6700,369263,369268,"v=9"
4168,3,0,u-read,6700,369264,369269,"v=9"
4169,2,0,u-read,6700,369270,369271,"v=9"
4170,0,0,u-write,6700,369257,369271,"v=9"
4171,3,0,u-read,6700,369271,369272,"v=9"
4172,2,0,u-read,6700,369273,369274,"v=9"
4173,3,0,u-read,6700,369274,369275,"v=9"
4174,3,0,u-read,6700,369276,369278,"v=9"
4175,2,0,u-read,6700,369275,369279,"v=9"
4176,2,0,u-read,6700,369281,369284,"v=11"
4177,3,0,u-read,6700,369280,369285,"v=11"
4178,2,0,u-read,6700,369286,369286,"v=11"
4179,0,0,u-write,6700,369273,369287,"v=11"
4180,3,0,u-read,6700,369287,369288,"v=11"
4181,2,0,u-read,6700,369288,369289,"v=11"
4182,3,0,u-read,6700,369290,369291,"v=11"
4183,2,0,u-read,6700,369291,369293,"v=11"
4184,3,0,u-read,6700,369295,369295,"v=11"
4185,2,0,u-read,6700,369296,369297,"v=11"
4186,3,0,u-read,6700,369305,369306,"v=11"
4187,3,0,u-read,6700,369308,369311,"v=13"
4188,2,0,u-read,6700,369307,369313,"v=13"
4189,3,0,u-read,6700,369314,369315,"v=13"
4190,2,0,u-read,6700,369315,369316,"v=13"
4191,0,0,u-write,6700,369288,369317,"v=13"
4192,3,0,u-read,6700,369317,369317,"v=13"
4193,2,0,u-read,6700,369318,369319,"v=13"
4194,3,0,u-read,6700,369320,369321,"v=13"
4195,2,0,u-read,6700,369321,369323,"v=13"
4196,3,0,u-read,6700,369324,369324,"v=13"
4197,2,0,u-read,6700,369325,369326,"v=13"
4198,2,0,u-read,6700,369328,369331,"v=15"
4199,3,0,u-read,6700,369327,369332,"v=15"
4200,2,0,u-read,6700,369333,369334,"v=15"
4201,3,0,u-read,6700,369334,369335,"v=15"
4202,2,0,u-read,6700,369336,369336,"v=15"
4203,3,0,u-read,6700,369337,369338,"v=15"
4204,0,0,u-write,6700,369319,369338,"v=15"
4205,2,0,u-read,6700,369338,369339,"v=15"
4206,3,0,u-read,6700,369339,369340,"v=15"
4207,2,0,u-read,6700,369341,369342,"v=15"
4208,3,0,u-read,6700,369343,369344,"v=15"
4209,2,0,u-read,6700,369345,369345,"v=15"
4210,3,0,u-read,6700,369346,369347,"v=15"
4211,2,0,u-read,6700,369347,369351,"v=17"
4212,3,0,u-read,6700,369348,369352,"v=17"
4213,2,0,u-read,6700,369353,369353,"v=17"
4214,3,0,u-read,6700,369354,369355,"v=17"
4215,2,0,u-read,6700,369355,369356,"v=17"
4216,0,0,u-write,6700,369339,369356,"v=17"
4217,3,0,u-read,6700,369358,369359,"v=17"
4218,2,0,u-read,6700,369359,369360,"v=17"
4219,3,0,u-read,6700,369361,369362,"v=17"
4220,2,0,u-read,6700,369362,369364,"v=17"
4221,3,0,u-read,6700,369364,369365,"v=17"
4222,2,0,u-read,6700,369365,369366,"v=17"
4223,2,0,u-read,6700,369368,369371,"v=19"
4224,3,0,u-read,6700,369367,369372,"v=19"
4225,2,0,u-read,6700,369373,369374,"v=19"
4226,3,0,u-read,6700,369374,369375,"v=19"
4227,2,0,u-read,6700,369376,369376,"v=19"
4228,3,0,u-read,6700,369377,369378,"v=19"
4229,0,0,u-write,6700,369359,369378,"v=19"
4230,2,0,u-read,6700,369378,369379,"v=19"
4231,3,0,u-read,6700,369380,369381,"v=19"
4232,2,0,u-read,6700,369381,369382,"v=19"
4233,3,0,u-read,6700,369383,369384,"v=19"
4234,2,0,u-read,6700,369385,369385,"v=19"
4235,3,0,u-read,6700,369386,369390,"v=21"
4236,2,0,u-read,6700,369387,369392,"v=21"
4237,3,0,u-read,6700,369392,369393,"v=21"
4238,2,0,u-read,6700,369394,369395,"v=21"
4239,3,0,u-read,6700,369395,369396,"v=21"
4240,0,0,u-write,6700,369379,369396,"v=21"
4241,2,0,u-read,6700,369396,369397,"v=21"
4242,3,0,u-read,6700,369398,369399,"v=21"
4243,2,0,u-read,6700,369399,369400,"v=21"
4244,3,0,u-read,6700,369401,369403,"v=21"
4245,2,0,u-read,6700,369403,369404,"v=21"
4246,3,0,u-read,6700,369404,369407,"v=23"
4247,2,0,u-read,6700,369405,369409,"v=23"
4248,3,0,u-read,6700,369411,369412,"v=23"
4249,2,0,u-read,6700,369412,369413,"v=23"
4250,3,0,u-read,6700,369413,369414,"v=23"
4251,0,0,u-write,6700,369398,369414,"v=23"
4252,2,0,u-read,6700,369414,369415,"v=23"
4253,3,0,u-read,6700,369416,369417,"v=23"
4254,2,0,u-read,6700,369418,369418,"v=23"
4255,3,0,u-read,6700,369419,369420,"v=23"
4256,2,0,u-read,6700,369421,369422,"v=23"
4257,3,0,u-read,6700,369422,369423,"v=23"
4258,2,0,u-read,6700,369423,369424,"v=23"
4259,3,0,u-read,6700,369424,369425,"v=23"
4260,2,0,u-read,6700,369425,369426,"v=23"
4261,3,0,u-read,6700,369427,369428,"v=23"
4262,2,0,u-read,6700,369428,369429,"v=23"
4263,3,0,u-read,6700,369429,369430,"v=23"
4264,3,0,u-read,6700,369431,369434,"v=25"
4265,2,0,u-read,6700,369431,369435,"v=25"
4266,3,0,u-read,6700,369436,369437,"v=25"
4267,2,0,u-read,6700,369437,369438,"v=25"
4268,3,0,u-read,6700,369438,369439,"v=25"
4269,2,0,u-read,6700,369440,369441,"v=25"
4270,3,0,u-read,6700,369441,369442,"v=25"
4271,2,0,u-read,6700,369443,369443,"v=25"
4272,3,0,u-read,6700,369444,369444,"v=25"
4273,2,0,u-read,6700,369445,369446,"v=25"
4274,3,0,u-read,6700,369446,369447,"v=25"
4275,0,0,u-write,6700,369415,369448,"v=25"
4276,2,0,u-read,6700,369447,369448,"v=25"
4277,3,0,u-read,6700,369449,369449,"v=25"
4278,2,0,u-read,6700,369450,369451,"v=25"
4279,3,0,u-read,6700,369451,369452,"v=25"
4280,2,0,u-read,6700,369454,369456,"v=25"
4281,3,0,u-read,6700,369456,369457,"v=25"
4282,2,0,u-read,6700,369458,369458,"v=25"
4283,3,0,u-read,6700,369459,369463,"v=27"
4284,2,0,u-read,6700,369460,369464,"v=27"
4285,3,0,u-read,6700,369465,369466,"v=27"
4286,2,0,u-read,6700,369466,369467,"v=27"
4287,3,0,u-read,6700,369468,369469,"v=27"
4288,2,0,u-read,6700,369469,369470,"v=27"
4289,3,0,u-read,6700,369470,369471,"v=27"
4290,2,0,u-read,6700,369472,369472,"v=27"
4291,0,0,u-write,6700,369449,369473,"v=27"
4292,3,0,u-read,6700,369473,369474,"v=27"
4293,2,0,u-read,6700,369474,369475,"v=27"
4294,3,0,u-read,6700,369476,369477,"v=27"
4295,2,0,u-read,6700,369477,369479,"v=27"
4296,3,0,u-read,6700,369480,369480,"v=27"
4297,2,0,u-read,6700,369481,369481,"v=27"
4298,3,0,u-read,6700,369482,369485,"v=29"
4299,2,0,u-read,6700,369483,369487,"v=29"
4300,3,0,u-read,6700,369487,369488,"v=29"
4301,2,0,u-read,6700,369488,369490,"v=29"
4302,3,0,u-read,6700,369490,369491,"v=29"
4303,2,0,u-read,6700,369491,369492,"v=29"
4304,3,0,u-read,6700,369493,369493,"v=29"
4305,0,0,u-write,6700,369474,369493,"v=29"
4306,2,0,u-read,6700,369494,369494,"v=29"
4307,3,0,u-read,6700,369495,369496,"v=29"
4308,2,0,u-read,6700,369497,369498,"v=29"
4309,3,0,u-read,6700,369499,369500,"v=29"
4310,2,0,u-read,6700,369500,369504,"v=31"
4311,3,0,u-read,6700,369501,369505,"v=31"
4312,2,0,u-read,6700,369507,369508,"v=31"
4313,3,0,u-read,6700,369508,369509,"v=31"
4314,2,0,u-read,6700,369510,369510,"v=31"
4315,3,0,u-read,6700,369511,369511,"v=31"
4316,2,0,u-read,6700,369512,369513,"v=31"
4317,0,0,u-write,6700,369494,369514,"v=31"
4318,3,0,u-read,6700,369513,369514,"v=31"
4319,2,0,u-read,6700,369515,369516,"v=31"
4320,3,0,u-read,6700,369516,369517,"v=31"
4321,3,0,u-read,6700,369519,369520,"v=31"
4322,2,0,u-read,6700,369518,369521,"v=31"
4323,3,0,u-read,6700,369522,369525,"v=33"
4324,2,0,u-read,6700,369523,369526,"v=33"
4325,3,0,u-read,6700,369527,369527,"v=33"
4326,2,0,u-read,6700,369528,369529,"v=33"
4327,3,0,u-read,6700,369529,369531,"v=33"
4328,2,0,u-read,6700,369531,369532,"v=33"
4329,3,0,u-read,6700,369532,369533,"v=33"
4330,2,0,u-read,6700,369534,369534,"v=33"
4331,0,0,u-write,6700,369515,369535,"v=33"
4332,3,0,u-read,6700,369535,369535,"v=33"
4333,2,0,u-read,6700,369536,369537,"v=33"
4334,3,0,u-read,6700,369537,369538,"v=33"
4335,2,0,u-read,6700,369539,369540,"v=33"
4336,3,0,u-read,6700,369541,369541,"v=33"
4337,2,0,u-read,6700,369542,369542,"v=33"
4338,2,0,u-read,6700,369544,369547,"v=35"
4339,3,0,u-read,6700,369543,369548,"v=35"
4340,2,0,u-read,6700,369549,369550,"v=35"
4341,3,0,u-read,6700,369550,369551,"v=35"
4342,2,0,u-read,6700,369551,369552,"v=35"
4343,3,0,u-read,6700,369553,369553,"v=35"
4344,2,0,u-read,6700,369555,369556,"v=35"
4345,3,0,u-read,6700,369556,369557,"v=35"
4346,0,0,u-write,6700,369536,369558,"v=35"
4347,2,0,u-read,6700,369558,369558,"v=35"
4348,3,0,u-read,6700,369559,369559,"v=35"
4349,2,0,u-read,6700,369560,369561,"v=35"
4350,2,0,u-read,6700,369562,369564,"v=35"
4351,3,0,u-read,6700,369561,369565,"v=35"
4352,2,0,u-read,6700,369565,369566,"v=35"
4353,3,0,u-read,6700,369567,369571,"v=37"
4354,2,0,u-read,6700,369567,369572,"v=37"
4355,3,0,u-read,6700,369573,369574,"v=37"
4356,2,0,u-read,6700,369574,369575,"v=37"
4357,3,0,u-read,6700,369576,369576,"v=37"
4358,2,0,u-read,6700,369577,369577,"v=37"
4359,3,0,u-read,6700,369578,369579,"v=37"
4360,2,0,u-read,6700,369579,369580,"v=37"
4361,0,0,u-write,6700,369559,369580,"v=37"
4362,3,0,u-read,6700,369580,369582,"v=37"
4363,2,0,u-read,6700,369582,369583,"v=37"
4364,3,0,u-read,6700,369584,369585,"v=37"
4365,2,0,u-read,6700,369586,369586,"v=37"
4366,3,0,u-read,6700,369587,369587,"v=37"
4367,2,0,u-read,6700,369588,369591,"v=39"
4368,3,0,u-read,6700,369589,369592,"v=39"
4369,2,0,u-read,6700,369593,369594,"v=39"
4370,3,0,u-read,6700,369594,369595,"v=39"
4371,2,0,u-read,6700,369595,369596,"v=39"
4372,3,0,u-read,6700,369597,369597,"v=39"
4373,2,0,u-read,6700,369598,369599,"v=39"
4374,3,0,u-read,6700,369599,369600,"v=39"
4375,2,0,u-read,6700,369601,369601,"v=39"
4376,0,0,u-write,6700,369581,369602,"v=39"
4377,3,0,u-read,6700,369603,369604,"v=39"
4378,2,0,u-read,6700,369605,369605,"v=39"
4379,3,0,u-read,6700,369606,369607,"v=39"
4380,2,0,u-read,6700,369608,369609,"v=39"
4381,3,0,u-read,6700,369610,369610,"v=39"
4382,2,0,u-read,6700,369611,369612,"v=39"
4383,3,0,u-read,6700,369613,369616,"v=41"
4384,2,0,u-read,6700,369613,369617,"v=41"
4385,3,0,u-read,6700,369618,369619,"v=41"
4386,2,0,u-read,6700,369619,369620,"v=41"
4387,3,0,u-read,6700,369620,369621,"v=41"
4388,2,0,u-read,6700,369622,369622,"v=41"
4389,3,0,u-read,6700,369623,369624,"v=41"
4390,2,0,u-read,6700,369624,369625,"v=41"
4391,3,0,u-read,6700,369626,369626,"v=41"
4392,2,0,u-read,6700,369627,369627,"v=41"
4393,0,0,u-write,6700,369604,369627,"v=41"
4394,3,0,u-read,6700,369628,369628,"v=41"
4395,2,0,u-read,6700,369629,369630,"v=41"
4396,3,0,u-read,6700,369631,369631,"v=41"
4397,2,0,u-read,6700,369632,369633,"v=41"
4398,3,0,u-read,6700,369634,369635,"v=41"
4399,3,0,u-read,6700,369636,369639,"v=43"
4400,2,0,u-read,6700,369635,369640,"v=43"
4401,3,0,u-read,6700,369641,369641,"v=43"
4402,2,0,u-read,6700,369642,369643,"v=43"
4403,3,0,u-read,6700,369643,369644,"v=43"
4404,2,0,u-read,6700,369644,369645,"v=43"
4405,3,0,u-read,6700,369646,369647,"v=43"
4406,2,0,u-read,6700,369647,369648,"v=43"
4407,3,0,u-read,6700,369648,369649,"v=43"
4408,0,0,u-write,6700,369629,369649,"v=43"
4409,2,0,u-read,6700,369651,369652,"v=43"
4410,3,0,u-read,6700,369653,369653,"v=43"
4411,2,0,u-read,6700,369654,369655,"v=43"
4412,3,0,u-read,6700,369656,369657,"v=43"
4413,2,0,u-read,6700,369657,369658,"v=43"
4414,3,0,u-read,6700,369659,369659,"v=43"
4415,2,0,u-read,6700,369660,369663,"v=45"
4416,3,0,u-read,6700,369661,369664,"v=45"
4417,2,0,u-read,6700,369665,369666,"v=45"
4418,3,0,u-read,6700,369666,369667,"v=45"
4419,2,0,u-read,6700,369667,369668,"v=45"
4420,3,0,u-read,6700,369669,369669,"v=45"
4421,2,0,u-read,6700,369670,369671,"v=45"
4422,3,0,u-read,6700,369671,369672,"v=45"
4423,2,0,u-read,6700,369673,369673,"v=45"
4424,3,0,u-read,6700,369674,369674,"v=45"
4425,0,0,u-write,6700,369652,369675,"v=45"
4426,2,0,u-read,6700,369675,369676,"v=45"
4427,3,0,u-read,6700,369677,369683,"v=45"
4428,2,0,u-read,6700,369683,369685,"v=45"
4429,3,0,u-read,6700,369686,369690,"v=47"
4430,2,0,u-read,6700,369687,369691,"v=47"
4431,3,0,u-read,6700,369692,369693,"v=47"
4432,2,0,u-read,6700,369693,369694,"v=47"
4433,3,0,u-read,6700,369694,369695,"v=47"
4434,2,0,u-read,6700,369696,369696,"v=47"
4435,3,0,u-read,6700,369697,369698,"v=47"
4436,2,0,u-read,6700,369698,369699,"v=47"
4437,3,0,u-read,6700,369699,369700,"v=47"
4438,2,0,u-read,6700,369701,369702,"v=47"
4439,0,0,u-write,6700,369676,369702,"v=47"
4440,3,0,u-read,6700,369702,369703,"v=47"
4441,2,0,u-read,6700,369755,369757,"v=49"
4442,3,0,u-read,6700,369758,369759,"v=49"
4443,2,0,u-read,6700,369760,369761,"v=49"
4444,3,0,u-read,6700,369761,369762,"v=49"
4445,2,0,u-read,6700,369763,369763,"v=49"
4446,3,0,u-read,6700,369764,369765,"v=49"
4447,2,0,u-read,6700,369765,369766,"v=49"
4448,0,0,u-write,6700,369737,369767,"v=49"
4449,3,0,u-read,6700,369766,369767,"v=49"
4450,2,0,u-read,6700,369768,369768,"v=49"
4451,3,0,u-read,6700,369769,369770,"v=49"
4452,2,0,u-read,6700,369770,369771,"v=49"
4453,3,0,u-read,6700,369772,369772,"v=49"
4454,2,0,u-read,6700,369773,369773,"v=49"
4455,3,0,u-read,6700,369774,369775,"v=49"
4456,2,0,u-read,6700,369775,369777,"v=49"
4457,3,0,u-read,6700,369778,369778,"v=49"
4458,2,0,u-read,6700,369779,369780,"v=49"
4459,2,0,u-read,6700,369781,369784,"v=51"
4460,3,0,u-read,6700,369780,369786,"v=51"
4461,2,0,u-read,6700,369786,369787,"v=51"
4462,3,0,u-read,6700,369787,369788,"v=51"
4463,2,0,u-read,6700,369789,369790,"v=51"
4464,3,0,u-read,6700,369790,369791,"v=51"
4465,2,0,u-read,6700,369791,369792,"v=51"
4466,3,0,u-read,6700,369793,369793,"v=51"
4467,2,0,u-read,6700,369794,369795,"v=51"
4468,3,0,u-read,6700,369795,369796,"v=51"
4469,2,0,u-read,6700,369796,369797,"v=51"
4470,3,0,u-read,6700,369798,369798,"v=51"
4471,2,0,u-read,6700,369799,369799,"v=51"
4472,0,0,u-write,6700,369768,369801,"v=51"
4473,3,0,u-read,6700,369801,369802,"v=51"
4474,2,0,u-read,6700,369803,369804,"v=51"
4475,3,0,u-read,6700,369804,369805,"v=51"
4476,2,0,u-read,6700,369806,369808,"v=51"
4477,3,0,u-read,6700,369808,369809,"v=51"
4478,2,0,u-read,6700,369809,369813,"v=53"
4479,3,0,u-read,6700,369810,369814,"v=53"
4480,2,0,u-read,6700,369815,369815,"v=53"
4481,3,0,u-read,6700,369816,369817,"v=53"
4482,2,0,u-read,6700,369817,369818,"v=53"
4483,3,0,u-read,6700,369819,369819,"v=53"
4484,2,0,u-read,6700,369820,369821,"v=53"
4485,3,0,u-read,6700,369821,369822,"v=53"
4486,2,0,u-read,6700,369822,369823,"v=53"
4487,3,0,u-read,6700,369824,369825,"v=53"
4488,2,0,u-read,6700,369825,369826,"v=53"
4489,3,0,u-read,6700,369826,369827,"v=53"
4490,0,0,u-write,6700,369802,369827,"v=53"
4491,2,0,u-read,6700,369827,369828,"v=53"
4492,3,0,u-read,6700,369829,369830,"v=53"
4493,2,0,u-read,6700,369830,369831,"v=53"
4494,3,0,u-read,6700,369831,369833,"v=53"
4495,2,0,u-read,6700,369833,369834,"v=53"
4496,3,0,u-read,6700,369835,369839,"v=55"
4497,2,0,u-read,6700,369836,369840,"v=55"
4498,3,0,u-read,6700,369840,369842,"v=55"
4499,2,0,u-read,6700,369842,369843,"v=55"
4500,3,0,u-read,6700,369843,369844,"v=55"
4501,2,0,u-read,6700,369844,369845,"v=55"
4502,3,0,u-read,6700,369846,369846,"v=55"
4503,2,0,u-read,6700,369847,369847,"v=55"
4504,3,0,u-read,6700,369849,369850,"v=55"
4505,2,0,u-read,6700,369851,369851,"v=55"
4506,3,0,u-read,6700,369852,369852,"v=55"
4507,2,0,u-read,6700,369853,369853,"v=55"
4508,3,0,u-read,6700,369854,369854,"v=55"
4509,0,0,u-write,6700,369828,369855,"v=55"
4510,2,0,u-read,6700,369855,369856,"v=55"
4511,3,0,u-read,6700,369856,369857,"v=55"
4512,2,0,u-read,6700,369858,369859,"v=55"
4513,2,0,u-read,6700,369860,369861,"v=55"
4514,3,0,u-read,6700,369859,369863,"v=55"
4515,2,0,u-read,6700,369863,369864,"v=55"
4516,3,0,u-read,6700,369864,369867,"v=57"
4517,2,0,u-read,6700,369865,369869,"v=57"
4518,3,0,u-read,6700,369869,369870,"v=57"
4519,2,0,u-read,6700,369870,369871,"v=57"
4520,3,0,u-read,6700,369871,369872,"v=57"
4521,2,0,u-read,6700,369873,369873,"v=57"
4522,3,0,u-read,6700,369874,369874,"v=57"
4523,2,0,u-read,6700,369875,369876,"v=57"
4524,3,0,u-read,6700,369876,369877,"v=57"
4525,2,0,u-read,6700,369878,369879,"v=57"
4526,3,0,u-read,6700,369879,369880,"v=57"
4527,2,0,u-read,6700,369880,369881,"v=57"
4528,0,0,u-write,6700,369856,369882,"v=57"
4529,3,0,u-read,6700,369882,369882,"v=57"
4530,2,0,u-read,6700,369883,369883,"v=57"
4531,3,0,u-read,6700,369884,369885,"v=57"
4532,2,0,u-read,6700,369885,369887,"v=57"
4533,3,0,u-read,6700,369888,369888,"v=57"
4534,3,0,u-read,6700,369890,369893,"v=59"
4535,2,0,u-read,6700,369889,369894,"v=59"
4536,3,0,u-read,6700,369897,369898,"v=59"
4537,2,0,u-read,6700,369898,369899,"v=59"
4538,3,0,u-read,6700,369900,369900,"v=59"
4539,2,0,u-read,6700,369901,369901,"v=59"
4540,3,0,u-read,6700,369902,369903,"v=59"
4541,2,0,u-read,6700,369903,369904,"v=59"
4542,3,0,u-read,6700,369904,369905,"v=59"
4543,2,0,u-read,6700,369905,369906,"v=59"
4544,3,0,u-read,6700,369907,369907,"v=59"
4545,2,0,u-read,6700,369908,369908,"v=59"
4546,0,0,u-write,6700,369883,369909,"v=59"
4547,3,0,u-read,6700,369909,369909,"v=59"
4548,2,0,u-read,6700,369910,369911,"v=59"
4549,3,0,u-read,6700,369912,369913,"v=59"
4550,2,0,u-read,6700,369913,369914,"v=59"
4551,3,0,u-read,6700,369915,369916,"v=59"
4552,2,0,u-read,6700,369916,369917,"v=59"
4553,2,0,u-read,6700,369918,369921,"v=61"
4554,3,0,u-read,6700,369917,369922,"v=61"
4555,2,0,u-read,6700,369923,369924,"v=61"
4556,3,0,u-read,6700,369924,369925,"v=61"
4557,2,0,u-read,6700,369925,369926,"v=61"
4558,3,0,u-read,6700,369927,369927,"v=61"
4559,2,0,u-read,6700,369928,369928,"v=61"
4560,3,0,u-read,6700,369929,369929,"v=61"
4561,2,0,u-read,6700,369930,369931,"v=61"
4562,3,0,u-read,6700,369931,369932,"v=61"
4563,2,0,u-read,6700,369933,369933,"v=61"
4564,3,0,u-read,6700,369934,369935,"v=61"
4565,2,0,u-read,6700,369935,369936,"v=61"
4566,3,0,u-read,6700,369936,369937,"v=61"
4567,2,0,u-read,6700,369937,369938,"v=61"
4568,0,0,u-write,6700,369911,369939,"v=61"
4569,3,0,u-read,6700,369940,369941,"v=61"
4570,2,0,u-read,6700,369941,369942,"v=61"
4571,3,0,u-read,6700,369943,369944,"v=61"
4572,2,0,u-read,6700,369944,369945,"v=61"
4573,3,0,u-read,6700,369946,369946,"v=61"
4574,2,0,u-read,6700,369947,369948,"v=61"
4575,3,0,u-read,6700,369948,369951,"v=63"
4576,2,0,u-read,6700,369949,369953,"v=63"
4577,3,0,u-read,6700,369953,369954,"v=63"
4578,2,0,u-read,6700,369955,369955,"v=63"
4579,3,0,u-read,6700,369956,369956,"v=63"
4580,2,0,u-read,6700,369957,369958,"v=63"
4581,3,0,u-read,6700,369958,369959,"v=63"
4582,2,0,u-read,6700,369959,369960,"v=63"
4583,3,0,u-read,6700,369961,369961,"v=63"
4584,2,0,u-read,6700,369962,369962,"v=63"
4585,3,0,u-read,6700,369963,369964,"v=63"
4586,2,0,u-read,6700,369964,369965,"v=63"
4587,3,0,u-read,6700,369965,369966,"v=63"
4588,2,0,u-read,6700,369967,369968,"v=63"
4589,3,0,u-read,6700,369968,369969,"v=63"
4590,2,0,u-read,6700,369970,369970,"v=63"
4591,3,0,u-read,6700,369971,369971,"v=63"
4592,0,0,u-write,6700,369941,369972,"v=63"
4593,2,0,u-read,6700,369972,369972,"v=63"
4594,3,0,u-read,6700,369974,369974,"v=63"
4595,2,0,u-read,6700,369975,369976,"v=63"
4596,3,0,u-read,6700,369977,369978,"v=63"
4597,2,0,u-read,6700,369979,369979,"v=63"
4598,3,0,u-read,6700,369980,369981,"v=63"
4599,3,0,u-read,6700,369982,369985,"v=65"
4600,2,0,u-read,6700,369981,369988,"v=65"
4601,3,0,u-read,6700,369989,369989,"v=65"
4602,2,0,u-read,6700,369990,369990,"v=65"
4603,3,0,u-read,6700,369991,369992,"v=65"
4604,2,0,u-read,6700,369992,369993,"v=65"
4605,3,0,u-read,6700,369993,369994,"v=65"
4606,2,0,u-read,6700,369994,369995,"v=65"
4607,3,0,u-read,6700,369996,369996,"v=65"
4608,2,0,u-read,6700,369997,369997,"v=65"
4609,3,0,u-read,6700,369998,369999,"v=65"
4610,2,0,u-read,6700,369999,370000,"v=65"
4611,3,0,u-read,6700,370001,370001,"v=65"
4612,2,0,u-read,6700,370002,370002,"v=65"
4613,3,0,u-read,6700,370003,370003,"v=65"
4614,0,0,u-write,6700,369974,370004,"v=65"
4615,2,0,u-read,6700,370004,370005,"v=65"
4616,3,0,u-read,6700,370005,370006,"v=65"
4617,2,0,u-read,6700,370007,370008,"v=65"
4618,3,0,u-read,6700,370008,370026,"v=65"
4619,2,0,u-read,6700,370027,370028,"v=65"
4620,3,0,u-read,6700,370029,370030,"v=65"
4621,2,0,u-read,6700,370031,370031,"v=65"
4622,3,0,u-read,6700,370032,370032,"v=65"
4623,2,0,u-read,6700,370033,370034,"v=65"
4624,3,0,u-read,6700,370034,370035,"v=65"
4625,2,0,u-read,6700,370035,370036,"v=65"
4626,3,0,u-read,6700,370037,370037,"v=65"
4627,2,0,u-read,6700,370038,370039,"v=65"
4628,3,0,u-read,6700,370039,370040,"v=65"
4629,2,0,u-read,6700,370040,370041,"v=65"
4630,3,0,u-read,6700,370042,370042,"v=65"
4631,2,0,u-read,6700,370043,370043,"v=65"
4632,3,0,u-read,6700,370045,370049,"v=67"
4633,2,0,u-read,6700,370046,370050,"v=67"
4634,3,0,u-read,6700,370050,370051,"v=67"
4635,2,0,u-read,6700,370052,370052,"v=67"
4636,3,0,u-read,6700,370053,370054,"v=67"
4637,2,0,u-read,6700,370054,370055,"v=67"
4638,3,0,u-read,6700,370055,370056,"v=67"
4639,2,0,u-read,6700,370057,370058,"v=67"
4640,3,0,u-read,6700,370058,370059,"v=67"
4641,2,0,u-read,6700,370059,370060,"v=67"
4642,3,0,u-read,6700,370061,370061,"v=67"
4643,2,0,u-read,6700,370062,370062,"v=67"
4644,3,0,u-read,6700,370063,370064,"v=67"
4645,2,0,u-read,6700,370064,370065,"v=67"
4646,3,0,u-read,6700,370065,370066,"v=67"
4647,2,0,u-read,6700,370067,370067,"v=67"
4648,3,0,u-read,6700,370068,370068,"v=67"
4649,2,0,u-read,6700,370069,370069,"v=67"
4650,0,0,u-write,6700,370005,370070,"v=67"
4651,3,0,u-read,6700,370070,370071,"v=67"
4652,2,0,u-read,6700,370071,370072,"v=67"
4653,3,0,u-read,6700,370073,370073,"v=67"
4654,2,0,u-read,6700,370074,370075,"v=67"
4655,3,0,u-read,6700,370075,370077,"v=67"
4656,2,0,u-read,6700,370077,370078,"v=67"
4657,3,0,u-read,6700,370079,370079,"v=67"
4658,2,0,u-read,6700,370080,370084,"v=69"
4659,3,0,u-read,6700,370081,370085,"v=69"
4660,2,0,u-read,6700,370086,370086,"v=69"
4661,3,0,u-read,6700,370087,370088,"v=69"
4662,2,0,u-read,6700,370088,370089,"v=69"
4663,3,0,u-read,6700,370089,370090,"v=69"
4664,2,0,u-read,6700,370092,370093,"v=69"
4665,3,0,u-read,6700,370093,370094,"v=69"
4666,2,0,u-read,6700,370095,370095,"v=69"
4667,3,0,u-read,6700,370096,370097,"v=69"
4668,2,0,u-read,6700,370097,370098,"v=69"
4669,3,0,u-read,6700,370098,370099,"v=69"
4670,2,0,u-read,6700,370100,370100,"v=69"
4671,3,0,u-read,6700,370101,370101,"v=69"
4672,2,0,u-read,6700,370102,370103,"v=69"
4673,3,0,u-read,6700,370103,370104,"v=69"
4674,0,0,u-write,6700,370072,370105,"v=69"
4675,2,0,u-read,6700,370104,370105,"v=69"
4676,3,0,u-read,6700,370106,370107,"v=69"
4677,2,0,u-read,6700,370107,370108,"v=69"
4678,3,0,u-read,6700,370108,370109,"v=69"
4679,2,0,u-read,6700,370110,370111,"v=69"
4680,3,0,u-read,6700,370111,370112,"v=69"
4681,2,0,u-read,6700,370113,370114,"v=69"
4682,2,0,u-read,6700,370115,370118,"v=71"
4683,3,0,u-read,6700,370114,370120,"v=71"
4684,2,0,u-read,6700,370120,370121,"v=71"
4685,3,0,u-read,6700,370121,370122,"v=71"
4686,2,0,u-read,6700,370123,370123,"v=71"
4687,3,0,u-read,6700,370124,370125,"v=71"
4688,2,0,u-read,6700,370125,370126,"v=71"
4689,3,0,u-read,6700,370126,370127,"v=71"
4690,2,0,u-read,6700,370127,370128,"v=71"
4691,3,0,u-read,6700,370129,370129,"v=71"
4692,2,0,u-read,6700,370130,370131,"v=71"
4693,3,0,u-read,6700,370131,370132,"v=71"
4694,2,0,u-read,6700,370132,370133,"v=71"
4695,3,0,u-read,6700,370134,370134,"v=71"
4696,2,0,u-read,6700,370136,370137,"v=71"
4697,0,0,u-write,6700,370106,370137,"v=71"
4698,3,0,u-read,6700,370137,370138,"v=71"
4699,2,0,u-read,6700,370139,370140,"v=71"
4700,3,0,u-read,6700,370140,370141,"v=71"
4701,2,0,u-read,6700,370141,370143,"v=71"
4702,3,0,u-read,6700,370144,370145,"v=71"
4703,2,0,u-read,6700,370145,370149,"v=73"
4704,3,0,u-read,6700,370146,370150,"v=73"
4705,2,0,u-read,6700,370150,370151,"v=73"
4706,3,0,u-read,6700,370151,370152,"v=73"
4707,2,0,u-read,6700,370153,370153,"v=73"
4708,3,0,u-read,6700,370154,370154,"v=73"
4709,2,0,u-read,6700,370155,370155,"v=73"
4710,3,0,u-read,6700,370156,370157,"v=73"
4711,2,0,u-read,6700,370157,370158,"v=73"
4712,3,0,u-read,6700,370158,370159,"v=73"
4713,2,0,u-read,6700,370160,370160,"v=73"
4714,3,0,u-read,6700,370161,370161,"v=73"
4715,2,0,u-read,6700,370162,370163,"v=73"
4716,3,0,u-read,6700,370163,370164,"v=73"
4717,2,0,u-read,6700,370164,370165,"v=73"
4718,3,0,u-read,6700,370166,370166,"v=73"
4719,2,0,u-read,6700,370167,370167,"v=73"
4720,3,0,u-read,6700,370168,370168,"v=73"
4721,2,0,u-read,6700,370169,370170,"v=73"
4722,0,0,u-write,6700,370139,370170,"v=73"
4723,3,0,u-read,6700,370170,370171,"v=73"
4724,2,0,u-read,6700,370172,370172,"v=73"
4725,3,0,u-read,6700,370173,370174,"v=73"
4726,2,0,u-read,6700,370174,370176,"v=73"
4727,3,0,u-read,6700,370177,370177,"v=73"
4728,3,0,u-read,6700,370180,370183,"v=75"
4729,2,0,u-read,6700,370179,370184,"v=75"
4730,3,0,u-read,6700,370185,370185,"v=75"
4731,2,0,u-read,6700,370186,370187,"v=75"
4732,3,0,u-read,6700,370187,370188,"v=75"
4733,2,0,u-read,6700,370188,370189,"v=75"
4734,3,0,u-read,6700,370190,370190,"v=75"
4735,2,0,u-read,6700,370191,370192,"v=75"
4736,3,0,u-read,6700,370192,370193,"v=75"
4737,2,0,u-read,6700,370193,370194,"v=75"
4738,3,0,u-read,6700,370194,370195,"v=75"
4739,2,0,u-read,6700,370195,370196,"v=75"
4740,3,0,u-read,6700,370197,370197,"v=75"
4741,2,0,u-read,6700,370198,370198,"v=75"
4742,3,0,u-read,6700,370199,370200,"v=75"
4743,2,0,u-read,6700,370200,370201,"v=75"
4744,3,0,u-read,6700,370201,370202,"v=75"
4745,0,0,u-write,6700,370172,370203,"v=75"
4746,2,0,u-read,6700,370203,370203,"v=75"
4747,3,0,u-read,6700,370204,370205,"v=75"
4748,2,0,u-read,6700,370206,370206,"v=75"
4749,3,0,u-read,6700,370207,370208,"v=75"
4750,2,0,u-read,6700,370209,370210,"v=75"
4751,3,0,u-read,6700,370210,370214,"v=77"
4752,2,0,u-read,6700,370211,370215,"v=77"
4753,3,0,u-read,6700,370216,370216,"v=77"
4754,2,0,u-read,6700,370217,370218,"v=77"
4755,3,0,u-read,6700,370218,370219,"v=77"
4756,2,0,u-read,6700,370219,370220,"v=77"
4757,3,0,u-read,6700,370221,370221,"v=77"
4758,2,0,u-read,6700,370222,370223,"v=77"
4759,3,0,u-read,6700,370223,370224,"v=77"
4760,2,0,u-read,6700,370226,370227,"v=77"
4761,3,0,u-read,6700,370227,370228,"v=77"
4762,2,0,u-read,6700,370228,370229,"v=77"
4763,3,0,u-read,6700,370230,370230,"v=77"
4764,2,0,u-read,6700,370231,370231,"v=77"
4765,0,0,u-write,6700,370204,370231,"v=77"
4766,3,0,u-read,6700,370232,370233,"v=77"
4767,2,0,u-read,6700,370233,370234,"v=77"
4768,3,0,u-read,6700,370235,370235,"v=77"
4769,2,0,u-read,6700,370236,370237,"v=77"
4770,3,0,u-read,6700,370238,370238,"v=77"
4771,3,0,u-read,6700,370240,370242,"v=79"
4772,2,0,u-read,6700,370239,370243,"v=79"
4773,3,0,u-read,6700,370244,370245,"v=79"
4774,2,0,u-read,6700,370245,370246,"v=79"
4775,3,0,u-read,6700,370246,370247,"v=79"
4776,2,0,u-read,6700,370247,370248,"v=79"
4777,3,0,u-read,6700,370249,370250,"v=79"
4778,2,0,u-read,6700,370250,370251,"v=79"
4779,3,0,u-read,6700,370252,370252,"v=79"
4780,2,0,u-read,6700,370253,370253,"v=79"
4781,3,0,u-read,6700,370254,370254,"v=79"
4782,2,0,u-read,6700,370255,370256,"v=79"
4783,3,0,u-read,6700,370256,370257,"v=79"
4784,2,0,u-read,6700,370258,370258,"v=79"
4785,3,0,u-read,6700,370259,370259,"v=79"
4786,2,0,u-read,6700,370260,370260,"v=79"
4787,0,0,u-write,6700,370233,370261,"v=79"
4788,3,0,u-read,6700,370261,370261,"v=79"
4789,2,0,u-read,6700,370263,370263,"v=79"
4790,3,0,u-read,6700,370264,370265,"v=79"
4791,2,0,u-read,6700,370266,370266,"v=79"
4792,3,0,u-read,6700,370268,370268,"v=79"
4793,2,0,u-read,6700,370328,370330,"v=79"
4794,3,0,u-read,6700,370331,370332,"v=79"
4795,2,0,u-read,6700,370332,370333,"v=79"
4796,3,0,u-read,6700,370334,370335,"v=79"
4797,2,0,u-read,6700,370336,370336,"v=79"
4798,3,0,u-read,6700,370337,370338,"v=79"
4799,2,0,u-read,6700,370338,370339,"v=79"
4800,3,0,u-read,6700,370340,370340,"v=79"
4801,2,0,u-read,6700,370341,370342,"v=79"
4802,3,0,u-read,6700,370342,370343,"v=79"
4803,2,0,u-read,6700,370343,370344,"v=79"
4804,3,0,u-read,6700,370344,370345,"v=79"
4805,2,0,u-read,6700,370346,370346,"v=79"
4806,3,0,u-read,6700,370347,370347,"v=79"
4807,2,0,u-read,6700,370348,370348,"v=79"
4808,3,0,u-read,6700,370349,370350,"v=79"
4809,2,0,u-read,6700,370350,370351,"v=79"
4810,3,0,u-read,6700,370351,370352,"v=79"
4811,2,0,u-read,6700,370352,370353,"v=79"
4812,3,0,u-read,6700,370354,370354,"v=79"
4813,2,0,u-read,6700,370355,370355,"v=79"
4814,3,0,u-read,6700,370356,370357,"v=79"
4815,2,0,u-read,6700,370358,370358,"v=79"
4816,3,0,u-read,6700,370359,370359,"v=79"
4817,2,0,u-read,6700,370360,370360,"v=79"
4818,3,0,u-read,6700,370361,370361,"v=79"
4819,2,0,u-read,6700,370362,370363,"v=79"
4820,3,0,u-read,6700,370364,370364,"v=79"
4821,2,0,u-read,6700,370365,370366,"v=79"
4822,3,0,u-read,6700,370366,370367,"v=79"
4823,2,0,u-read,6700,370367,370368,"v=79"
4824,3,0,u-read,6700,370370,370371,"v=79"
4825,2,0,u-read,6700,370371,370372,"v=79"
4826,3,0,u-read,6700,370372,370373,"v=79"
4827,2,0,u-read,6700,370373,370374,"v=79"
4828,3,0,u-read,6700,370375,370375,"v=79"
4829,2,0,u-read,6700,370376,370376,"v=79"
4830,3,0,u-read,6700,370377,370378,"v=79"
4831,2,0,u-read,6700,370378,370379,"v=79"
4832,3,0,u-read,6700,370380,370380,"v=79"
4833,2,0,u-read,6700,370381,370381,"v=79"
4834,3,0,u-read,6700,370382,370382,"v=79"
4835,2,0,u-read,6700,370383,370383,"v=79"
4836,3,0,u-read,6700,370384,370385,"v=79"
4837,2,0,u-read,6700,370385,370386,"v=79"
4838,3,0,u-read,6700,370386,370387,"v=79"
4839,2,0,u-read,6700,370387,370388,"v=79"
4840,3,0,u-read,6700,370388,370389,"v=79"
4841,2,0,u-read,6700,370389,370390,"v=79"
4842,3,0,u-read,6700,370391,370391,"v=79"
4843,2,0,u-read,6700,370392,370392,"v=79"
4844,3,0,u-read,6700,370393,370393,"v=79"
4845,2,0,u-read,6700,370394,370394,"v=79"
4846,3,0,u-read,6700,370395,370396,"v=79"
4847,2,0,u-read,6700,370396,370397,"v=79"
4848,3,0,u-read,6700,370397,370398,"v=79"
4849,2,0,u-read,6700,370398,370399,"v=79"
4850,3,0,u-read,6700,370399,370400,"v=79"
4851,2,0,u-read,6700,370401,370401,"v=79"
4852,3,0,u-read,6700,370402,370402,"v=79"
4853,2,0,u-read,6700,370403,370404,"v=79"
4854,3,0,u-read,6700,370404,370405,"v=79"
4855,2,0,u-read,6700,370405,370406,"v=79"
4856,3,0,u-read,6700,370408,370409,"v=79"
4857,2,0,u-read,6700,370409,370410,"v=79"
4858,3,0,u-read,6700,370410,370411,"v=79"
4859,2,0,u-read,6700,370411,370412,"v=79"
4860,3,0,u-read,6700,370412,370413,"v=79"
4861,2,0,u-read,6700,370413,370414,"v=79"
4862,3,0,u-read,6700,370415,370415,"v=79"
4863,2,0,u-read,6700,370416,370416,"v=79"
4864,3,0,u-read,6700,370417,370417,"v=79"
4865,2,0,u-read,6700,370418,370419,"v=79"
4866,3,0,u-read,6700,370419,370420,"v=79"
4867,2,0,u-read,6700,370420,370421,"v=79"
4868,3,0,u-read,6700,370422,370422,"v=79"
4869,2,0,u-read,6700,370423,370423,"v=79"
4870,3,0,u-read,6700,370424,370424,"v=79"
4871,2,0,u-read,6700,370425,370425,"v=79"
4872,3,0,u-read,6700,370426,370427,"v=79"
4873,2,0,u-read,6700,370427,370428,"v=79"
4874,3,0,u-read,6700,370428,370429,"v=79"
4875,2,0,u-read,6700,370429,370430,"v=79"
4876,3,0,u-read,6700,370430,370431,"v=79"
4877,2,0,u-read,6700,370431,370432,"v=79"
4878,3,0,u-read,6700,370433,370433,"v=79"
4879,2,0,u-read,6700,370434,370434,"v=79"
4880,3,0,u-read,6700,370435,370435,"v=79"
4881,2,0,u-read,6700,370436,370437,"v=79"
4882,3,0,u-read,6700,370437,370438,"v=79"
4883,2,0,u-read,6700,370438,370439,"v=79"
4884,3,0,u-read,6700,370439,370440,"v=79"
4885,2,0,u-read,6700,370440,370441,"v=79"
4886,3,0,u-read,6700,370441,370442,"v=79"
4887,2,0,u-read,6700,370443,370443,"v=79"
4888,3,0,u-read,6700,370445,370446,"v=79"
4889,2,0,u-read,6700,370447,370447,"v=79"
4890,3,0,u-read,6700,370448,370448,"v=79"
4891,2,0,u-read,6700,370449,370449,"v=79"
4892,3,0,u-read,6700,370450,370450,"v=79"
4893,2,0,u-read,6700,370451,370452,"v=79"
4894,3,0,u-read,6700,370452,370453,"v=79"
4895,2,0,u-read,6700,370453,370454,"v=79"
4896,3,0,u-read,6700,370454,370455,"v=79"
4897,2,0,u-read,6700,370455,370456,"v=79"
4898,3,0,u-read,6700,370456,370457,"v=79"
4899,2,0,u-read,6700,370458,370458,"v=79"
4900,3,0,u-read,6700,370459,370459,"v=79"
4901,2,0,u-read,6700,370460,370460,"v=79"
4902,3,0,u-read,6700,370461,370461,"v=79"
4903,2,0,u-read,6700,370462,370462,"v=79"
4904,3,0,u-read,6700,370463,370464,"v=79"
4905,2,0,u-read,6700,370464,370465,"v=79"
4906,3,0,u-read,6700,370465,370466,"v=79"
4907,2,0,u-read,6700,370467,370467,"v=79"
4908,3,0,u-read,6700,370468,370468,"v=79"
4909,2,0,u-read,6700,370469,370469,"v=79"
4910,3,0,u-read,6700,370470,370470,"v=79"
4911,2,0,u-read,6700,370471,370472,"v=79"
4912,3,0,u-read,6700,370472,370473,"v=79"
4913,2,0,u-read,6700,370473,370474,"v=79"
4914,3,0,u-read,6700,370474,370475,"v=79"
4915,2,0,u-read,6700,370475,370476,"v=79"
4916,3,0,u-read,6700,370476,370477,"v=79"
4917,2,0,u-read,6700,370477,370478,"v=79"
4918,3,0,u-read,6700,370478,370479,"v=79"
4919,2,0,u-read,6700,370480,370480,"v=79"
4920,3,0,u-read,6700,370482,370483,"v=79"
4921,2,0,u-read,6700,370483,370484,"v=79"
4922,3,0,u-read,6700,370484,370485,"v=79"
4923,2,0,u-read,6700,370486,370486,"v=79"
4924,3,0,u-read,6700,370487,370487,"v=79"
4925,2,0,u-read,6700,370488,370488,"v=79"
4926,3,0,u-read,6700,370489,370489,"v=79"
4927,2,0,u-read,6700,370490,370491,"v=79"
4928,3,0,u-read,6700,370491,370492,"v=79"
4929,2,0,u-read,6700,370492,370493,"v=79"
4930,3,0,u-read,6700,370493,370494,"v=79"
4931,2,0,u-read,6700,370494,370495,"v=79"
4932,3,0,u-read,6700,370495,370496,"v=79"
4933,2,0,u-read,6700,370497,370497,"v=79"
4934,3,0,u-read,6700,370498,370498,"v=79"
4935,2,0,u-read,6700,370499,370500,"v=79"
4936,3,0,u-read,6700,370500,370501,"v=79"
4937,2,0,u-read,6700,370501,370502,"v=79"
4938,3,0,u-read,6700,370502,370503,"v=79"
4939,2,0,u-read,6700,370503,370504,"v=79"
4940,3,0,u-read,6700,370504,370505,"v=79"
4941,2,0,u-read,6700,370505,370506,"v=79"
4942,3,0,u-read,6700,370507,370507,"v=79"
4943,2,0,u-read,6700,370508,370508,"v=79"
4944,3,0,u-read,6700,370509,370510,"v=79"
4945,2,0,u-read,6700,370511,370511,"v=79"
4946,3,0,u-read,6700,370512,370512,"v=79"
4947,2,0,u-read,6700,370513,370513,"v=79"
4948,3,0,u-read,6700,370514,370514,"v=79"
4949,2,0,u-read,6700,370515,370515,"v=79"
4950,3,0,u-read,6700,370516,370516,"v=79"
4951,2,0,u-read,6700,370517,370518,"v=79"
4952,3,0,u-read,6700,370519,370520,"v=79"
4953,2,0,u-read,6700,370520,370521,"v=79"
4954,3,0,u-read,6700,370522,370522,"v=79"
4955,2,0,u-read,6700,370523,370523,"v=79"
4956,3,0,u-read,6700,370524,370525,"v=79"
4957,2,0,u-read,6700,370525,370526,"v=79"
4958,3,0,u-read,6700,370526,370527,"v=79"
4959,2,0,u-read,6700,370527,370528,"v=79"
4960,3,0,u-read,6700,370528,370529,"v=79"
4961,2,0,u-read,6700,370529,370530,"v=79"
4962,3,0,u-read,6700,370530,370531,"v=79"
4963,2,0,u-read,6700,370532,370532,"v=79"
4964,3,0,u-read,6700,370533,370533,"v=79"
4965,2,0,u-read,6700,370534,370534,"v=79"
4966,3,0,u-read,6700,370535,370535,"v=79"
4967,2,0,u-read,6700,370536,370537,"v=79"
4968,3,0,u-read,6700,370537,370538,"v=79"
4969,2,0,u-read,6700,370538,370539,"v=79"
4970,3,0,u-read,6700,370540,370540,"v=79"
4971,2,0,u-read,6700,370541,370541,"v=79"
4972,3,0,u-read,6700,370542,370542,"v=79"
4973,2,0,u-read,6700,370543,370543,"v=79"
4974,3,0,u-read,6700,370544,370544,"v=79"
4975,2,0,u-read,6700,370545,370546,"v=79"
4976,3,0,u-read,6700,370546,370547,"v=79"
4977,2,0,u-read,6700,370547,370548,"v=79"
4978,3,0,u-read,6700,370548,370549,"v=79"
4979,2,0,u-read,6700,370549,370550,"v=79"
4980,3,0,u-read,6700,370551,370551,"v=79"
4981,2,0,u-read,6700,370552,370552,"v=79"
4982,3,0,u-read,6700,370553,370553,"v=79"
4983,2,0,u-read,6700,370554,370555,"v=79"
4984,3,0,u-read,6700,370557,370557,"v=79"
4985,2,0,u-read,6700,370558,370559,"v=79"
4986,3,0,u-read,6700,370559,370560,"v=79"
4987,2,0,u-read,6700,370560,370561,"v=79"
4988,3,0,u-read,6700,370561,370562,"v=79"
4989,2,0,u-read,6700,370562,370563,"v=79"
4990,3,0,u-read,6700,370564,370564,"v=79"
4991,2,0,u-read,6700,370565,370565,"v=79"
4992,3,0,u-read,6700,370566,370566,"v=79"
4993,2,0,u-read,6700,370567,370567,"v=79"
4994,3,0,u-read,6700,370568,370568,"v=79"
4995,2,0,u-read,6700,370569,370569,"v=79"
4996,3,0,u-read,6700,370570,370571,"v=79"
4997,2,0,u-read,6700,370571,370572,"v=79"
4998,3,0,u-read,6700,370572,370573,"v=79"
4999,2,0,u-read,6700,370573,370574,"v=79"
5000,3,0,u-read,6700,370574,370575,"v=79"
5001,2,0,u-read,6700,370575,370576,"v=79"
5002,3,0,u-read,6700,370577,370577,"v=79"
5003,2,0,u-read,6700,370578,370578,"v=79"
5004,3,0,u-read,6700,370579,370580,"v=79"
5005,2,0,u-read,6700,370580,370581,"v=79"
5006,3,0,u-read,6700,370581,370582,"v=79"
5007,2,0,u-read,6700,370583,370583,"v=79"
5008,3,0,u-read,6700,370584,370584,"v=79"
5009,2,0,u-read,6700,370585,370585,"v=79"
5010,3,0,u-read,6700,370586,370586,"v=79"
5011,2,0,u-read,6700,370587,370588,"v=79"
5012,3,0,u-read,6700,370588,370589,"v=79"
5013,2,0,u-read,6700,370589,370590,"v=79"
5014,3,0,u-read,6700,370590,370591,"v=79"
5015,2,0,u-read,6700,370592,370592,"v=79"
5016,3,0,u-read,6700,370595,370596,"v=79"
5017,2,0,u-read,6700,370596,370597,"v=79"
5018,3,0,u-read,6700,370598,370598,"v=79"
5019,2,0,u-read,6700,370599,370600,"v=79"
5020,3,0,u-read,6700,370600,370601,"v=79"
5021,2,0,u-read,6700,370601,370602,"v=79"
5022,2,0,u-read,6700,370603,370605,"v=79"
5023,3,0,u-read,6700,370603,370606,"v=79"
5024,2,0,u-read,6700,370606,370607,"v=79"
5025,3,0,u-read,6700,370608,370608,"v=79"
5026,2,0,u-read,6700,370609,370609,"v=79"
5027,3,0,u-read,6700,370610,370621,"v=79"
5028,2,0,u-read,6700,370621,370634,"v=2"
5029,3,0,u-read,6700,370622,370638,"v=2"
5030,2,0,u-read,6700,370639,370639,"v=2"
5031,3,0,u-read,6700,370640,370640,"v=2"
5032,2,0,u-read,6700,370641,370641,"v=2"
5033,3,0,u-read,6700,370642,370643,"v=2"
5034,2,0,u-read,6700,370643,370644,"v=2"
5035,3,0,u-read,6700,370644,370645,"v=2"
5036,2,0,u-read,6700,370645,370646,"v=2"
5037,3,0,u-read,6700,370647,370647,"v=2"
5038,2,0,u-read,6700,370648,370648,"v=2"
5039,3,0,u-read,6700,370649,370650,"v=2"
5040,2,0,u-read,6700,370650,370651,"v=2"
5041,3,0,u-read,6700,370651,370652,"v=2"
5042,2,0,u-read,6700,370652,370653,"v=2"
5043,3,0,u-read,6700,370654,370654,"v=2"
5044,2,0,u-read,6700,370655,370655,"v=2"
5045,3,0,u-read,6700,370656,370656,"v=2"
5046,2,0,u-read,6700,370657,370658,"v=2"
5047,3,0,u-read,6700,370658,370659,"v=2"
5048,2,0,u-read,6700,370661,370662,"v=2"
5049,3,0,u-read,6700,370663,370663,"v=2"
5050,2,0,u-read,6700,370664,370664,"v=2"
5051,3,0,u-read,6700,370665,370666,"v=2"
5052,2,0,u-read,6700,370666,370667,"v=2"
5053,3,0,u-read,6700,370667,370668,"v=2"
5054,2,0,u-read,6700,370668,370669,"v=2"
5055,1,0,u-write,6700,370598,370669,"v=2"
5056,3,0,u-read,6700,370669,370670,"v=2"
5057,2,0,u-read,6700,370671,370671,"v=2"
5058,3,0,u-read,6700,370672,370672,"v=2"
5059,2,0,u-read,6700,370673,370674,"v=2"
5060,3,0,u-read,6700,370675,370676,"v=2"
5061,2,0,u-read,6700,370677,370677,"v=2"
5062,3,0,u-read,6700,370678,370678,"v=2"
5063,3,0,u-read,6700,370680,370683,"v=4"
5064,2,0,u-read,6700,370679,370684,"v=4"
5065,3,0,u-read,6700,370685,370685,"v=4"
5066,2,0,u-read,6700,370686,370686,"v=4"
5067,3,0,u-read,6700,370687,370688,"v=4"
5068,2,0,u-read,6700,370688,370689,"v=4"
5069,3,0,u-read,6700,370689,370690,"v=4"
5070,2,0,u-read,6700,370690,370691,"v=4"
5071,3,0,u-read,6700,370692,370692,"v=4"
5072,2,0,u-read,6700,370693,370694,"v=4"
5073,3,0,u-read,6700,370694,370695,"v=4"
5074,2,0,u-read,6700,370695,370696,"v=4"
5075,3,0,u-read,6700,370696,370697,"v=4"
5076,2,0,u-read,6700,370698,370698,"v=4"
5077,3,0,u-read,6700,370699,370699,"v=4"
5078,2,0,u-read,6700,370700,370700,"v=4"
5079,3,0,u-read,6700,370701,370701,"v=4"
5080,1,0,u-write,6700,370672,370702,"v=4"
5081,2,0,u-read,6700,370704,370705,"v=4"
5082,3,0,u-read,6700,370705,370706,"v=4"
5083,2,0,u-read,6700,370707,370708,"v=4"
5084,3,0,u-read,6700,370708,370710,"v=4"
5085,2,0,u-read,6700,370710,370711,"v=4"
5086,3,0,u-read,6700,370711,370712,"v=4"
5087,3,0,u-read,6700,370713,370716,"v=6"
5088,2,0,u-read,6700,370712,370717,"v=6"
5089,3,0,u-read,6700,370718,370719,"v=6"
5090,2,0,u-read,6700,370719,370720,"v=6"
5091,3,0,u-read,6700,370720,370721,"v=6"
5092,2,0,u-read,6700,370722,370722,"v=6"
5093,3,0,u-read,6700,370723,370724,"v=6"
5094,2,0,u-read,6700,370724,370725,"v=6"
5095,3,0,u-read,6700,370725,370726,"v=6"
5096,2,0,u-read,6700,370726,370727,"v=6"
5097,3,0,u-read,6700,370727,370728,"v=6"
5098,2,0,u-read,6700,370729,370729,"v=6"
5099,3,0,u-read,6700,370730,370730,"v=6"
5100,2,0,u-read,6700,370731,370732,"v=6"
5101,3,0,u-read,6700,370732,370733,"v=6"
5102,1,0,u-write,6700,370705,370734,"v=6"
5103,2,0,u-read,6700,370733,370734,"v=6"
5104,3,0,u-read,6700,370739,370740,"v=6"
5105,2,0,u-read,6700,370741,370742,"v=6"
5106,3,0,u-read,6700,370742,370743,"v=6"
5107,2,0,u-read,6700,370744,370747,"v=8"
5108,3,0,u-read,6700,370744,370748,"v=8"
5109,2,0,u-read,6700,370748,370749,"v=8"
5110,3,0,u-read,6700,370750,370750,"v=8"
5111,2,0,u-read,6700,370751,370752,"v=8"
5112,3,0,u-read,6700,370754,370755,"v=8"
5113,2,0,u-read,6700,370755,370756,"v=8"
5114,3,0,u-read,6700,370756,370757,"v=8"
5115,2,0,u-read,6700,370758,370758,"v=8"
5116,3,0,u-read,6700,370759,370760,"v=8"
5117,2,0,u-read,6700,370760,370761,"v=8"
5118,3,0,u-read,6700,370761,370762,"v=8"
5119,2,0,u-read,6700,370763,370763,"v=8"
5120,1,0,u-write,6700,370735,370764,"v=8"
5121,3,0,u-read,6700,370764,370764,"v=8"
5122,2,0,u-read,6700,370765,370766,"v=8"
5123,3,0,u-read,6700,370766,370767,"v=8"
5124,2,0,u-read,6700,370768,370769,"v=8"
5125,3,0,u-read,6700,370770,370770,"v=8"
5126,3,0,u-read,6700,370772,370774,"v=10"
5127,2,0,u-read,6700,370771,370776,"v=10"
5128,3,0,u-read,6700,370776,370777,"v=10"
5129,2,0,u-read,6700,370778,370778,"v=10"
5130,3,0,u-read,6700,370779,370780,"v=10"
5131,2,0,u-read,6700,370780,370781,"v=10"
5132,3,0,u-read,6700,370781,370782,"v=10"
5133,2,0,u-read,6700,370783,370783,"v=10"
5134,3,0,u-read,6700,370784,370784,"v=10"
5135,2,0,u-read,6700,370785,370785,"v=10"
5136,3,0,u-read,6700,370786,370787,"v=10"
5137,2,0,u-read,6700,370787,370788,"v=10"
5138,3,0,u-read,6700,370788,370789,"v=10"
5139,2,0,u-read,6700,370790,370790,"v=10"
5140,3,0,u-read,6700,370791,370792,"v=10"
5141,1,0,u-write,6700,370765,370792,"v=10"
5142,2,0,u-read,6700,370792,370793,"v=10"
5143,3,0,u-read,6700,370794,370794,"v=10"
5144,2,0,u-read,6700,370796,370797,"v=10"
5145,3,0,u-read,6700,370798,370799,"v=10"
5146,2,0,u-read,6700,370799,370800,"v=10"
5147,2,0,u-read,6700,370801,370805,"v=12"
5148,3,0,u-read,6700,370800,370806,"v=12"
5149,2,0,u-read,6700,370807,370808,"v=12"
5150,3,0,u-read,6700,370808,370809,"v=12"
5151,2,0,u-read,6700,370809,370810,"v=12"
5152,3,0,u-read,6700,370810,370811,"v=12"
5153,2,0,u-read,6700,370812,370812,"v=12"
5154,3,0,u-read,6700,370813,370813,"v=12"
5155,2,0,u-read,6700,370814,370814,"v=12"
5156,3,0,u-read,6700,370815,370816,"v=12"
5157,2,0,u-read,6700,370816,370817,"v=12"
5158,3,0,u-read,6700,370817,370818,"v=12"
5159,2,0,u-read,6700,370818,370819,"v=12"
5160,3,0,u-read,6700,370820,370820,"v=12"
5161,2,0,u-read,6700,370821,370821,"v=12"
5162,3,0,u-read,6700,370822,370823,"v=12"
5163,2,0,u-read,6700,370823,370824,"v=12"
5164,3,0,u-read,6700,370824,370825,"v=12"
5165,2,0,u-read,6700,370826,370826,"v=12"
5166,1,0,u-write,6700,370794,370827,"v=12"
5167,3,0,u-read,6700,370827,370827,"v=12"
5168,2,0,u-read,6700,370828,370829,"v=12"
5169,3,0,u-read,6700,370830,370830,"v=12"
5170,2,0,u-read,6700,370831,370833,"v=12"
5171,3,0,u-read,6700,370833,370834,"v=12"
5172,2,0,u-read,6700,370834,370835,"v=12"
5173,2,0,u-read,6700,370836,370839,"v=14"
5174,3,0,u-read,6700,370835,370840,"v=14"
5175,2,0,u-read,6700,370841,370842,"v=14"
5176,3,0,u-read,6700,370844,370844,"v=14"
5177,2,0,u-read,6700,370845,370846,"v=14"
5178,3,0,u-read,6700,370846,370847,"v=14"
5179,2,0,u-read,6700,370847,370848,"v=14"
5180,3,0,u-read,6700,370848,370849,"v=14"
5181,2,0,u-read,6700,370850,370850,"v=14"
5182,3,0,u-read,6700,370851,370852,"v=14"
5183,2,0,u-read,6700,370852,370853,"v=14"
5184,3,0,u-read,6700,370853,370854,"v=14"
5185,2,0,u-read,6700,370854,370855,"v=14"
5186,3,0,u-read,6700,370856,370856,"v=14"
5187,1,0,u-write,6700,370828,370856,"v=14"
5188,2,0,u-read,6700,370857,370857,"v=14"
5189,3,0,u-read,6700,370858,370859,"v=14"
5190,2,0,u-read,6700,370859,370860,"v=14"
5191,3,0,u-read,6700,370861,370862,"v=14"
5192,2,0,u-read,6700,370863,370863,"v=14"
5193,3,0,u-read,6700,370864,370865,"v=14"
5194,2,0,u-read,6700,370865,370869,"v=16"
5195,3,0,u-read,6700,370866,370870,"v=16"
5196,2,0,u-read,6700,370871,370871,"v=16"
5197,3,0,u-read,6700,370872,370872,"v=16"
5198,2,0,u-read,6700,370873,370874,"v=16"
5199,3,0,u-read,6700,370874,370875,"v=16"
5200,2,0,u-read,6700,370875,370876,"v=16"
5201,3,0,u-read,6700,370877,370877,"v=16"
5202,2,0,u-read,6700,370878,370878,"v=16"
5203,3,0,u-read,6700,370879,370879,"v=16"
5204,2,0,u-read,6700,370880,370880,"v=16"
5205,3,0,u-read,6700,370881,370882,"v=16"
5206,2,0,u-read,6700,370882,370883,"v=16"
5207,3,0,u-read,6700,370884,370884,"v=16"
5208,2,0,u-read,6700,370886,370887,"v=16"
5209,3,0,u-read,6700,370887,370888,"v=16"
5210,1,0,u-write,6700,370858,370888,"v=16"
5211,2,0,u-read,6700,370888,370889,"v=16"
5212,3,0,u-read,6700,370890,370891,"v=16"
5213,2,0,u-read,6700,370891,370892,"v=16"
5214,3,0,u-read,6700,370893,370894,"v=16"
5215,2,0,u-read,6700,370895,370895,"v=16"
5216,3,0,u-read,6700,370896,370897,"v=16"
5217,3,0,u-read,6700,370898,370901,"v=18"
5218,2,0,u-read,6700,370897,370902,"v=18"
5219,3,0,u-read,6700,370903,370903,"v=18"
5220,2,0,u-read,6700,370904,370904,"v=18"
5221,3,0,u-read,6700,370905,370906,"v=18"
5222,2,0,u-read,6700,370906,370907,"v=18"
5223,3,0,u-read,6700,370907,370908,"v=18"
5224,2,0,u-read,6700,370908,370909,"v=18"
5225,3,0,u-read,6700,370910,370910,"v=18"
5226,2,0,u-read,6700,370911,370911,"v=18"
5227,3,0,u-read,6700,370912,370912,"v=18"
5228,2,0,u-read,6700,370913,370914,"v=18"
5229,3,0,u-read,6700,370914,370915,"v=18"
5230,2,0,u-read,6700,370915,370916,"v=18"
5231,3,0,u-read,6700,370916,370917,"v=18"
5232,1,0,u-write,6700,370889,370918,"v=18"
5233,2,0,u-read,6700,370918,370918,"v=18"
5234,3,0,u-read,6700,370919,370920,"v=18"
5235,2,0,u-read,6700,370920,370921,"v=18"
5236,3,0,u-read,6700,370922,370923,"v=18"
5237,2,0,u-read,6700,370924,370924,"v=18"
5238,3,0,u-read,6700,370925,370925,"v=18"
5239,2,0,u-read,6700,370926,370927,"v=18"
5240,3,0,u-read,6700,370929,370931,"v=20"
5241,2,0,u-read,6700,370931,370932,"v=20"
5242,3,0,u-read,6700,370933,370933,"v=20"
5243,2,0,u-read,6700,370934,370934,"v=20"
5244,3,0,u-read,6700,370935,370936,"v=20"
5245,2,0,u-read,6700,370936,370937,"v=20"
5246,3,0,u-read,6700,370937,370938,"v=20"
5247,2,0,u-read,6700,370938,370939,"v=20"
5248,3,0,u-read,6700,370940,370940,"v=20"
5249,2,0,u-read,6700,370941,370942,"v=20"
5250,3,0,u-read,6700,370942,370943,"v=20"
5251,2,0,u-read,6700,370943,370944,"v=20"
5252,3,0,u-read,6700,370944,370945,"v=20"
5253,2,0,u-read,6700,370946,370946,"v=20"
5254,1,0,u-write,6700,370919,370947,"v=20"
5255,3,0,u-read,6700,370947,370948,"v=20"
5256,2,0,u-read,6700,370948,370949,"v=20"
5257,3,0,u-read,6700,370950,370951,"v=20"
5258,2,0,u-read,6700,370951,370953,"v=20"
5259,3,0,u-read,6700,370953,370954,"v=20"
5260,2,0,u-read,6700,370954,370955,"v=20"
5261,3,0,u-read,6700,370956,370959,"v=22"
5262,2,0,u-read,6700,370956,370960,"v=22"
5263,3,0,u-read,6700,370960,370961,"v=22"
5264,2,0,u-read,6700,370962,370962,"v=22"
5265,3,0,u-read,6700,370963,370964,"v=22"
5266,2,0,u-read,6700,370964,370965,"v=22"
5267,3,0,u-read,6700,370965,370966,"v=22"
5268,2,0,u-read,6700,370967,370967,"v=22"
5269,3,0,u-read,6700,370968,370968,"v=22"
5270,2,0,u-read,6700,370969,370969,"v=22"
5271,3,0,u-read,6700,370970,370971,"v=22"
5272,2,0,u-read,6700,370973,370973,"v=22"
5273,3,0,u-read,6700,370974,370975,"v=22"
5274,2,0,u-read,6700,370975,370976,"v=22"
5275,1,0,u-write,6700,370948,370976,"v=22"
5276,3,0,u-read,6700,370976,370977,"v=22"
5277,2,0,u-read,6700,370977,370978,"v=22"
5278,3,0,u-read,6700,370979,370980,"v=22"
5279,2,0,u-read,6700,370980,370982,"v=22"
5280,3,0,u-read,6700,370982,370983,"v=22"
5281,2,0,u-read,6700,370983,370987,"v=24"
5282,3,0,u-read,6700,370984,370988,"v=24"
5283,2,0,u-read,6700,370988,370989,"v=24"
5284,3,0,u-read,6700,370990,370990,"v=24"
5285,2,0,u-read,6700,370991,370991,"v=24"
5286,3,0,u-read,6700,370992,370993,"v=24"
5287,2,0,u-read,6700,370993,370994,"v=24"
5288,3,0,u-read,6700,370994,370995,"v=24"
5289,2,0,u-read,6700,370995,370996,"v=24"
5290,3,0,u-read,6700,370996,370997,"v=24"
5291,2,0,u-read,6700,370997,370998,"v=24"
5292,3,0,u-read,6700,370999,370999,"v=24"
5293,2,0,u-read,6700,371000,371001,"v=24"
5294,3,0,u-read,6700,371001,371002,"v=24"
5295,2,0,u-read,6700,371002,371003,"v=24"
5296,1,0,u-write,6700,370977,371004,"v=24"
5297,3,0,u-read,6700,371003,371004,"v=24"
5298,2,0,u-read,6700,371005,371006,"v=24"
5299,3,0,u-read,6700,371006,371007,"v=24"
5300,3,0,u-read,6700,371008,371026,"v=24"
5301,2,0,u-read,6700,371007,371029,"v=24"
5302,3,0,u-read,6700,371030,371031,"v=24"
5303,2,0,u-read,6700,371031,371032,"v=24"
5304,3,0,u-read,6700,371034,371035,"v=24"
5305,2,0,u-read,6700,371035,371036,"v=24"
5306,3,0,u-read,6700,371037,371037,"v=24"
5307,2,0,u-read,6700,371038,371042,"v=26"
5308,3,0,u-read,6700,371039,371043,"v=26"
5309,2,0,u-read,6700,371044,371045,"v=26"
5310,3,0,u-read,6700,371045,371046,"v=26"
5311,2,0,u-read,6700,371047,371047,"v=26"
5312,3,0,u-read,6700,371048,371048,"v=26"
5313,2,0,u-read,6700,371049,371050,"v=26"
5314,3,0,u-read,6700,371050,371051,"v=26"
5315,2,0,u-read,6700,371051,371052,"v=26"
5316,3,0,u-read,6700,371052,371053,"v=26"
5317,2,0,u-read,6700,371054,371054,"v=26"
5318,3,0,u-read,6700,371055,371055,"v=26"
5319,2,0,u-read,6700,371056,371057,"v=26"
5320,3,0,u-read,6700,371057,371058,"v=26"
5321,2,0,u-read,6700,371058,371059,"v=26"
5322,3,0,u-read,6700,371059,371060,"v=26"
5323,2,0,u-read,6700,371061,371061,"v=26"
5324,1,0,u-write,6700,371005,371061,"v=26"
5325,3,0,u-read,6700,371062,371062,"v=26"
5326,2,0,u-read,6700,371063,371064,"v=26"
5327,3,0,u-read,6700,371064,371066,"v=26"
5328,2,0,u-read,6700,371066,371067,"v=26"
5329,3,0,u-read,6700,371068,371069,"v=26"
5330,2,0,u-read,6700,371069,371070,"v=26"
5331,3,0,u-read,6700,371070,371071,"v=26"
5332,3,0,u-read,6700,371072,371076,"v=28"
5333,2,0,u-read,6700,371072,371077,"v=28"
5334,3,0,u-read,6700,371078,371078,"v=28"
5335,2,0,u-read,6700,371079,371079,"v=28"
5336,3,0,u-read,6700,371081,371082,"v=28"
5337,2,0,u-read,6700,371083,371083,"v=28"
5338,3,0,u-read,6700,371084,371084,"v=28"
5339,2,0,u-read,6700,371085,371086,"v=28"
5340,3,0,u-read,6700,371086,371087,"v=28"
5341,2,0,u-read,6700,371087,371088,"v=28"
5342,3,0,u-read,6700,371089,371089,"v=28"
5343,2,0,u-read,6700,371090,371090,"v=28"
5344,3,0,u-read,6700,371091,371092,"v=28"
5345,2,0,u-read,6700,371092,371093,"v=28"
5346,1,0,u-write,6700,371063,371093,"v=28"
5347,3,0,u-read,6700,371093,371094,"v=28"
5348,2,0,u-read,6700,371095,371096,"v=28"
5349,3,0,u-read,6700,371096,371097,"v=28"
5350,2,0,u-read,6700,371098,371099,"v=28"
5351,3,0,u-read,6700,371100,371100,"v=28"
5352,2,0,u-read,6700,371101,371104,"v=30"
5353,3,0,u-read,6700,371102,371105,"v=30"
5354,2,0,u-read,6700,371105,371106,"v=30"
5355,3,0,u-read,6700,371107,371107,"v=30"
5356,2,0,u-read,6700,371108,371109,"v=30"
5357,3,0,u-read,6700,371109,371110,"v=30"
5358,2,0,u-read,6700,371110,371111,"v=30"
5359,3,0,u-read,6700,371112,371112,"v=30"
5360,2,0,u-read,6700,371113,371113,"v=30"
5361,3,0,u-read,6700,371114,371114,"v=30"
5362,2,0,u-read,6700,371115,371116,"v=30"
5363,3,0,u-read,6700,371116,371117,"v=30"
5364,2,0,u-read,6700,371118,371118,"v=30"
5365,3,0,u-read,6700,371119,371119,"v=30"
5366,2,0,u-read,6700,371120,371120,"v=30"
5367,1,0,u-write,6700,371094,371121,"v=30"
5368,2,0,u-read,6700,371124,371125,"v=30"
5369,3,0,u-read,6700,371121,371121,"v=30"
5370,2,0,u-read,6700,371131,371133,"v=30"
5371,3,0,u-read,6700,371133,371134,"v=30"
5372,2,0,u-read,6700,371134,371135,"v=30"
5373,2,0,u-read,6700,371137,371139,"v=32"
5374,3,0,u-read,6700,371136,371140,"v=32"
5375,2,0,u-read,6700,371141,371141,"v=32"
5376,3,0,u-read,6700,371142,371143,"v=32"
5377,2,0,u-read,6700,371143,371144,"v=32"
5378,3,0,u-read,6700,371144,371145,"v=32"
5379,2,0,u-read,6700,371146,371146,"v=32"
5380,3,0,u-read,6700,371147,371148,"v=32"
5381,2,0,u-read,6700,371148,371149,"v=32"
5382,3,0,u-read,6700,371149,371150,"v=32"
5383,2,0,u-read,6700,371151,371151,"v=32"
5384,3,0,u-read,6700,371152,371152,"v=32"
5385,2,0,u-read,6700,371153,371153,"v=32"
5386,3,0,u-read,6700,371154,371155,"v=32"
5387,2,0,u-read,6700,371155,371156,"v=32"
5388,3,0,u-read,6700,371156,371157,"v=32"
5389,2,0,u-read,6700,371157,371158,"v=32"
5390,3,0,u-read,6700,371159,371159,"v=32"
5391,1,0,u-write,6700,371128,371159,"v=32"
5392,2,0,u-read,6700,371160,371160,"v=32"
5393,3,0,u-read,6700,371161,371162,"v=32"
5394,2,0,u-read,6700,371162,371163,"v=32"
5395,2,0,u-read,6700,371165,371167,"v=32"
5396,3,0,u-read,6700,371164,371168,"v=32"
5397,2,0,u-read,6700,371169,371169,"v=32"
5398,3,0,u-read,6700,371170,371170,"v=32"
5399,3,0,u-read,6700,371172,371175,"v=34"
5400,2,0,u-read,6700,371171,371178,"v=34"
5401,3,0,u-read,6700,371178,371179,"v=34"
5402,2,0,u-read,6700,371179,371180,"v=34"
5403,3,0,u-read,6700,371181,371181,"v=34"
5404,2,0,u-read,6700,371182,371183,"v=34"
5405,3,0,u-read,6700,371183,371184,"v=34"
5406,2,0,u-read,6700,371184,371185,"v=34"
5407,3,0,u-read,6700,371186,371186,"v=34"
5408,2,0,u-read,6700,371187,371188,"v=34"
5409,3,0,u-read,6700,371188,371189,"v=34"
5410,2,0,u-read,6700,371189,371190,"v=34"
5411,3,0,u-read,6700,371191,371191,"v=34"
5412,1,0,u-write,6700,371160,371192,"v=34"
5413,2,0,u-read,6700,371192,371192,"v=34"
5414,3,0,u-read,6700,371193,371194,"v=34"
5415,2,0,u-read,6700,371194,371195,"v=34"
5416,3,0,u-read,6700,371195,371197,"v=34"
5417,2,0,u-read,6700,371197,371198,"v=34"
5418,2,0,u-read,6700,371199,371202,"v=36"
5419,3,0,u-read,6700,371198,371203,"v=36"
5420,2,0,u-read,6700,371204,371205,"v=36"
5421,3,0,u-read,6700,371205,371206,"v=36"
5422,2,0,u-read,6700,371207,371207,"v=36"
5423,3,0,u-read,6700,371208,371208,"v=36"
5424,2,0,u-read,6700,371209,371210,"v=36"
5425,3,0,u-read,6700,371210,371211,"v=36"
5426,2,0,u-read,6700,371211,371212,"v=36"
5427,3,0,u-read,6700,371212,371213,"v=36"
5428,2,0,u-read,6700,371213,371214,"v=36"
5429,3,0,u-read,6700,371215,371215,"v=36"
5430,2,0,u-read,6700,371216,371216,"v=36"
5431,3,0,u-read,6700,371217,371218,"v=36"
5432,1,0,u-write,6700,371193,371219,"v=36"
5433,2,0,u-read,6700,371219,371220,"v=36"
5434,3,0,u-read,6700,371221,371222,"v=36"
5435,2,0,u-read,6700,371222,371223,"v=36"
5436,3,0,u-read,6700,371224,371225,"v=36"
5437,2,0,u-read,6700,371226,371226,"v=36"
5438,2,0,u-read,6700,371228,371230,"v=38"
5439,3,0,u-read,6700,371227,371232,"v=38"
5440,2,0,u-read,6700,371232,371233,"v=38"
5441,3,0,u-read,6700,371234,371234,"v=38"
5442,2,0,u-read,6700,371235,371235,"v=38"
5443,3,0,u-read,6700,371236,371237,"v=38"
5444,2,0,u-read,6700,371237,371238,"v=38"
5445,3,0,u-read,6700,371238,371239,"v=38"
5446,2,0,u-read,6700,371240,371240,"v=38"
5447,3,0,u-read,6700,371241,371241,"v=38"
5448,2,0,u-read,6700,371242,371243,"v=38"
5449,3,0,u-read,6700,371243,371244,"v=38"
5450,2,0,u-read,6700,371244,371245,"v=38"
5451,3,0,u-read,6700,371245,371246,"v=38"
5452,1,0,u-write,6700,371221,371247,"v=38"
5453,2,0,u-read,6700,371247,371247,"v=38"
5454,3,0,u-read,6700,371248,371249,"v=38"
5455,2,0,u-read,6700,371249,371250,"v=38"
5456,2,0,u-read,6700,371251,371253,"v=38"
5457,3,0,u-read,6700,371250,371254,"v=38"
5458,3,0,u-read,6700,371255,371257,"v=40"
5459,2,0,u-read,6700,371254,371258,"v=40"
5460,3,0,u-read,6700,371259,371260,"v=40"
5461,2,0,u-read,6700,371260,371261,"v=40"
5462,3,0,u-read,6700,371261,371262,"v=40"
5463,2,0,u-read,6700,371262,371263,"v=40"
5464,3,0,u-read,6700,371265,371266,"v=40"
5465,2,0,u-read,6700,371266,371267,"v=40"
5466,3,0,u-read,6700,371267,371268,"v=40"
5467,2,0,u-read,6700,371269,371269,"v=40"
5468,3,0,u-read,6700,371270,371271,"v=40"
5469,2,0,u-read,6700,371271,371272,"v=40"
5470,3,0,u-read,6700,371273,371273,"v=40"
5471,1,0,u-write,6700,371248,371274,"v=40"
5472,2,0,u-read,6700,371274,371274,"v=40"
5473,3,0,u-read,6700,371275,371276,"v=40"
5474,2,0,u-read,6700,371276,371277,"v=40"
5475,2,0,u-read,6700,371279,371280,"v=40"
5476,3,0,u-read,6700,371278,371281,"v=40"
5477,2,0,u-read,6700,371282,371285,"v=42"
5478,3,0,u-read,6700,371283,371286,"v=42"
5479,2,0,u-read,6700,371287,371287,"v=42"
5480,3,0,u-read,6700,371288,371288,"v=42"
5481,2,0,u-read,6700,371289,371289,"v=42"
5482,3,0,u-read,6700,371290,371291,"v=42"
5483,2,0,u-read,6700,371291,371292,"v=42"
5484,3,0,u-read,6700,371292,371293,"v=42"
5485,2,0,u-read,6700,371293,371294,"v=42"
5486,3,0,u-read,6700,371295,371295,"v=42"
5487,2,0,u-read,6700,371296,371297,"v=42"
5488,3,0,u-read,6700,371301,371302,"v=42"
5489,2,0,u-read,6700,371303,371304,"v=42"
5490,3,0,u-read,6700,371304,371305,"v=42"
5491,2,0,u-read,6700,371306,371306,"v=42"
5492,3,0,u-read,6700,371307,371307,"v=42"
5493,2,0,u-read,6700,371308,371308,"v=42"
5494,3,0,u-read,6700,371309,371309,"v=42"
5495,1,0,u-write,6700,371275,371310,"v=42"
5496,2,0,u-read,6700,371310,371311,"v=42"
5497,3,0,u-read,6700,371312,371313,"v=42"
5498,2,0,u-read,6700,371313,371314,"v=42"
5499,3,0,u-read,6700,371315,371316,"v=42"
5500,2,0,u-read,6700,371317,371318,"v=42"
5501,3,0,u-read,6700,371319,371319,"v=42"
5502,2,0,u-read,6700,371320,371320,"v=42"
5503,3,0,u-read,6700,371321,371321,"v=42"
5504,3,0,u-read,6700,371323,371326,"v=44"
5505,2,0,u-read,6700,371322,371327,"v=44"
5506,3,0,u-read,6700,371328,371329,"v=44"
5507,2,0,u-read,6700,371329,371330,"v=44"
5508,3,0,u-read,6700,371330,371331,"v=44"
5509,2,0,u-read,6700,371331,371332,"v=44"
5510,3,0,u-read,6700,371332,371333,"v=44"
5511,2,0,u-read,6700,371334,371334,"v=44"
5512,3,0,u-read,6700,371335,371335,"v=44"
5513,2,0,u-read,6700,371336,371336,"v=44"
5514,3,0,u-read,6700,371337,371338,"v=44"
5515,2,0,u-read,6700,371338,371339,"v=44"
5516,3,0,u-read,6700,371339,371340,"v=44"
5517,2,0,u-read,6700,371340,371341,"v=44"
5518,3,0,u-read,6700,371342,371342,"v=44"
5519,1,0,u-write,6700,371313,371343,"v=44"
5520,2,0,u-read,6700,371343,371343,"v=44"
5521,3,0,u-read,6700,371344,371345,"v=44"
5522,2,0,u-read,6700,371345,371347,"v=44"
5523,3,0,u-read,6700,371347,371349,"v=44"
5524,2,0,u-read,6700,371349,371350,"v=44"
5525,3,0,u-read,6700,371350,371351,"v=44"
5526,3,0,u-read,6700,371352,371355,"v=46"
5527,2,0,u-read,6700,371352,371357,"v=46"
5528,3,0,u-read,6700,371359,371360,"v=46"
5529,2,0,u-read,6700,371360,371361,"v=46"
5530,3,0,u-read,6700,371361,371362,"v=46"
5531,2,0,u-read,6700,371362,371363,"v=46"
5532,3,0,u-read,6700,371364,371364,"v=46"
5533,2,0,u-read,6700,371365,371365,"v=46"
5534,3,0,u-read,6700,371366,371366,"v=46"
5535,2,0,u-read,6700,371367,371368,"v=46"
5536,3,0,u-read,6700,371368,371369,"v=46"
5537,2,0,u-read,6700,371369,371370,"v=46"
5538,3,0,u-read,6700,371370,371371,"v=46"
5539,1,0,u-write,6700,371344,371372,"v=46"
5540,2,0,u-read,6700,371372,371373,"v=46"
5541,3,0,u-read,6700,371373,371374,"v=46"
5542,2,0,u-read,6700,371375,371376,"v=46"
5543,3,0,u-read,6700,371376,371378,"v=46"
5544,2,0,u-read,6700,371378,371379,"v=46"
5545,3,0,u-read,6700,371379,371380,"v=46"
5546,3,0,u-read,6700,371381,371383,"v=48"
5547,2,0,u-read,6700,371380,371385,"v=48"
5548,3,0,u-read,6700,371385,371386,"v=48"
5549,2,0,u-read,6700,371386,371387,"v=48"
5550,3,0,u-read,6700,371388,371388,"v=48"
5551,2,0,u-read,6700,371389,371389,"v=48"
5552,3,0,u-read,6700,371390,371391,"v=48"
5553,2,0,u-read,6700,371391,371392,"v=48"
5554,3,0,u-read,6700,371392,371393,"v=48"
5555,2,0,u-read,6700,371393,371394,"v=48"
5556,3,0,u-read,6700,371394,371395,"v=48"
5557,2,0,u-read,6700,371396,371397,"v=48"
5558,3,0,u-read,6700,371397,371398,"v=48"
5559,2,0,u-read,6700,371398,371399,"v=48"
5560,3,0,u-read,6700,371402,371402,"v=48"
5561,1,0,u-write,6700,371373,371403,"v=48"
5562,2,0,u-read,6700,371403,371404,"v=48"
5563,3,0,u-read,6700,371404,371405,"v=48"
5564,2,0,u-read,6700,371406,371406,"v=48"
5565,3,0,u-read,6700,371407,371408,"v=48"
5566,2,0,u-read,6700,371409,371409,"v=48"
5567,3,0,u-read,6700,371410,371413,"v=50"
5568,2,0,u-read,6700,371411,371414,"v=50"
5569,3,0,u-read,6700,371415,371415,"v=50"
5570,2,0,u-read,6700,371416,371416,"v=50"
5571,3,0,u-read,6700,371417,371417,"v=50"
5572,2,0,u-read,6700,371418,371419,"v=50"
5573,3,0,u-read,6700,371419,371420,"v=50"
5574,2,0,u-read,6700,371420,371422,"v=50"
5575,3,0,u-read,6700,371422,371423,"v=50"
5576,2,0,u-read,6700,371423,371424,"v=50"
5577,3,0,u-read,6700,371425,371426,"v=50"
5578,2,0,u-read,6700,371426,371427,"v=50"
5579,3,0,u-read,6700,371428,371428,"v=50"
5580,2,0,u-read,6700,371429,371430,"v=50"
5581,3,0,u-read,6700,371430,371431,"v=50"
5582,1,0,u-write,6700,371404,371432,"v=50"
5583,2,0,u-read,6700,371432,371432,"v=50"
5584,3,0,u-read,6700,371433,371434,"v=50"
5585,2,0,u-read,6700,371434,371435,"v=50"
5586,3,0,u-read,6700,371436,371437,"v=50"
5587,2,0,u-read,6700,371438,371438,"v=50"
5588,2,0,u-read,6700,371440,371443,"v=52"
5589,3,0,u-read,6700,371439,371444,"v=52"
5590,2,0,u-read,6700,371444,371445,"v=52"
5591,3,0,u-read,6700,371446,371446,"v=52"
5592,2,0,u-read,6700,371449,371449,"v=52"
5593,3,0,u-read,6700,371450,371451,"v=52"
5594,2,0,u-read,6700,371451,371452,"v=52"
5595,3,0,u-read,6700,371452,371453,"v=52"
5596,2,0,u-read,6700,371453,371454,"v=52"
5597,3,0,u-read,6700,371455,371455,"v=52"
5598,2,0,u-read,6700,371456,371456,"v=52"
5599,3,0,u-read,6700,371457,371458,"v=52"
5600,2,0,u-read,6700,371458,371459,"v=52"
5601,1,0,u-write,6700,371433,371459,"v=52"
5602,3,0,u-read,6700,371459,371460,"v=52"
5603,2,0,u-read,6700,371461,371461,"v=52"
5604,3,0,u-read,6700,371462,371463,"v=52"
5605,2,0,u-read,6700,371463,371465,"v=52"
5606,3,0,u-read,6700,371465,371466,"v=52"
5607,3,0,u-read,6700,371467,371470,"v=54"
5608,2,0,u-read,6700,371466,371471,"v=54"
5609,3,0,u-read,6700,371472,371473,"v=54"
5610,2,0,u-read,6700,371473,371474,"v=54"
5611,3,0,u-read,6700,371474,371475,"v=54"
5612,2,0,u-read,6700,371475,371476,"v=54"
5613,3,0,u-read,6700,371477,371477,"v=54"
5614,2,0,u-read,6700,371478,371478,"v=54"
5615,3,0,u-read,6700,371479,371479,"v=54"
5616,2,0,u-read,6700,371480,371481,"v=54"
5617,3,0,u-read,6700,371481,371482,"v=54"
5618,2,0,u-read,6700,371482,371483,"v=54"
5619,3,0,u-read,6700,371483,371484,"v=54"
5620,2,0,u-read,6700,371485,371485,"v=54"
5621,3,0,u-read,6700,371486,371486,"v=54"
5622,1,0,u-write,6700,371460,371487,"v=54"
5623,2,0,u-read,6700,371487,371488,"v=54"
5624,3,0,u-read,6700,371490,371491,"v=54"
5625,2,0,u-read,6700,371491,371493,"v=54"
5626,3,0,u-read,6700,371493,371494,"v=54"
5627,2,0,u-read,6700,371494,371495,"v=54"
5628,2,0,u-read,6700,371496,371499,"v=56"
5629,3,0,u-read,6700,371496,371501,"v=56"
5630,2,0,u-read,6700,371501,371502,"v=56"
5631,3,0,u-read,6700,371502,371503,"v=56"
5632,2,0,u-read,6700,371503,371504,"v=56"
5633,3,0,u-read,6700,371505,371505,"v=56"
5634,2,0,u-read,6700,371506,371506,"v=56"
5635,3,0,u-read,6700,371507,371507,"v=56"
5636,2,0,u-read,6700,371508,371508,"v=56"
5637,3,0,u-read,6700,371509,371510,"v=56"
5638,2,0,u-read,6700,371510,371511,"v=56"
5639,3,0,u-read,6700,371511,371512,"v=56"
5640,2,0,u-read,6700,371512,371513,"v=56"
5641,3,0,u-read,6700,371514,371514,"v=56"
5642,2,0,u-read,6700,371515,371515,"v=56"
5643,1,0,u-write,6700,371488,371516,"v=56"
5644,3,0,u-read,6700,371516,371516,"v=56"
5645,2,0,u-read,6700,371517,371518,"v=56"
5646,3,0,u-read,6700,371519,371520,"v=56"
5647,2,0,u-read,6700,371520,371522,"v=56"
5648,3,0,u-read,6700,371522,371523,"v=56"
5649,2,0,u-read,6700,371523,371526,"v=58"
5650,3,0,u-read,6700,371524,371527,"v=58"
5651,2,0,u-read,6700,371528,371529,"v=58"
5652,3,0,u-read,6700,371529,371530,"v=58"
5653,2,0,u-read,6700,371531,371531,"v=58"
5654,3,0,u-read,6700,371532,371532,"v=58"
5655,2,0,u-read,6700,371533,371533,"v=58"
5656,3,0,u-read,6700,371535,371536,"v=58"
5657,2,0,u-read,6700,371537,371537,"v=58"
5658,3,0,u-read,6700,371538,371538,"v=58"
5659,2,0,u-read,6700,371539,371540,"v=58"
5660,3,0,u-read,6700,371540,371541,"v=58"
5661,2,0,u-read,6700,371541,371542,"v=58"
5662,1,0,u-write,6700,371517,371543,"v=58"
5663,3,0,u-read,6700,371543,371543,"v=58"
5664,2,0,u-read,6700,371544,371545,"v=58"
5665,3,0,u-read,6700,371546,371546,"v=58"
5666,2,0,u-read,6700,371547,371548,"v=58"
5667,3,0,u-read,6700,371549,371549,"v=58"
5668,2,0,u-read,6700,371550,371553,"v=60"
5669,3,0,u-read,6700,371551,371555,"v=60"
5670,2,0,u-read,6700,371555,371556,"v=60"
5671,3,0,u-read,6700,371556,371557,"v=60"
5672,2,0,u-read,6700,371558,371558,"v=60"
5673,3,0,u-read,6700,371559,371559,"v=60"
5674,2,0,u-read,6700,371560,371561,"v=60"
5675,3,0,u-read,6700,371561,371562,"v=60"
5676,2,0,u-read,6700,371562,371563,"v=60"
5677,3,0,u-read,6700,371563,371564,"v=60"
5678,2,0,u-read,6700,371564,371565,"v=60"
5679,3,0,u-read,6700,371566,371566,"v=60"
5680,2,0,u-read,6700,371567,371567,"v=60"
5681,3,0,u-read,6700,371568,371568,"v=60"
5682,2,0,u-read,6700,371569,371570,"v=60"
5683,1,0,u-write,6700,371544,371571,"v=60"
5684,3,0,u-read,6700,371570,371571,"v=60"
5685,2,0,u-read,6700,371572,371573,"v=60"
5686,3,0,u-read,6700,371574,371574,"v=60"
5687,2,0,u-read,6700,371575,371576,"v=60"
5688,3,0,u-read,6700,371579,371582,"v=62"
5689,2,0,u-read,6700,371579,371583,"v=62"
5690,3,0,u-read,6700,371584,371585,"v=62"
5691,2,0,u-read,6700,371585,371586,"v=62"
5692,3,0,u-read,6700,371586,371587,"v=62"
5693,2,0,u-read,6700,371587,371588,"v=62"
5694,3,0,u-read,6700,371589,371589,"v=62"
5695,2,0,u-read,6700,371590,371590,"v=62"
5696,3,0,u-read,6700,371591,371591,"v=62"
5697,2,0,u-read,6700,371592,371592,"v=62"
5698,3,0,u-read,6700,371593,371594,"v=62"
5699,2,0,u-read,6700,371594,371595,"v=62"
5700,3,0,u-read,6700,371596,371596,"v=62"
5701,2,0,u-read,6700,371597,371598,"v=62"
5702,3,0,u-read,6700,371598,371599,"v=62"
5703,2,0,u-read,6700,371599,371600,"v=62"
5704,1,0,u-write,6700,371572,371600,"v=62"
5705,3,0,u-read,6700,371601,371601,"v=62"
5706,2,0,u-read,6700,371602,371603,"v=62"
5707,3,0,u-read,6700,371603,371604,"v=62"
5708,2,0,u-read,6700,371605,371606,"v=62"
5709,3,0,u-read,6700,371606,371607,"v=62"
5710,3,0,u-read,6700,371608,371611,"v=64"
5711,2,0,u-read,6700,371607,371612,"v=64"
5712,3,0,u-read,6700,371613,371613,"v=64"
5713,2,0,u-read,6700,371614,371614,"v=64"
5714,3,0,u-read,6700,371615,371616,"v=64"
5715,2,0,u-read,6700,371616,371617,"v=64"
5716,3,0,u-read,6700,371617,371618,"v=64"
5717,2,0,u-read,6700,371619,371619,"v=64"
5718,3,0,u-read,6700,371620,371620,"v=64"
5719,2,0,u-read,6700,371621,371621,"v=64"
5720,3,0,u-read,6700,371624,371624,"v=64"
5721,2,0,u-read,6700,371625,371625,"v=64"
5722,3,0,u-read,6700,371626,371627,"v=64"
5723,2,0,u-read,6700,371627,371628,"v=64"
5724,1,0,u-write,6700,371602,371628,"v=64"
5725,3,0,u-read,6700,371628,371629,"v=64"
5726,2,0,u-read,6700,371630,371631,"v=64"
5727,3,0,u-read,6700,371632,371632,"v=64"
5728,2,0,u-read,6700,371633,371634,"v=64"
5729,3,0,u-read,6700,371635,371635,"v=64"
5730,2,0,u-read,6700,371636,371636,"v=64"
5731,3,0,u-read,6700,371637,371641,"v=66"
5732,2,0,u-read,6700,371638,371642,"v=66"
5733,3,0,u-read,6700,371642,371643,"v=66"
5734,2,0,u-read,6700,371644,371644,"v=66"
5735,3,0,u-read,6700,371645,371645,"v=66"
5736,2,0,u-read,6700,371646,371647,"v=66"
5737,3,0,u-read,6700,371647,371648,"v=66"
5738,2,0,u-read,6700,371648,371649,"v=66"
5739,3,0,u-read,6700,371650,371650,"v=66"
5740,2,0,u-read,6700,371651,371651,"v=66"
5741,3,0,u-read,6700,371652,371653,"v=66"
5742,2,0,u-read,6700,371653,371654,"v=66"
5743,3,0,u-read,6700,371655,371655,"v=66"
5744,2,0,u-read,6700,371656,371657,"v=66"
5745,3,0,u-read,6700,371657,371658,"v=66"
5746,1,0,u-write,6700,371630,371658,"v=66"
5747,2,0,u-read,6700,371658,371659,"v=66"
5748,3,0,u-read,6700,371660,371661,"v=66"
5749,2,0,u-read,6700,371661,371662,"v=66"
5750,3,0,u-read,6700,371663,371664,"v=66"
5751,2,0,u-read,6700,371665,371665,"v=66"
5752,3,0,u-read,6700,371667,371669,"v=68"
5753,2,0,u-read,6700,371669,371670,"v=68"
5754,3,0,u-read,6700,371671,371671,"v=68"
5755,2,0,u-read,6700,371672,371673,"v=68"
5756,3,0,u-read,6700,371673,371674,"v=68"
5757,2,0,u-read,6700,371674,371675,"v=68"
5758,3,0,u-read,6700,371675,371676,"v=68"
5759,2,0,u-read,6700,371677,371677,"v=68"
5760,3,0,u-read,6700,371678,371678,"v=68"
5761,2,0,u-read,6700,371679,371679,"v=68"
5762,3,0,u-read,6700,371680,371680,"v=68"
5763,2,0,u-read,6700,371681,371682,"v=68"
5764,3,0,u-read,6700,371682,371683,"v=68"
5765,2,0,u-read,6700,371683,371684,"v=68"
5766,3,0,u-read,6700,371685,371685,"v=68"
5767,1,0,u-write,6700,371660,371686,"v=68"
5768,2,0,u-read,6700,371686,371686,"v=68"
5769,3,0,u-read,6700,371687,371688,"v=68"
5770,2,0,u-read,6700,371689,371690,"v=68"
5771,3,0,u-read,6700,371690,371691,"v=68"
5772,2,0,u-read,6700,371692,371693,"v=68"
5773,3,0,u-read,6700,371693,371694,"v=68"
5774,2,0,u-read,6700,371694,371695,"v=68"
5775,3,0,u-read,6700,371695,371699,"v=70"
5776,2,0,u-read,6700,371696,371700,"v=70"
5777,3,0,u-read,6700,371701,371702,"v=70"
5778,2,0,u-read,6700,371702,371703,"v=70"
5779,3,0,u-read,6700,371704,371704,"v=70"
5780,2,0,u-read,6700,371705,371705,"v=70"
5781,3,0,u-read,6700,371706,371707,"v=70"
5782,2,0,u-read,6700,371707,371708,"v=70"
5783,3,0,u-read,6700,371708,371709,"v=70"
5784,2,0,u-read,6700,371711,371712,"v=70"
5785,3,0,u-read,6700,371713,371713,"v=70"
5786,2,0,u-read,6700,371714,371715,"v=70"
5787,3,0,u-read,6700,371715,371716,"v=70"
5788,2,0,u-read,6700,371716,371717,"v=70"
5789,1,0,u-write,6700,371687,371717,"v=70"
5790,3,0,u-read,6700,371718,371718,"v=70"
5791,2,0,u-read,6700,371719,371720,"v=70"
5792,3,0,u-read,6700,371720,371721,"v=70"
5793,2,0,u-read,6700,371722,371723,"v=70"
5794,3,0,u-read,6700,371723,371724,"v=70"
5795,2,0,u-read,6700,371725,371725,"v=70"
5796,3,0,u-read,6700,371726,371730,"v=72"
5797,2,0,u-read,6700,371727,371731,"v=72"
5798,3,0,u-read,6700,371731,371732,"v=72"
5799,2,0,u-read,6700,371733,371733,"v=72"
5800,3,0,u-read,6700,371734,371734,"v=72"
5801,2,0,u-read,6700,371735,371735,"v=72"
5802,3,0,u-read,6700,371736,371737,"v=72"
5803,2,0,u-read,6700,371737,371738,"v=72"
5804,3,0,u-read,6700,371738,371739,"v=72"
5805,2,0,u-read,6700,371739,371740,"v=72"
5806,3,0,u-read,6700,371763,371764,"v=72"
5807,2,0,u-read,6700,371765,371766,"v=72"
5808,3,0,u-read,6700,371766,371767,"v=72"
5809,2,0,u-read,6700,371767,371768,"v=72"
5810,1,0,u-write,6700,371718,371769,"v=72"
5811,3,0,u-read,6700,371769,371769,"v=72"
5812,2,0,u-read,6700,371770,371770,"v=72"
5813,3,0,u-read,6700,371771,371772,"v=72"
5814,3,0,u-read,6700,371773,371775,"v=72"
5815,2,0,u-read,6700,371772,371776,"v=72"
5816,2,0,u-read,6700,371779,371781,"v=74"
5817,3,0,u-read,6700,371778,371782,"v=74"
5818,2,0,u-read,6700,371783,371783,"v=74"
5819,3,0,u-read,6700,371784,371785,"v=74"
5820,2,0,u-read,6700,371786,371786,"v=74"
5821,3,0,u-read,6700,371787,371787,"v=74"
5822,2,0,u-read,6700,371788,371788,"v=74"
5823,3,0,u-read,6700,371789,371790,"v=74"
5824,2,0,u-read,6700,371790,371791,"v=74"
5825,3,0,u-read,6700,371791,371792,"v=74"
5826,2,0,u-read,6700,371793,371793,"v=74"
5827,3,0,u-read,6700,371794,371795,"v=74"
5828,2,0,u-read,6700,371795,371796,"v=74"
5829,3,0,u-read,6700,371796,371797,"v=74"
5830,2,0,u-read,6700,371797,371798,"v=74"
5831,3,0,u-read,6700,371799,371799,"v=74"
5832,1,0,u-write,6700,371770,371800,"v=74"
5833,2,0,u-read,6700,371800,371800,"v=74"
5834,3,0,u-read,6700,371801,371802,"v=74"
5835,2,0,u-read,6700,371802,371803,"v=74"
5836,3,0,u-read,6700,371804,371804,"v=74"
5837,2,0,u-read,6700,371805,371806,"v=74"
5838,3,0,u-read,6700,371807,371807,"v=74"
5839,3,0,u-read,6700,371809,371812,"v=76"
5840,2,0,u-read,6700,371808,371813,"v=76"
5841,3,0,u-read,6700,371813,371814,"v=76"
5842,2,0,u-read,6700,371814,371815,"v=76"
5843,3,0,u-read,6700,371816,371816,"v=76"
5844,2,0,u-read,6700,371817,371817,"v=76"
5845,3,0,u-read,6700,371818,371819,"v=76"
5846,2,0,u-read,6700,371819,371820,"v=76"
5847,3,0,u-read,6700,371820,371821,"v=76"
5848,2,0,u-read,6700,371823,371824,"v=76"
5849,3,0,u-read,6700,371824,371825,"v=76"
5850,2,0,u-read,6700,371825,371826,"v=76"
5851,3,0,u-read,6700,371826,371827,"v=76"
5852,2,0,u-read,6700,371828,371828,"v=76"
5853,1,0,u-write,6700,371801,371829,"v=76"
5854,3,0,u-read,6700,371829,371830,"v=76"
5855,2,0,u-read,6700,371830,371831,"v=76"
5856,3,0,u-read,6700,371832,371832,"v=76"
5857,3,0,u-read,6700,371834,371835,"v=76"
5858,2,0,u-read,6700,371833,371836,"v=76"
5859,3,0,u-read,6700,371837,371837,"v=76"
5860,2,0,u-read,6700,371838,371841,"v=78"
5861,3,0,u-read,6700,371839,371842,"v=78"
5862,2,0,u-read,6700,371843,371844,"v=78"
5863,3,0,u-read,6700,371844,371845,"v=78"
5864,2,0,u-read,6700,371845,371846,"v=78"
5865,3,0,u-read,6700,371847,371847,"v=78"
5866,2,0,u-read,6700,371848,371848,"v=78"
5867,3,0,u-read,6700,371849,371849,"v=78"
5868,2,0,u-read,6700,371850,371851,"v=78"
5869,3,0,u-read,6700,371851,371852,"v=78"
5870,2,0,u-read,6700,371852,371853,"v=78"
5871,3,0,u-read,6700,371854,371855,"v=78"
5872,2,0,u-read,6700,371855,371856,"v=78"
5873,3,0,u-read,6700,371857,371857,"v=78"
5874,2,0,u-read,6700,371858,371858,"v=78"
5875,3,0,u-read,6700,371859,371860,"v=78"
5876,1,0,u-write,6700,371831,371860,"v=78"
5877,2,0,u-read,6700,371860,371861,"v=78"
5878,3,0,u-read,6700,371862,371862,"v=78"
5879,2,0,u-read,6700,371863,371863,"v=78"
5880,3,0,u-read,6700,371865,371866,"v=78"
5881,2,0,u-read,6700,371875,371876,"v=78"
5882,3,0,u-read,6700,371876,371877,"v=78"
5883,2,0,u-read,6700,371877,371878,"v=78"
5884,3,0,u-read,6700,371878,371879,"v=78"
5885,2,0,u-read,6700,371879,371880,"v=78"
5886,3,0,u-read,6700,371881,371881,"v=78"
5887,2,0,u-read,6700,371882,371882,"v=78"
5888,3,0,u-read,6700,371883,371884,"v=78"
5889,2,0,u-read,6700,371884,371885,"v=78"
5890,3,0,u-read,6700,371886,371887,"v=78"
5891,2,0,u-read,6700,371888,371888,"v=78"
5892,3,0,u-read,6700,371889,371890,"v=78"
5893,2,0,u-read,6700,371890,371891,"v=78"
5894,3,0,u-read,6700,371891,371892,"v=78"
5895,2,0,u-read,6700,371893,371893,"v=78"
5896,3,0,u-read,6700,371894,371894,"v=78"
5897,2,0,u-read,6700,371895,371895,"v=78"
5898,3,0,u-read,6700,371896,371896,"v=78"
5899,2,0,u-read,6700,371897,371897,"v=78"
5900,3,0,u-read,6700,371898,371899,"v=78"
5901,0,3,commit,serial-hist,374141,374169,"ok=true"
5902,1,1,commit,serial-hist,374169,374193,"ok=true"
5903,2,2,commit,serial-hist,374193,374240,"ok=true"
5904,0,2,commit,serial-hist,376517,376555,"ok=true"
5905,1,3,commit,serial-hist,376555,376580,"ok=true"
5906,2,1,commit,serial-hist,376580,376617,"ok=true"
5907,0,1,commit,first,378430,378461,"ok=true"
5908,1,2,commit,second,378462,378487,"ok=true"
5909,0,1,commit,first,379364,379397,"ok=true"
5910,1,2,commit,second,379397,379423,"ok=true"
5911,0,1,commit,first,380284,380312,"ok=true"
5912,1,2,commit,second,380313,380338,"ok=true"
5913,0,1,commit,first,381261,381290,"ok=true"
5914,1,2,commit,second,381290,381326,"ok=true"
5915,0,1,commit,rand-commit,382368,382424,"ok=true"
5916,1,2,commit,rand-commit,382424,382448,"ok=true"
5917,2,3,commit,rand-commit,382449,382548,"ok=true"
5918,0,2,commit,rand-commit,384974,385180,"ok=true"
5919,1,1,commit,rand-commit,385180,385227,"ok=true"
5920,2,3,commit,rand-commit,385227,385341,"ok=true"
5921,0,1,commit,rand-commit,387748,387816,"ok=true"
5922,1,2,commit,rand-commit,387817,387892,"ok=true"
5923,2,3,commit,rand-commit,387892,387942,"ok=true"
5924,0,1,commit,rand-commit,390686,390740,"ok=true"
5925,1,2,commit,rand-commit,390741,390773,"ok=true"
5926,2,3,commit,rand-commit,390773,390891,"ok=true"
5927,0,1,commit,rand-commit,393392,393419,"ok=true"
5928,1,2,commit,rand-commit,393419,393444,"ok=true"
5929,2,3,commit,rand-commit,393444,393537,"ok=true"
5930,0,1,commit,rand-commit,396355,396405,"ok=true"
5931,1,2,commit,rand-commit,396405,396453,"ok=true"
5932,2,3,commit,rand-commit,396453,396538,"ok=true"
