seq,thread,txn_id,op,key,t_invoke_us,t_complete_us,result
0,0,0,read,ro,6327,7017,"ok"
1,0,0,read,ro,7017,7160,"ok"
2,0,0,read,ro,7161,7260,"ok"
3,0,0,read,ro,7260,7672,"ok"
4,0,0,read,ro,7673,7809,"ok"
5,0,0,read,ro,7810,7914,"ok"
6,0,0,read,ro,7914,8262,"ok"
7,0,0,read,ro,8262,8404,"ok"
8,0,0,read,ro,8405,8509,"ok"
9,0,0,read,ro,8510,8727,"ok"
10,0,0,read,ro,8727,8803,"ok"
11,0,0,read,ro,8803,8867,"ok"
12,0,0,read,ro,8867,9145,"ok"
13,0,0,read,ro,9145,9242,"ok"
14,0,0,read,ro,9242,9308,"ok"
15,0,0,read,ro,9308,9534,"ok"
16,0,0,read,ro,9534,9607,"ok"
17,0,0,read,ro,9607,9671,"ok"
18,0,0,read,ro,9671,9963,"ok"
19,0,0,read,ro,9963,10046,"ok"
20,0,0,read,ro,10046,10108,"ok"
21,0,0,read,ro,10109,10318,"ok"
22,0,0,read,ro,10318,10410,"ok"
23,0,0,read,ro,10410,10477,"ok"
24,0,0,read,ro,10477,10672,"ok"
25,0,0,read,ro,10672,10742,"ok"
26,0,0,read,ro,10742,10805,"ok"
27,0,0,read,ro,10805,11029,"ok"
28,0,0,read,ro,11029,11098,"ok"
29,0,0,read,ro,11098,11161,"ok"
30,0,0,read,ro,11161,11352,"ok"
31,0,0,read,ro,11352,11481,"ok"
32,0,0,read,ro,11482,11544,"ok"
33,0,0,read,ro,11546,11763,"ok"
34,0,0,read,ro,11763,11831,"ok"
35,0,0,read,ro,11831,11895,"ok"
36,0,0,read,ro,11895,12095,"ok"
37,0,0,read,ro,12095,12160,"ok"
38,0,0,read,ro,12160,12226,"ok"
39,0,0,read,ro,12226,12453,"ok"
40,0,0,read,ro,12453,12525,"ok"
41,0,0,read,ro,12525,12587,"ok"
42,0,0,read,ro,12587,12787,"ok"
43,0,0,read,ro,12787,12851,"ok"
44,0,0,read,ro,12851,12913,"ok"
45,0,0,read,ro,12913,13102,"ok"
46,0,0,read,ro,13102,13165,"ok"
47,0,0,read,ro,13165,13227,"ok"
48,0,0,read,ro,13227,13436,"ok"
49,0,0,read,ro,13436,13505,"ok"
50,0,0,read,ro,13505,13566,"ok"
51,0,0,read,ro,13567,13762,"ok"
52,0,0,read,ro,13762,13825,"ok"
53,0,0,read,ro,13825,13887,"ok"
54,0,0,read,ro,13887,14075,"ok"
55,0,0,read,ro,14075,14138,"ok"
56,0,0,read,ro,14138,14200,"ok"
57,0,0,read,ro,14200,14411,"ok"
58,0,0,read,ro,14411,14480,"ok"
59,0,0,read,ro,14480,14542,"ok"
60,0,0,read,ro,14542,14751,"ok"
61,0,0,read,ro,14751,14816,"ok"
62,0,0,read,ro,14816,14878,"ok"
63,0,0,read,ro,14878,15100,"ok"
64,0,0,read,ro,15100,15169,"ok"
65,0,0,read,ro,15172,15235,"ok"
66,0,0,read,ro,15235,15503,"ok"
67,0,0,read,ro,15504,15580,"ok"
68,0,0,read,ro,15580,15643,"ok"
69,0,0,read,ro,15643,15856,"ok"
70,0,0,read,ro,15856,15923,"ok"
71,0,0,read,ro,15923,15984,"ok"
72,0,0,read,ro,15984,16238,"ok"
73,0,0,read,ro,16238,16337,"ok"
74,0,0,read,ro,16337,16428,"ok"
75,0,0,read,ro,16428,16631,"ok"
76,0,0,read,ro,16631,16699,"ok"
77,0,0,read,ro,16699,16763,"ok"
78,0,0,read,ro,16763,16955,"ok"
79,0,0,read,ro,16956,17020,"ok"
80,0,0,read,ro,17020,17082,"ok"
81,0,0,read,ro,17082,17276,"ok"
82,0,0,read,ro,17276,17340,"ok"
83,0,0,read,ro,17340,17427,"ok"
84,0,0,read,ro,17427,17624,"ok"
85,0,0,read,ro,17624,17688,"ok"
86,0,0,read,ro,17689,17754,"ok"
87,0,0,read,ro,17754,17947,"ok"
88,0,0,read,ro,17947,18011,"ok"
89,0,0,read,ro,18011,18072,"ok"
90,0,0,read,ro,18072,18263,"ok"
91,0,0,read,ro,18263,18327,"ok"
92,0,0,read,ro,18327,18422,"ok"
93,0,0,read,ro,18422,18634,"ok"
94,0,0,read,ro,18634,18700,"ok"
95,0,0,read,ro,18700,18767,"ok"
96,0,0,read,ro,18767,18960,"ok"
97,0,0,read,ro,18960,19023,"ok"
98,0,0,read,ro,19023,19084,"ok"
99,0,0,read,ro,19084,19273,"ok"
100,0,0,read,ro,19273,19336,"ok"
101,0,0,read,ro,19336,19441,"ok"
102,0,0,read,ro,19442,19641,"ok"
103,0,0,read,ro,19642,19707,"ok"
104,0,0,read,ro,19707,19773,"ok"
105,0,0,read,ro,19774,19965,"ok"
106,0,0,read,ro,19965,20029,"ok"
107,0,0,read,ro,20029,20090,"ok"
108,0,0,read,ro,20090,20279,"ok"
109,0,0,read,ro,20279,20343,"ok"
110,0,0,read,ro,20343,20429,"ok"
111,0,0,read,ro,20429,20637,"ok"
112,0,0,read,ro,20637,20702,"ok"
113,0,0,read,ro,20702,20770,"ok"
114,0,0,read,ro,20770,20964,"ok"
115,0,0,read,ro,20964,21029,"ok"
116,0,0,read,ro,21029,21089,"ok"
117,0,0,read,ro,21089,21286,"ok"
118,0,0,read,ro,21286,21349,"ok"
119,0,0,read,ro,21350,21435,"ok"
120,1,0,read,ro,35637,36358,"ok"
121,0,0,read,ro,35646,36433,"ok"
122,1,0,read,ro,36359,36478,"ok"
123,0,0,read,ro,36434,36543,"ok"
124,1,0,read,ro,36479,36574,"ok"
125,0,0,read,ro,36543,36619,"ok"
126,1,0,read,ro,36574,36814,"ok"
127,0,0,read,ro,36619,36868,"ok"
128,1,0,read,ro,36814,36890,"ok"
129,0,0,read,ro,36868,36946,"ok"
130,1,0,read,ro,36892,36966,"ok"
131,0,0,read,ro,36946,37019,"ok"
132,1,0,read,ro,36966,37190,"ok"
133,0,0,read,ro,37019,37226,"ok"
134,1,0,read,ro,37190,37263,"ok"
135,0,0,read,ro,37226,37299,"ok"
136,1,0,read,ro,37264,37334,"ok"
137,0,0,read,ro,37299,37391,"ok"
138,1,0,read,ro,37335,37573,"ok"
139,0,0,read,ro,37391,37608,"ok"
140,1,0,read,ro,37574,37648,"ok"
141,0,0,read,ro,37608,37682,"ok"
142,1,0,read,ro,37648,37719,"ok"
143,0,0,read,ro,37682,37758,"ok"
144,1,0,read,ro,37719,37926,"ok"
145,0,0,read,ro,37758,37960,"ok"
146,1,0,read,ro,37926,37997,"ok"
147,0,0,read,ro,37960,38034,"ok"
148,1,0,read,ro,37997,38067,"ok"
149,0,0,read,ro,38034,38105,"ok"
150,1,0,read,ro,38067,38268,"ok"
151,0,0,read,ro,38105,38307,"ok"
152,1,0,read,ro,38269,38338,"ok"
153,0,0,read,ro,38307,38408,"ok"
154,1,0,read,ro,38338,38435,"ok"
155,0,0,read,ro,38409,38482,"ok"
156,1,0,read,ro,38436,38638,"ok"
157,0,0,read,ro,38482,38686,"ok"
158,1,0,read,ro,38639,38711,"ok"
159,0,0,read,ro,38687,38769,"ok"
160,1,0,read,ro,38711,38782,"ok"
161,0,0,read,ro,38769,38841,"ok"
162,1,0,read,ro,38782,38994,"ok"
163,0,0,read,ro,38841,39048,"ok"
164,1,0,read,ro,38994,39064,"ok"
165,0,0,read,ro,39048,39125,"ok"
166,1,0,read,ro,39064,39137,"ok"
167,0,0,read,ro,39126,39199,"ok"
168,1,0,read,ro,39137,39336,"ok"
169,0,0,read,ro,39199,39440,"ok"
170,1,0,read,ro,39336,39457,"ok"
171,0,0,read,ro,39440,39522,"ok"
172,1,0,read,ro,39458,39531,"ok"
173,0,0,read,ro,39522,39595,"ok"
174,1,0,read,ro,39531,39739,"ok"
175,0,0,read,ro,39595,39801,"ok"
176,1,0,read,ro,39739,39816,"ok"
177,0,0,read,ro,39801,39875,"ok"
178,1,0,read,ro,39816,39891,"ok"
179,0,0,read,ro,39875,39947,"ok"
180,1,0,read,ro,39891,40094,"ok"
181,0,0,read,ro,39947,40143,"ok"
182,1,0,read,ro,40094,40165,"ok"
183,0,0,read,ro,40143,40234,"ok"
184,1,0,read,ro,40165,40238,"ok"
185,0,0,read,ro,40234,40324,"ok"
186,1,0,read,ro,40238,40471,"ok"
187,1,0,read,ro,40471,40549,"ok"
188,0,0,read,ro,40324,40555,"ok"
189,1,0,read,ro,40549,40616,"ok"
190,0,0,read,ro,40555,40635,"ok"
191,0,0,read,ro,40635,40707,"ok"
192,1,0,read,ro,40617,40831,"ok"
193,1,0,read,ro,40832,40903,"ok"
194,0,0,read,ro,40707,40905,"ok"
195,1,0,read,ro,40904,40973,"ok"
196,0,0,read,ro,40905,40981,"ok"
197,0,0,read,ro,40982,41056,"ok"
198,1,0,read,ro,40974,41174,"ok"
199,0,0,read,ro,41056,41243,"ok"
200,1,0,read,ro,41174,41246,"ok"
201,0,0,read,ro,41243,41319,"ok"
202,1,0,read,ro,41246,41320,"ok"
203,0,0,read,ro,41319,41414,"ok"
204,1,0,read,ro,41321,41548,"ok"
205,1,0,read,ro,41548,41620,"ok"
206,0,0,read,ro,41415,41631,"ok"
207,1,0,read,ro,41620,41686,"ok"
208,0,0,read,ro,41631,41711,"ok"
209,0,0,read,ro,41711,41788,"ok"
210,1,0,read,ro,41686,41886,"ok"
211,1,0,read,ro,41887,41958,"ok"
212,0,0,read,ro,41789,41979,"ok"
213,1,0,read,ro,41958,42021,"ok"
214,0,0,read,ro,41979,42054,"ok"
215,0,0,read,ro,42055,42126,"ok"
216,1,0,read,ro,42021,42217,"ok"
217,1,0,read,ro,42217,42288,"ok"
218,0,0,read,ro,42126,42315,"ok"
219,1,0,read,ro,42288,42350,"ok"
220,0,0,read,ro,42315,42413,"ok"
221,0,0,read,ro,42413,42485,"ok"
222,1,0,read,ro,42350,42573,"ok"
223,1,0,read,ro,42574,42646,"ok"
224,0,0,read,ro,42485,42679,"ok"
225,1,0,read,ro,42646,42707,"ok"
226,0,0,read,ro,42679,42757,"ok"
227,0,0,read,ro,42757,42827,"ok"
228,1,0,read,ro,42707,42908,"ok"
229,1,0,read,ro,42909,42979,"ok"
230,0,0,read,ro,42827,43015,"ok"
231,1,0,read,ro,42980,43040,"ok"
232,0,0,read,ro,43015,43088,"ok"
233,0,0,read,ro,43089,43158,"ok"
234,1,0,read,ro,43040,43238,"ok"
235,1,0,read,ro,43238,43309,"ok"
236,0,0,read,ro,43158,43347,"ok"
237,0,0,read,ro,43347,43464,"ok"
238,1,0,read,ro,43309,43469,"ok"
239,0,0,read,ro,43464,43529,"ok"
240,1,0,read,ro,43469,43686,"ok"
241,0,0,read,ro,43529,43735,"ok"
242,1,0,read,ro,43686,43758,"ok"
243,0,0,read,ro,43735,43810,"ok"
244,1,0,read,ro,43758,43835,"ok"
245,0,0,read,ro,43810,43879,"ok"
246,1,0,read,ro,43836,44036,"ok"
247,0,0,read,ro,43879,44077,"ok"
248,1,0,read,ro,44036,44106,"ok"
249,0,0,read,ro,44077,44151,"ok"
250,1,0,read,ro,44106,44177,"ok"
251,0,0,read,ro,44151,44220,"ok"
252,1,0,read,ro,44178,44397,"ok"
253,0,0,read,ro,44221,44439,"ok"
254,1,0,read,ro,44397,44476,"ok"
255,0,0,read,ro,44439,44522,"ok"
256,1,0,read,ro,44476,44545,"ok"
257,0,0,read,ro,44522,44592,"ok"
258,1,0,read,ro,44546,44747,"ok"
259,0,0,read,ro,44592,44798,"ok"
260,1,0,read,ro,44747,44822,"ok"
261,0,0,read,ro,44798,44870,"ok"
262,1,0,read,ro,44822,44893,"ok"
263,0,0,read,ro,44870,44941,"ok"
264,1,0,read,ro,44893,45091,"ok"
265,0,0,read,ro,44941,45137,"ok"
266,1,0,read,ro,45092,45162,"ok"
267,0,0,read,ro,45137,45210,"ok"
268,1,0,read,ro,45162,45232,"ok"
269,0,0,read,ro,45210,45280,"ok"
270,1,0,read,ro,45233,45451,"ok"
271,0,0,read,ro,45280,45499,"ok"
272,1,0,read,ro,45451,45527,"ok"
273,0,0,read,ro,45499,45577,"ok"
274,1,0,read,ro,45527,45596,"ok"
275,0,0,read,ro,45578,45646,"ok"
276,1,0,read,ro,45597,45801,"ok"
277,0,0,read,ro,45647,45849,"ok"
278,1,0,read,ro,45802,45872,"ok"
279,0,0,read,ro,45849,45924,"ok"
280,1,0,read,ro,45872,45942,"ok"
281,0,0,read,ro,45924,45998,"ok"
282,1,0,read,ro,45942,46143,"ok"
283,0,0,read,ro,45999,46198,"ok"
284,1,0,read,ro,46143,46214,"ok"
285,0,0,read,ro,46198,46272,"ok"
286,1,0,read,ro,46214,46286,"ok"
287,0,0,read,ro,46272,46344,"ok"
288,1,0,read,ro,46286,46506,"ok"
289,0,0,read,ro,46344,46578,"ok"
290,1,0,read,ro,46506,46580,"ok"
291,1,0,read,ro,46581,46657,"ok"
292,0,0,read,ro,46578,46658,"ok"
293,0,0,read,ro,46658,46737,"ok"
294,1,0,read,ro,46657,46859,"ok"
295,0,0,read,ro,46737,46930,"ok"
296,1,0,read,ro,46860,46932,"ok"
297,0,0,read,ro,46930,47005,"ok"
298,1,0,read,ro,46933,47007,"ok"
299,0,0,read,ro,47005,47078,"ok"
300,1,0,read,ro,47007,47209,"ok"
301,0,0,read,ro,47078,47275,"ok"
302,1,0,read,ro,47209,47281,"ok"
303,0,0,read,ro,47276,47350,"ok"
304,1,0,read,ro,47281,47354,"ok"
305,0,0,read,ro,47350,47500,"ok"
306,1,0,read,ro,47354,47624,"ok"
307,1,0,read,ro,47624,47697,"ok"
308,0,0,read,ro,47501,47727,"ok"
309,1,0,read,ro,47697,47759,"ok"
310,0,0,read,ro,47727,47813,"ok"
311,0,0,read,ro,47813,47917,"ok"
312,1,0,read,ro,47759,47963,"ok"
313,1,0,read,ro,47963,48035,"ok"
314,1,0,read,ro,48035,48096,"ok"
315,0,0,read,ro,47917,48221,"ok"
316,1,0,read,ro,48096,48285,"ok"
317,0,0,read,ro,48222,48304,"ok"
318,1,0,read,ro,48286,48357,"ok"
319,0,0,read,ro,48304,48404,"ok"
320,1,0,read,ro,48357,48453,"ok"
321,0,0,read,ro,48404,48614,"ok"
322,1,0,read,ro,48453,48651,"ok"
323,0,0,read,ro,48615,48686,"ok"
324,1,0,read,ro,48652,48722,"ok"
325,0,0,read,ro,48687,48763,"ok"
326,1,0,read,ro,48722,48944,"ok"
327,0,0,read,ro,48763,48963,"ok"
328,0,0,read,ro,48964,49037,"ok"
329,0,0,read,ro,49037,49099,"ok"
330,1,0,read,ro,48945,49159,"ok"
331,1,0,read,ro,49159,49233,"ok"
332,0,0,read,ro,49099,49291,"ok"
333,1,0,read,ro,49233,49293,"ok"
334,0,0,read,ro,49291,49390,"ok"
335,0,0,read,ro,49390,49463,"ok"
336,1,0,read,ro,49293,49546,"ok"
337,1,0,read,ro,49546,49622,"ok"
338,0,0,read,ro,49464,49666,"ok"
339,1,0,read,ro,49623,49683,"ok"
340,0,0,read,ro,49666,49746,"ok"
341,0,0,read,ro,49746,49819,"ok"
342,1,0,read,ro,49683,49914,"ok"
343,1,0,read,ro,49914,49998,"ok"
344,0,0,read,ro,49819,50009,"ok"
345,1,0,read,ro,49998,50062,"ok"
346,0,0,read,ro,50009,50084,"ok"
347,0,0,read,ro,50085,50155,"ok"
348,1,0,read,ro,50062,50264,"ok"
349,1,0,read,ro,50265,50335,"ok"
350,0,0,read,ro,50156,50350,"ok"
351,1,0,read,ro,50335,50423,"ok"
352,0,0,read,ro,50350,50451,"ok"
353,0,0,read,ro,50451,50522,"ok"
354,1,0,read,ro,50423,50632,"ok"
355,1,0,read,ro,50632,50704,"ok"
356,0,0,read,ro,50522,50716,"ok"
357,1,0,read,ro,50704,50770,"ok"
358,0,0,read,ro,50716,50798,"ok"
359,0,0,read,ro,50799,50858,"ok"
360,0,0,read,ro,64199,64586,"ok"
361,2,0,read,ro,64179,64637,"ok"
362,0,0,read,ro,64586,64677,"ok"
363,2,0,read,ro,64637,64754,"ok"
364,0,0,read,ro,64677,64776,"ok"
365,2,0,read,ro,64754,64842,"ok"
366,0,0,read,ro,64776,64997,"ok"
367,0,0,read,ro,64997,65073,"ok"
368,2,0,read,ro,64842,65093,"ok"
369,0,0,read,ro,65073,65139,"ok"
370,2,0,read,ro,65093,65174,"ok"
371,2,0,read,ro,65174,65247,"ok"
372,0,0,read,ro,65139,65359,"ok"
373,0,0,read,ro,65359,65462,"ok"
374,2,0,read,ro,65247,65475,"ok"
375,0,0,read,ro,65462,65530,"ok"
376,2,0,read,ro,65475,65559,"ok"
377,2,0,read,ro,65559,65633,"ok"
378,0,0,read,ro,65530,65749,"ok"
379,0,0,read,ro,65749,65823,"ok"
380,2,0,read,ro,65633,65838,"ok"
381,0,0,read,ro,65823,65887,"ok"
382,2,0,read,ro,65838,65917,"ok"
383,2,0,read,ro,65917,65990,"ok"
384,0,0,read,ro,65887,66089,"ok"
385,0,0,read,ro,66089,66163,"ok"
386,2,0,read,ro,65990,66182,"ok"
387,0,0,read,ro,66163,66227,"ok"
388,2,0,read,ro,66183,66258,"ok"
389,2,0,read,ro,66259,66331,"ok"
390,0,0,read,ro,66227,66451,"ok"
391,0,0,read,ro,66452,66529,"ok"
392,2,0,read,ro,66331,66564,"ok"
393,0,0,read,ro,66530,66593,"ok"
394,2,0,read,ro,66564,66642,"ok"
395,2,0,read,ro,66642,66713,"ok"
396,0,0,read,ro,66593,66799,"ok"
397,0,0,read,ro,66800,66877,"ok"
398,2,0,read,ro,66713,66911,"ok"
399,0,0,read,ro,66877,66939,"ok"
400,2,0,read,ro,66911,66986,"ok"
401,2,0,read,ro,66986,67057,"ok"
402,0,0,read,ro,66940,67140,"ok"
403,0,0,read,ro,67140,67213,"ok"
404,2,0,read,ro,67057,67248,"ok"
405,0,0,read,ro,67213,67275,"ok"
406,2,0,read,ro,67248,67322,"ok"
407,2,0,read,ro,67322,67439,"ok"
408,0,0,read,ro,67276,67531,"ok"
409,0,0,read,ro,67532,67612,"ok"
410,2,0,read,ro,67439,67644,"ok"
411,0,0,read,ro,67613,67675,"ok"
412,2,0,read,ro,67644,67721,"ok"
413,2,0,read,ro,67721,67796,"ok"
414,0,0,read,ro,67675,67885,"ok"
415,0,0,read,ro,67885,67957,"ok"
416,2,0,read,ro,67796,67990,"ok"
417,0,0,read,ro,67957,68019,"ok"
418,2,0,read,ro,67990,68062,"ok"
419,2,0,read,ro,68062,68134,"ok"
420,0,0,read,ro,68019,68219,"ok"
421,0,0,read,ro,68219,68292,"ok"
422,2,0,read,ro,68134,68324,"ok"
423,0,0,read,ro,68293,68354,"ok"
424,2,0,read,ro,68325,68423,"ok"
425,2,0,read,ro,68424,68496,"ok"
426,0,0,read,ro,68355,68598,"ok"
427,0,0,read,ro,68598,68673,"ok"
428,2,0,read,ro,68497,68691,"ok"
429,0,0,read,ro,68674,68742,"ok"
430,2,0,read,ro,68691,68766,"ok"
431,2,0,read,ro,68766,68842,"ok"
432,0,0,read,ro,68743,68948,"ok"
433,0,0,read,ro,68948,69022,"ok"
434,2,0,read,ro,68842,69032,"ok"
435,0,0,read,ro,69022,69089,"ok"
436,2,0,read,ro,69032,69108,"ok"
437,2,0,read,ro,69108,69180,"ok"
438,0,0,read,ro,69090,69290,"ok"
439,0,0,read,ro,69290,69363,"ok"
440,2,0,read,ro,69180,69391,"ok"
441,0,0,read,ro,69363,69452,"ok"
442,2,0,read,ro,69391,69473,"ok"
443,2,0,read,ro,69473,69546,"ok"
444,0,0,read,ro,69453,69658,"ok"
445,0,0,read,ro,69658,69736,"ok"
446,2,0,read,ro,69546,69739,"ok"
447,0,0,read,ro,69736,69802,"ok"
448,2,0,read,ro,69739,69820,"ok"
449,2,0,read,ro,69820,69892,"ok"
450,0,0,read,ro,69802,70004,"ok"
451,0,0,read,ro,70005,70077,"ok"
452,2,0,read,ro,69892,70083,"ok"
453,0,0,read,ro,70078,70143,"ok"
454,2,0,read,ro,70083,70160,"ok"
455,2,0,read,ro,70160,70232,"ok"
456,0,0,read,ro,70144,70358,"ok"
457,2,0,read,ro,70232,70445,"ok"
458,0,0,read,ro,70358,70456,"ok"
459,2,0,read,ro,70445,70525,"ok"
460,0,0,read,ro,70457,70528,"ok"
461,2,0,read,ro,70526,70599,"ok"
462,0,0,read,ro,70529,70742,"ok"
463,2,0,read,ro,70600,70810,"ok"
464,0,0,read,ro,70743,70814,"ok"
465,2,0,read,ro,70810,70886,"ok"
466,0,0,read,ro,70814,70887,"ok"
467,2,0,read,ro,70886,70961,"ok"
468,0,0,read,ro,70887,71085,"ok"
469,0,0,read,ro,71085,71158,"ok"
470,2,0,read,ro,70962,71167,"ok"
471,0,0,read,ro,71158,71224,"ok"
472,2,0,read,ro,71167,71245,"ok"
473,2,0,read,ro,71246,71317,"ok"
474,2,0,read,ro,71317,71563,"ok"
475,2,0,read,ro,71563,71641,"ok"
476,2,0,read,ro,71641,71705,"ok"
477,1,0,read,ro,64481,71717,"ok"
478,1,0,read,ro,71717,71803,"ok"
479,1,0,read,ro,71804,71868,"ok"
480,2,0,read,ro,71705,71906,"ok"
481,2,0,read,ro,71906,71980,"ok"
482,2,0,read,ro,71980,72042,"ok"
483,1,0,read,ro,71869,72069,"ok"
484,1,0,read,ro,72069,72145,"ok"
485,1,0,read,ro,72145,72208,"ok"
486,2,0,read,ro,72042,72235,"ok"
487,2,0,read,ro,72235,72307,"ok"
488,2,0,read,ro,72307,72406,"ok"
489,1,0,read,ro,72208,72428,"ok"
490,1,0,read,ro,72429,72510,"ok"
491,1,0,read,ro,72510,72573,"ok"
492,2,0,read,ro,72406,72613,"ok"
493,2,0,read,ro,72614,72690,"ok"
494,2,0,read,ro,72690,72753,"ok"
495,1,0,read,ro,72574,72779,"ok"
496,1,0,read,ro,72779,72853,"ok"
497,1,0,read,ro,72854,72917,"ok"
498,2,0,read,ro,72753,72951,"ok"
499,2,0,read,ro,72951,73023,"ok"
500,2,0,read,ro,73023,73085,"ok"
501,1,0,read,ro,72917,73111,"ok"
502,1,0,read,ro,73112,73185,"ok"
503,1,0,read,ro,73186,73247,"ok"
504,2,0,read,ro,73085,73278,"ok"
505,2,0,read,ro,73278,73352,"ok"
506,2,0,read,ro,73352,73441,"ok"
507,1,0,read,ro,73247,73461,"ok"
508,1,0,read,ro,73461,73542,"ok"
509,1,0,read,ro,73543,73606,"ok"
510,2,0,read,ro,73441,73643,"ok"
511,2,0,read,ro,73643,73719,"ok"
512,2,0,read,ro,73720,73781,"ok"
513,1,0,read,ro,73606,73823,"ok"
514,1,0,read,ro,73823,73899,"ok"
515,1,0,read,ro,73899,73960,"ok"
516,2,0,read,ro,73797,74000,"ok"
517,2,0,read,ro,74001,74072,"ok"
518,2,0,read,ro,74073,74134,"ok"
519,1,0,read,ro,73960,74153,"ok"
520,1,0,read,ro,74154,74228,"ok"
521,1,0,read,ro,74228,74290,"ok"
522,2,0,read,ro,74134,74328,"ok"
523,2,0,read,ro,74328,74427,"ok"
524,2,0,read,ro,74428,74490,"ok"
525,1,0,read,ro,74290,74507,"ok"
526,1,0,read,ro,74507,74586,"ok"
527,1,0,read,ro,74587,74649,"ok"
528,2,0,read,ro,74490,74688,"ok"
529,2,0,read,ro,74688,74761,"ok"
530,2,0,read,ro,74761,74827,"ok"
531,1,0,read,ro,74649,74851,"ok"
532,1,0,read,ro,74851,74925,"ok"
533,1,0,read,ro,74925,74988,"ok"
534,2,0,read,ro,74827,75028,"ok"
535,2,0,read,ro,75028,75100,"ok"
536,2,0,read,ro,75100,75161,"ok"
537,1,0,read,ro,74988,75181,"ok"
538,1,0,read,ro,75181,75255,"ok"
539,1,0,read,ro,75255,75316,"ok"
540,2,0,read,ro,75162,75354,"ok"
541,2,0,read,ro,75355,75481,"ok"
542,2,0,read,ro,75481,75545,"ok"
543,1,0,read,ro,75316,75562,"ok"
544,1,0,read,ro,75562,75644,"ok"
545,1,0,read,ro,75644,75719,"ok"
546,2,0,read,ro,75545,75771,"ok"
547,2,0,read,ro,75771,75850,"ok"
548,2,0,read,ro,75851,75912,"ok"
549,1,0,read,ro,75719,75918,"ok"
550,1,0,read,ro,75919,75995,"ok"
551,1,0,read,ro,75995,76059,"ok"
552,2,0,read,ro,75912,76109,"ok"
553,2,0,read,ro,76110,76184,"ok"
554,2,0,read,ro,76185,76247,"ok"
555,1,0,read,ro,76060,76249,"ok"
556,1,0,read,ro,76249,76327,"ok"
557,1,0,read,ro,76327,76415,"ok"
558,2,0,read,ro,76248,76475,"ok"
559,2,0,read,ro,76475,76554,"ok"
560,1,0,read,ro,76415,76613,"ok"
561,2,0,read,ro,76555,76618,"ok"
562,1,0,read,ro,76613,76689,"ok"
563,1,0,read,ro,76690,76763,"ok"
564,2,0,read,ro,76619,76831,"ok"
565,2,0,read,ro,76831,76902,"ok"
566,1,0,read,ro,76763,76955,"ok"
567,2,0,read,ro,76903,76965,"ok"
568,1,0,read,ro,76956,77032,"ok"
569,1,0,read,ro,77032,77101,"ok"
570,2,0,read,ro,76965,77169,"ok"
571,2,0,read,ro,77169,77241,"ok"
572,1,0,read,ro,77101,77292,"ok"
573,2,0,read,ro,77241,77302,"ok"
574,1,0,read,ro,77292,77366,"ok"
575,1,0,read,ro,77385,77459,"ok"
576,2,0,read,ro,77302,77529,"ok"
577,2,0,read,ro,77530,77606,"ok"
578,1,0,read,ro,77459,77655,"ok"
579,2,0,read,ro,77607,77668,"ok"
580,1,0,read,ro,77655,77738,"ok"
581,1,0,read,ro,77739,77807,"ok"
582,2,0,read,ro,77668,77873,"ok"
583,2,0,read,ro,77873,77945,"ok"
584,1,0,read,ro,77807,77999,"ok"
585,2,0,read,ro,77945,78005,"ok"
586,1,0,read,ro,78000,78075,"ok"
587,1,0,read,ro,78076,78144,"ok"
588,2,0,read,ro,78006,78209,"ok"
589,2,0,read,ro,78209,78280,"ok"
590,1,0,read,ro,78144,78334,"ok"
591,2,0,read,ro,78280,78340,"ok"
592,1,0,read,ro,78334,78434,"ok"
593,1,0,read,ro,78435,78504,"ok"
594,2,0,read,ro,78340,78569,"ok"
595,2,0,read,ro,78569,78644,"ok"
596,1,0,read,ro,78505,78699,"ok"
597,2,0,read,ro,78644,78707,"ok"
598,1,0,read,ro,78699,78776,"ok"
599,1,0,read,ro,78776,78847,"ok"
600,1,0,read,ro,78848,79038,"ok"
601,1,0,read,ro,79038,79102,"ok"
602,3,0,read,ro,78755,79107,"ok"
603,1,0,read,ro,79102,79167,"ok"
604,3,0,read,ro,79108,79189,"ok"
605,3,0,read,ro,79189,79264,"ok"
606,0,0,read,ro,71224,79499,"ok"
607,0,0,read,ro,79499,79581,"ok"
608,3,0,read,ro,79264,79585,"ok"
609,0,0,read,ro,79582,79648,"ok"
610,3,0,read,ro,79585,79674,"ok"
611,3,0,read,ro,79675,79748,"ok"
612,0,0,read,ro,79648,79863,"ok"
613,0,0,read,ro,79864,79935,"ok"
614,3,0,read,ro,79748,79958,"ok"
615,0,0,read,ro,79935,79997,"ok"
616,3,0,read,ro,79959,80035,"ok"
617,3,0,read,ro,80036,80107,"ok"
618,0,0,read,ro,79998,80199,"ok"
619,0,0,read,ro,80199,80272,"ok"
620,3,0,read,ro,80108,80304,"ok"
621,0,0,read,ro,80272,80334,"ok"
622,3,0,read,ro,80304,80405,"ok"
623,3,0,read,ro,80406,80480,"ok"
624,0,0,read,ro,80334,80567,"ok"
625,0,0,read,ro,80567,80641,"ok"
626,3,0,read,ro,80480,80672,"ok"
627,0,0,read,ro,80641,80703,"ok"
628,3,0,read,ro,80672,80748,"ok"
629,3,0,read,ro,80748,80825,"ok"
630,0,0,read,ro,80703,80911,"ok"
631,0,0,read,ro,80911,80982,"ok"
632,3,0,read,ro,80825,81013,"ok"
633,0,0,read,ro,80982,81044,"ok"
634,3,0,read,ro,81013,81086,"ok"
635,3,0,read,ro,81087,81158,"ok"
636,0,0,read,ro,81044,81242,"ok"
637,0,0,read,ro,81242,81314,"ok"
638,3,0,read,ro,81158,81355,"ok"
639,0,0,read,ro,81314,81397,"ok"
640,3,0,read,ro,81355,81462,"ok"
641,3,0,read,ro,81462,81534,"ok"
642,0,0,read,ro,81398,81605,"ok"
643,0,0,read,ro,81605,81680,"ok"
644,3,0,read,ro,81534,81731,"ok"
645,0,0,read,ro,81680,81744,"ok"
646,3,0,read,ro,81731,81813,"ok"
647,3,0,read,ro,81813,81884,"ok"
648,0,0,read,ro,81744,81948,"ok"
649,0,0,read,ro,81948,82019,"ok"
650,3,0,read,ro,81884,82075,"ok"
651,0,0,read,ro,82019,82080,"ok"
652,3,0,read,ro,82075,82152,"ok"
653,3,0,read,ro,82152,82222,"ok"
654,0,0,read,ro,82081,82283,"ok"
655,0,0,read,ro,82284,82354,"ok"
656,0,0,read,ro,82355,82438,"ok"
657,3,0,read,ro,82222,82440,"ok"
658,3,0,read,ro,82440,82523,"ok"
659,3,0,read,ro,82524,82588,"ok"
660,0,0,read,ro,82439,82640,"ok"
661,0,0,read,ro,82640,82714,"ok"
662,3,0,read,ro,82588,82779,"ok"
663,0,0,read,ro,82714,82781,"ok"
664,3,0,read,ro,82779,82862,"ok"
665,3,0,read,ro,82863,82926,"ok"
666,0,0,read,ro,82782,82979,"ok"
667,0,0,read,ro,82979,83052,"ok"
668,0,0,read,ro,83052,83113,"ok"
669,3,0,read,ro,82926,83116,"ok"
670,3,0,read,ro,83116,83193,"ok"
671,3,0,read,ro,83193,83257,"ok"
672,0,0,read,ro,83113,83308,"ok"
673,0,0,read,ro,83309,83420,"ok"
674,0,0,read,ro,83420,83486,"ok"
675,3,0,read,ro,83257,83488,"ok"
676,3,0,read,ro,83488,83573,"ok"
677,3,0,read,ro,83574,83642,"ok"
678,0,0,read,ro,83486,83699,"ok"
679,0,0,read,ro,83699,83777,"ok"
680,0,0,read,ro,83778,83838,"ok"
681,3,0,read,ro,83642,83856,"ok"
682,3,0,read,ro,83856,83932,"ok"
683,3,0,read,ro,83932,83997,"ok"
684,0,0,read,ro,83838,84031,"ok"
685,0,0,read,ro,84031,84103,"ok"
686,0,0,read,ro,84103,84164,"ok"
687,3,0,read,ro,83997,84193,"ok"
688,3,0,read,ro,84193,84266,"ok"
689,3,0,read,ro,84266,84329,"ok"
690,0,0,read,ro,84164,84354,"ok"
691,0,0,read,ro,84355,84453,"ok"
692,0,0,read,ro,84453,84515,"ok"
693,3,0,read,ro,84329,84547,"ok"
694,3,0,read,ro,84547,84624,"ok"
695,3,0,read,ro,84624,84686,"ok"
696,0,0,read,ro,84516,84708,"ok"
697,0,0,read,ro,84709,84787,"ok"
698,0,0,read,ro,84787,84848,"ok"
699,3,0,read,ro,84687,84881,"ok"
700,3,0,read,ro,84881,84955,"ok"
701,3,0,read,ro,84955,85017,"ok"
702,0,0,read,ro,84848,85037,"ok"
703,0,0,read,ro,85037,85111,"ok"
704,0,0,read,ro,85112,85175,"ok"
705,3,0,read,ro,85017,85203,"ok"
706,3,0,read,ro,85204,85277,"ok"
707,3,0,read,ro,85278,85339,"ok"
708,0,0,read,ro,85175,85366,"ok"
709,0,0,read,ro,85367,85465,"ok"
710,0,0,read,ro,85465,85527,"ok"
711,3,0,read,ro,85339,85553,"ok"
712,3,0,read,ro,85553,85628,"ok"
713,3,0,read,ro,85628,85691,"ok"
714,0,0,read,ro,85527,85721,"ok"
715,0,0,read,ro,85721,85800,"ok"
716,0,0,read,ro,85800,85860,"ok"
717,3,0,read,ro,85691,85883,"ok"
718,3,0,read,ro,85883,85957,"ok"
719,3,0,read,ro,85957,86019,"ok"
720,0,0,read,ro,85861,86053,"ok"
721,0,0,read,ro,86053,86125,"ok"
722,0,0,read,ro,86125,86186,"ok"
723,3,0,read,ro,86019,86205,"ok"
724,3,0,read,ro,86205,86282,"ok"
725,3,0,read,ro,86282,86345,"ok"
726,0,0,read,ro,86186,86397,"ok"
727,0,0,read,ro,86397,86476,"ok"
728,0,0,read,ro,86476,86539,"ok"
729,3,0,read,ro,86346,86564,"ok"
730,1,0,read,ro,79167,86620,"ok"
731,3,0,read,ro,86565,86677,"ok"
732,1,0,read,ro,86620,86705,"ok"
733,3,0,read,ro,86677,86749,"ok"
734,1,0,read,ro,86705,86780,"ok"
735,3,0,read,ro,86749,86973,"ok"
736,1,0,read,ro,86780,87001,"ok"
737,3,0,read,ro,86973,87047,"ok"
738,1,0,read,ro,87002,87074,"ok"
739,3,0,read,ro,87047,87117,"ok"
740,1,0,read,ro,87074,87144,"ok"
741,3,0,read,ro,87117,87316,"ok"
742,1,0,read,ro,87145,87342,"ok"
743,3,0,read,ro,87316,87438,"ok"
744,1,0,read,ro,87342,87460,"ok"
745,3,0,read,ro,87439,87513,"ok"
746,1,0,read,ro,87460,87533,"ok"
747,3,0,read,ro,87513,87718,"ok"
748,1,0,read,ro,87533,87747,"ok"
749,3,0,read,ro,87718,87795,"ok"
750,1,0,read,ro,87747,87824,"ok"
751,3,0,read,ro,87795,87866,"ok"
752,1,0,read,ro,87824,87893,"ok"
753,3,0,read,ro,87866,88063,"ok"
754,1,0,read,ro,87893,88095,"ok"
755,3,0,read,ro,88064,88140,"ok"
756,1,0,read,ro,88096,88168,"ok"
757,3,0,read,ro,88140,88210,"ok"
758,1,0,read,ro,88168,88239,"ok"
759,3,0,read,ro,88210,88435,"ok"
760,1,0,read,ro,88239,88465,"ok"
761,3,0,read,ro,88435,88513,"ok"
762,1,0,read,ro,88465,88546,"ok"
763,3,0,read,ro,88514,88584,"ok"
764,1,0,read,ro,88547,88616,"ok"
765,3,0,read,ro,88584,88791,"ok"
766,1,0,read,ro,88616,88821,"ok"
767,3,0,read,ro,88791,88866,"ok"
768,1,0,read,ro,88821,88895,"ok"
769,3,0,read,ro,88867,88937,"ok"
770,1,0,read,ro,88895,88967,"ok"
771,3,0,read,ro,88937,89136,"ok"
772,1,0,read,ro,88967,89164,"ok"
773,3,0,read,ro,89136,89209,"ok"
774,1,0,read,ro,89164,89238,"ok"
775,3,0,read,ro,89209,89281,"ok"
776,1,0,read,ro,89238,89309,"ok"
777,3,0,read,ro,89281,89504,"ok"
778,1,0,read,ro,89310,89532,"ok"
779,3,0,read,ro,89504,89580,"ok"
780,1,0,read,ro,89533,89610,"ok"
781,3,0,read,ro,89581,89651,"ok"
782,1,0,read,ro,89610,89681,"ok"
783,3,0,read,ro,89651,89855,"ok"
784,1,0,read,ro,89681,89883,"ok"
785,3,0,read,ro,89855,89928,"ok"
786,1,0,read,ro,89884,89957,"ok"
787,3,0,read,ro,89928,89998,"ok"
788,1,0,read,ro,89957,90027,"ok"
789,3,0,read,ro,89998,90199,"ok"
790,1,0,read,ro,90027,90223,"ok"
791,3,0,read,ro,90199,90272,"ok"
792,1,0,read,ro,90223,90297,"ok"
793,3,0,read,ro,90272,90345,"ok"
794,1,0,read,ro,90297,90368,"ok"
795,3,0,read,ro,90345,90580,"ok"
796,1,0,read,ro,90369,90594,"ok"
797,3,0,read,ro,90581,90656,"ok"
798,1,0,read,ro,90594,90669,"ok"
799,3,0,read,ro,90656,90727,"ok"
800,1,0,read,ro,90670,90748,"ok"
801,3,0,read,ro,90728,90935,"ok"
802,1,0,read,ro,90748,90948,"ok"
803,3,0,read,ro,90935,91009,"ok"
804,1,0,read,ro,90948,91024,"ok"
805,3,0,read,ro,91010,91080,"ok"
806,1,0,read,ro,91024,91096,"ok"
807,3,0,read,ro,91080,91279,"ok"
808,1,0,read,ro,91096,91297,"ok"
809,3,0,read,ro,91280,91353,"ok"
810,1,0,read,ro,91297,91414,"ok"
811,3,0,read,ro,91354,91469,"ok"
812,1,0,read,ro,91414,91512,"ok"
813,3,0,read,ro,91469,91675,"ok"
814,3,0,read,ro,91675,91747,"ok"
815,3,0,read,ro,91747,91812,"ok"
816,1,0,read,ro,91512,91835,"ok"
817,1,0,read,ro,91835,91923,"ok"
818,1,0,read,ro,91923,91984,"ok"
819,3,0,read,ro,91812,92004,"ok"
820,3,0,read,ro,92004,92077,"ok"
821,3,0,read,ro,92077,92138,"ok"
822,1,0,read,ro,91985,92185,"ok"
823,1,0,read,ro,92185,92261,"ok"
824,1,0,read,ro,92261,92323,"ok"
825,3,0,read,ro,92138,92328,"ok"
826,3,0,read,ro,92328,92429,"ok"
827,3,0,read,ro,92429,92493,"ok"
828,1,0,read,ro,92323,92551,"ok"
829,1,0,read,ro,92551,92629,"ok"
830,3,0,read,ro,92493,92690,"ok"
831,1,0,read,ro,92629,92691,"ok"
832,3,0,read,ro,92690,92768,"ok"
833,3,0,read,ro,92768,92837,"ok"
834,1,0,read,ro,92691,92925,"ok"
835,3,0,read,ro,92837,93029,"ok"
836,1,0,read,ro,92925,93037,"ok"
837,3,0,read,ro,93029,93102,"ok"
838,1,0,read,ro,93038,93138,"ok"
839,3,0,read,ro,93102,93170,"ok"
840,1,0,read,ro,106743,107088,"ok"
841,4,0,read,ro,106739,107113,"ok"
842,1,0,read,ro,107088,107173,"ok"
843,4,0,read,ro,107113,107217,"ok"
844,1,0,read,ro,107174,107257,"ok"
845,4,0,read,ro,107218,107291,"ok"
846,1,0,read,ro,107257,107518,"ok"
847,1,0,read,ro,107518,107598,"ok"
848,1,0,read,ro,107598,107661,"ok"
849,6,0,read,ro,107421,107783,"ok"
850,6,0,read,ro,107783,107862,"ok"
851,1,0,read,ro,107661,107874,"ok"
852,6,0,read,ro,107862,107928,"ok"
853,1,0,read,ro,107875,107950,"ok"
854,1,0,read,ro,107950,108021,"ok"
855,6,0,read,ro,107928,108140,"ok"
856,6,0,read,ro,108140,108213,"ok"
857,1,0,read,ro,108021,108217,"ok"
858,6,0,read,ro,108213,108281,"ok"
859,1,0,read,ro,108218,108292,"ok"
860,1,0,read,ro,108292,108364,"ok"
861,6,0,read,ro,108281,108520,"ok"
862,1,0,read,ro,108364,108585,"ok"
863,6,0,read,ro,108520,108599,"ok"
864,1,0,read,ro,108586,108662,"ok"
865,6,0,read,ro,108600,108674,"ok"
866,1,0,read,ro,108662,108732,"ok"
867,6,0,read,ro,108675,108891,"ok"
868,1,0,read,ro,108733,108936,"ok"
869,6,0,read,ro,108891,108964,"ok"
870,1,0,read,ro,108937,109010,"ok"
871,6,0,read,ro,108964,109036,"ok"
872,1,0,read,ro,109010,109078,"ok"
873,6,0,read,ro,109037,109236,"ok"
874,1,0,read,ro,109079,109272,"ok"
875,6,0,read,ro,109236,109308,"ok"
876,1,0,read,ro,109273,109346,"ok"
877,6,0,read,ro,109308,109401,"ok"
878,1,0,read,ro,109346,109436,"ok"
879,6,0,read,ro,109401,109606,"ok"
880,1,0,read,ro,109436,109636,"ok"
881,6,0,read,ro,109606,109679,"ok"
882,1,0,read,ro,109637,109709,"ok"
883,6,0,read,ro,109679,109755,"ok"
884,1,0,read,ro,109709,109778,"ok"
885,6,0,read,ro,109755,109957,"ok"
886,1,0,read,ro,109779,109978,"ok"
887,6,0,read,ro,109958,110033,"ok"
888,1,0,read,ro,109979,110051,"ok"
889,6,0,read,ro,110034,110110,"ok"
890,1,0,read,ro,110051,110122,"ok"
891,1,0,read,ro,110122,110313,"ok"
892,1,0,read,ro,110313,110403,"ok"
893,6,0,read,ro,110113,110441,"ok"
894,1,0,read,ro,110403,110468,"ok"
895,6,0,read,ro,110441,110529,"ok"
896,6,0,read,ro,110530,110600,"ok"
897,1,0,read,ro,110468,110673,"ok"
898,1,0,read,ro,110673,110749,"ok"
899,6,0,read,ro,110600,110812,"ok"
900,1,0,read,ro,110749,110815,"ok"
901,6,0,read,ro,110812,110890,"ok"
902,6,0,read,ro,110890,110957,"ok"
903,1,0,read,ro,110815,111017,"ok"
904,1,0,read,ro,111017,111089,"ok"
905,6,0,read,ro,110957,111147,"ok"
906,1,0,read,ro,111090,111152,"ok"
907,6,0,read,ro,111147,111223,"ok"
908,6,0,read,ro,111224,111293,"ok"
909,1,0,read,ro,111152,111352,"ok"
910,4,0,read,ro,107291,111577,"ok"
911,4,0,read,ro,111577,111662,"ok"
912,0,0,read,ro,111409,111693,"ok"
913,4,0,read,ro,111662,111725,"ok"
914,0,0,read,ro,111693,111768,"ok"
915,0,0,read,ro,111769,111847,"ok"
916,4,0,read,ro,111725,111935,"ok"
917,4,0,read,ro,111935,112006,"ok"
918,0,0,read,ro,111847,112043,"ok"
919,4,0,read,ro,112007,112069,"ok"
920,0,0,read,ro,112043,112117,"ok"
921,0,0,read,ro,112118,112187,"ok"
922,4,0,read,ro,112069,112269,"ok"
923,4,0,read,ro,112270,112341,"ok"
924,0,0,read,ro,112191,112407,"ok"
925,4,0,read,ro,112341,112432,"ok"
926,0,0,read,ro,112407,112488,"ok"
927,0,0,read,ro,112488,112556,"ok"
928,4,0,read,ro,112432,112641,"ok"
929,4,0,read,ro,112641,112715,"ok"
930,0,0,read,ro,112556,112752,"ok"
931,4,0,read,ro,112715,112783,"ok"
932,0,0,read,ro,112752,112829,"ok"
933,0,0,read,ro,112829,112897,"ok"
934,4,0,read,ro,112784,112982,"ok"
935,4,0,read,ro,112982,113055,"ok"
936,0,0,read,ro,112898,113087,"ok"
937,4,0,read,ro,113055,113118,"ok"
938,0,0,read,ro,113088,113160,"ok"
939,0,0,read,ro,113160,113228,"ok"
940,4,0,read,ro,113118,113316,"ok"
941,4,0,read,ro,113316,113415,"ok"
942,0,0,read,ro,113228,113438,"ok"
943,4,0,read,ro,113415,113480,"ok"
944,0,0,read,ro,113438,113515,"ok"
945,0,0,read,ro,113515,113583,"ok"
946,4,0,read,ro,113480,113689,"ok"
947,0,0,read,ro,113583,113774,"ok"
948,4,0,read,ro,113689,113774,"ok"
949,4,0,read,ro,113775,113843,"ok"
950,0,0,read,ro,113774,113854,"ok"
951,0,0,read,ro,113854,113924,"ok"
952,4,0,read,ro,113843,114043,"ok"
953,4,0,read,ro,114044,114115,"ok"
954,0,0,read,ro,113924,114117,"ok"
955,4,0,read,ro,114118,114185,"ok"
956,0,0,read,ro,114118,114194,"ok"
957,0,0,read,ro,114194,114264,"ok"
958,4,0,read,ro,114185,114411,"ok"
959,0,0,read,ro,114264,114476,"ok"
960,4,0,read,ro,114411,114489,"ok"
961,0,0,read,ro,114476,114555,"ok"
962,4,0,read,ro,114490,114562,"ok"
963,0,0,read,ro,114555,114625,"ok"
964,4,0,read,ro,114562,114777,"ok"
965,0,0,read,ro,114626,114827,"ok"
966,4,0,read,ro,114777,114851,"ok"
967,0,0,read,ro,114828,114902,"ok"
968,4,0,read,ro,114851,114924,"ok"
969,0,0,read,ro,114902,114971,"ok"
970,4,0,read,ro,114924,115127,"ok"
971,0,0,read,ro,114971,115169,"ok"
972,4,0,read,ro,115127,115197,"ok"
973,0,0,read,ro,115170,115240,"ok"
974,4,0,read,ro,115197,115268,"ok"
975,0,0,read,ro,115240,115308,"ok"
976,4,0,read,ro,115268,115506,"ok"
977,4,0,read,ro,115507,115582,"ok"
978,0,0,read,ro,115308,115584,"ok"
979,4,0,read,ro,115582,115650,"ok"
980,0,0,read,ro,115585,115679,"ok"
981,0,0,read,ro,115680,115750,"ok"
982,4,0,read,ro,115650,115861,"ok"
983,4,0,read,ro,115861,115932,"ok"
984,0,0,read,ro,115750,115944,"ok"
985,4,0,read,ro,115932,115995,"ok"
986,0,0,read,ro,115944,116017,"ok"
987,0,0,read,ro,116017,116089,"ok"
988,4,0,read,ro,116000,116197,"ok"
989,4,0,read,ro,116197,116267,"ok"
990,0,0,read,ro,116089,116275,"ok"
991,4,0,read,ro,116267,116331,"ok"
992,0,0,read,ro,116275,116350,"ok"
993,0,0,read,ro,116350,116445,"ok"
994,4,0,read,ro,116331,116569,"ok"
995,4,0,read,ro,116569,116644,"ok"
996,0,0,read,ro,116445,116647,"ok"
997,4,0,read,ro,116644,116711,"ok"
998,0,0,read,ro,116647,116722,"ok"
999,0,0,read,ro,116722,116797,"ok"
1000,4,0,read,ro,116711,116919,"ok"
1001,0,0,read,ro,116797,116986,"ok"
1002,4,0,read,ro,116920,116990,"ok"
1003,0,0,read,ro,116986,117060,"ok"
1004,4,0,read,ro,116990,117063,"ok"
1005,0,0,read,ro,117060,117130,"ok"
1006,4,0,read,ro,117063,117263,"ok"
1007,0,0,read,ro,117130,117325,"ok"
1008,4,0,read,ro,117263,117333,"ok"
1009,0,0,read,ro,117325,117423,"ok"
1010,4,0,read,ro,117333,117429,"ok"
1011,0,0,read,ro,117423,117496,"ok"
1012,4,0,read,ro,117430,117632,"ok"
1013,0,0,read,ro,117496,117695,"ok"
1014,4,0,read,ro,117632,117702,"ok"
1015,0,0,read,ro,117695,117768,"ok"
1016,4,0,read,ro,117703,117779,"ok"
1017,0,0,read,ro,117768,117843,"ok"
1018,4,0,read,ro,117779,117977,"ok"
1019,0,0,read,ro,117844,118040,"ok"
1020,4,0,read,ro,117977,118046,"ok"
1021,0,0,read,ro,118040,118112,"ok"
1022,4,0,read,ro,118046,118117,"ok"
1023,0,0,read,ro,118113,118182,"ok"
1024,4,0,read,ro,118117,118314,"ok"
1025,0,0,read,ro,118183,118404,"ok"
1026,4,0,read,ro,118324,118421,"ok"
1027,0,0,read,ro,118405,118482,"ok"
1028,4,0,read,ro,118421,118493,"ok"
1029,0,0,read,ro,118483,118552,"ok"
1030,4,0,read,ro,118494,118695,"ok"
1031,0,0,read,ro,118552,118749,"ok"
1032,4,0,read,ro,118695,118769,"ok"
1033,0,0,read,ro,118749,118827,"ok"
1034,4,0,read,ro,118769,118840,"ok"
1035,0,0,read,ro,118827,118896,"ok"
1036,4,0,read,ro,118841,119036,"ok"
1037,0,0,read,ro,118896,119091,"ok"
1038,4,0,read,ro,119036,119105,"ok"
1039,0,0,read,ro,119091,119163,"ok"
1040,4,0,read,ro,119105,119177,"ok"
1041,0,0,read,ro,119163,119232,"ok"
1042,1,0,read,ro,111353,119472,"ok"
1043,1,0,read,ro,119472,119539,"ok"
1044,6,0,read,ro,111293,119541,"ok"
1045,6,0,read,ro,119542,119630,"ok"
1046,6,0,read,ro,119630,119693,"ok"
1047,1,0,read,ro,119539,119749,"ok"
1048,1,0,read,ro,119749,119826,"ok"
1049,1,0,read,ro,119826,119887,"ok"
1050,6,0,read,ro,119693,119888,"ok"
1051,6,0,read,ro,119892,119968,"ok"
1052,6,0,read,ro,119968,120029,"ok"
1053,1,0,read,ro,119892,120106,"ok"
1054,1,0,read,ro,120106,120178,"ok"
1055,6,0,read,ro,120029,120214,"ok"
1056,1,0,read,ro,120178,120239,"ok"
1057,6,0,read,ro,120214,120287,"ok"
1058,6,0,read,ro,120287,120358,"ok"
1059,1,0,read,ro,120239,120465,"ok"
1060,1,0,read,ro,120466,120544,"ok"
1061,6,0,read,ro,120359,120574,"ok"
1062,1,0,read,ro,120544,120607,"ok"
1063,6,0,read,ro,120574,120647,"ok"
1064,6,0,read,ro,120647,120717,"ok"
1065,1,0,read,ro,120607,120816,"ok"
1066,1,0,read,ro,120816,120889,"ok"
1067,6,0,read,ro,120717,120912,"ok"
1068,1,0,read,ro,120889,120951,"ok"
1069,6,0,read,ro,120912,120985,"ok"
1070,6,0,read,ro,120985,121054,"ok"
1071,1,0,read,ro,120951,121152,"ok"
1072,1,0,read,ro,121152,121223,"ok"
1073,6,0,read,ro,121054,121242,"ok"
1074,1,0,read,ro,121223,121286,"ok"
1075,6,0,read,ro,121242,121314,"ok"
1076,6,0,read,ro,121314,121406,"ok"
1077,1,0,read,ro,121286,121508,"ok"
1078,1,0,read,ro,121509,121584,"ok"
1079,6,0,read,ro,121406,121598,"ok"
1080,1,0,read,ro,121584,121647,"ok"
1081,6,0,read,ro,121598,121673,"ok"
1082,6,0,read,ro,121677,121751,"ok"
1083,1,0,read,ro,121647,121851,"ok"
1084,1,0,read,ro,121851,121921,"ok"
1085,6,0,read,ro,121751,121936,"ok"
1086,1,0,read,ro,121921,121984,"ok"
1087,6,0,read,ro,121936,122010,"ok"
1088,6,0,read,ro,122010,122080,"ok"
1089,1,0,read,ro,121984,122181,"ok"
1090,1,0,read,ro,122181,122252,"ok"
1091,6,0,read,ro,122080,122267,"ok"
1092,1,0,read,ro,122252,122314,"ok"
1093,6,0,read,ro,122267,122340,"ok"
1094,6,0,read,ro,122340,122434,"ok"
1095,1,0,read,ro,122314,122533,"ok"
1096,1,0,read,ro,122534,122608,"ok"
1097,6,0,read,ro,122434,122626,"ok"
1098,1,0,read,ro,122608,122669,"ok"
1099,6,0,read,ro,122626,122700,"ok"
1100,6,0,read,ro,122700,122773,"ok"
1101,1,0,read,ro,122669,122871,"ok"
1102,1,0,read,ro,122871,122942,"ok"
1103,6,0,read,ro,122773,122974,"ok"
1104,1,0,read,ro,122942,123001,"ok"
1105,6,0,read,ro,122974,123047,"ok"
1106,6,0,read,ro,123047,123116,"ok"
1107,1,0,read,ro,123002,123198,"ok"
1108,1,0,read,ro,123198,123269,"ok"
1109,6,0,read,ro,123116,123305,"ok"
1110,1,0,read,ro,123269,123330,"ok"
1111,6,0,read,ro,123305,123422,"ok"
1112,6,0,read,ro,123423,123495,"ok"
1113,6,0,read,ro,123496,123693,"ok"
1114,6,0,read,ro,123696,123766,"ok"
1115,7,0,read,ro,123422,123776,"ok"
1116,6,0,read,ro,123766,123829,"ok"
1117,7,0,read,ro,123776,123861,"ok"
1118,7,0,read,ro,123861,123933,"ok"
1119,6,0,read,ro,123829,124023,"ok"
1120,6,0,read,ro,124024,124094,"ok"
1121,7,0,read,ro,123933,124131,"ok"
1122,6,0,read,ro,124094,124155,"ok"
1123,7,0,read,ro,124131,124206,"ok"
1124,7,0,read,ro,124206,124277,"ok"
1125,6,0,read,ro,124155,124355,"ok"
1126,6,0,read,ro,124355,124453,"ok"
1127,7,0,read,ro,124277,124510,"ok"
1128,6,0,read,ro,124453,124514,"ok"
1129,7,0,read,ro,124510,124591,"ok"
1130,7,0,read,ro,124591,124661,"ok"
1131,6,0,read,ro,124514,124718,"ok"
1132,6,0,read,ro,124718,124796,"ok"
1133,6,0,read,ro,124796,124855,"ok"
1134,7,0,read,ro,124661,124861,"ok"
1135,7,0,read,ro,124862,124938,"ok"
1136,7,0,read,ro,124938,125001,"ok"
1137,6,0,read,ro,124856,125050,"ok"
1138,6,0,read,ro,125050,125120,"ok"
1139,6,0,read,ro,125120,125180,"ok"
1140,7,0,read,ro,125002,125192,"ok"
1141,7,0,read,ro,125192,125266,"ok"
1142,7,0,read,ro,125266,125328,"ok"
1143,6,0,read,ro,125180,125391,"ok"
1144,6,0,read,ro,125391,125468,"ok"
1145,6,0,read,ro,125468,125529,"ok"
1146,7,0,read,ro,125328,125549,"ok"
1147,7,0,read,ro,125550,125627,"ok"
1148,7,0,read,ro,125628,125691,"ok"
1149,6,0,read,ro,125533,125739,"ok"
1150,6,0,read,ro,125739,125811,"ok"
1151,6,0,read,ro,125811,125872,"ok"
1152,7,0,read,ro,125691,125886,"ok"
1153,7,0,read,ro,125886,125963,"ok"
1154,7,0,read,ro,125963,126026,"ok"
1155,6,0,read,ro,125872,126064,"ok"
1156,6,0,read,ro,126064,126135,"ok"
1157,6,0,read,ro,126135,126195,"ok"
1158,7,0,read,ro,126026,126221,"ok"
1159,7,0,read,ro,126221,126294,"ok"
1160,7,0,read,ro,126294,126358,"ok"
1161,6,0,read,ro,126196,126408,"ok"
1162,6,0,read,ro,126409,126485,"ok"
1163,6,0,read,ro,126485,126547,"ok"
1164,7,0,read,ro,126358,126582,"ok"
1165,7,0,read,ro,126582,126654,"ok"
1166,7,0,read,ro,126655,126718,"ok"
1167,6,0,read,ro,126547,126743,"ok"
1168,6,0,read,ro,126744,126816,"ok"
1169,6,0,read,ro,126817,126878,"ok"
1170,7,0,read,ro,126718,126914,"ok"
1171,7,0,read,ro,126914,126986,"ok"
1172,7,0,read,ro,126986,127048,"ok"
1173,6,0,read,ro,126878,127072,"ok"
1174,6,0,read,ro,127072,127144,"ok"
1175,6,0,read,ro,127144,127205,"ok"
1176,7,0,read,ro,127049,127238,"ok"
1177,7,0,read,ro,127238,127309,"ok"
1178,2,0,read,ro,127434,127747,"ok"
1179,5,0,read,ro,127420,127753,"ok"
1180,2,0,read,ro,127747,127821,"ok"
1181,5,0,read,ro,127753,127838,"ok"
1182,2,0,read,ro,127821,127891,"ok"
1183,5,0,read,ro,127839,127911,"ok"
1184,2,0,read,ro,127891,128095,"ok"
1185,5,0,read,ro,127911,128116,"ok"
1186,2,0,read,ro,128095,128166,"ok"
1187,5,0,read,ro,128116,128190,"ok"
1188,2,0,read,ro,128166,128236,"ok"
1189,5,0,read,ro,128190,128262,"ok"
1190,2,0,read,ro,128236,128465,"ok"
1191,5,0,read,ro,128262,128492,"ok"
1192,2,0,read,ro,128465,128541,"ok"
1193,5,0,read,ro,128493,128572,"ok"
1194,2,0,read,ro,128541,128609,"ok"
1195,5,0,read,ro,128573,128644,"ok"
1196,2,0,read,ro,128609,128818,"ok"
1197,5,0,read,ro,128644,128854,"ok"
1198,2,0,read,ro,128818,128886,"ok"
1199,5,0,read,ro,128854,128927,"ok"
1200,2,0,read,ro,128886,128955,"ok"
1201,5,0,read,ro,128927,128999,"ok"
1202,2,0,read,ro,128955,129152,"ok"
1203,5,0,read,ro,128999,129199,"ok"
1204,2,0,read,ro,129152,129223,"ok"
1205,5,0,read,ro,129199,129273,"ok"
1206,2,0,read,ro,129223,129293,"ok"
1207,5,0,read,ro,129273,129345,"ok"
1208,2,0,read,ro,129293,129550,"ok"
1209,5,0,read,ro,129345,129569,"ok"
1210,2,0,read,ro,129550,129631,"ok"
1211,5,0,read,ro,129572,129648,"ok"
1212,2,0,read,ro,129631,129701,"ok"
1213,5,0,read,ro,129648,129719,"ok"
1214,2,0,read,ro,129701,129907,"ok"
1215,5,0,read,ro,129719,129924,"ok"
1216,2,0,read,ro,129907,129982,"ok"
1217,5,0,read,ro,129924,129999,"ok"
1218,2,0,read,ro,129983,130051,"ok"
1219,5,0,read,ro,129999,130070,"ok"
1220,2,0,read,ro,130051,130250,"ok"
1221,5,0,read,ro,130070,130272,"ok"
1222,2,0,read,ro,130250,130323,"ok"
1223,5,0,read,ro,130272,130346,"ok"
1224,2,0,read,ro,130323,130416,"ok"
1225,5,0,read,ro,130346,130441,"ok"
1226,2,0,read,ro,130416,130618,"ok"
1227,5,0,read,ro,130442,130641,"ok"
1228,2,0,read,ro,130618,130692,"ok"
1229,5,0,read,ro,130641,130715,"ok"
1230,2,0,read,ro,130692,130769,"ok"
1231,5,0,read,ro,130716,130794,"ok"
1232,2,0,read,ro,130769,130967,"ok"
1233,5,0,read,ro,130794,130999,"ok"
1234,2,0,read,ro,130967,131037,"ok"
1235,5,0,read,ro,130999,131070,"ok"
1236,2,0,read,ro,131038,131106,"ok"
1237,5,0,read,ro,131070,131140,"ok"
1238,2,0,read,ro,131107,131302,"ok"
1239,5,0,read,ro,131140,131337,"ok"
1240,0,0,read,ro,119232,131501,"ok"
1241,0,0,read,ro,131501,131582,"ok"
1242,0,0,read,ro,131586,131648,"ok"
1243,3,0,read,ro,131413,131720,"ok"
1244,3,0,read,ro,131720,131803,"ok"
1245,0,0,read,ro,131648,131855,"ok"
1246,3,0,read,ro,131803,131867,"ok"
1247,0,0,read,ro,131855,131929,"ok"
1248,0,0,read,ro,131930,131997,"ok"
1249,3,0,read,ro,131867,132076,"ok"
1250,3,0,read,ro,132077,132150,"ok"
1251,0,0,read,ro,131997,132188,"ok"
1252,3,0,read,ro,132150,132214,"ok"
1253,0,0,read,ro,132188,132261,"ok"
1254,0,0,read,ro,132261,132329,"ok"
1255,3,0,read,ro,132214,132447,"ok"
1256,3,0,read,ro,132447,132525,"ok"
1257,0,0,read,ro,132329,132571,"ok"
1258,3,0,read,ro,132525,132587,"ok"
1259,0,0,read,ro,132571,132656,"ok"
1260,0,0,read,ro,132656,132722,"ok"
1261,3,0,read,ro,132587,132800,"ok"
1262,3,0,read,ro,132800,132873,"ok"
1263,0,0,read,ro,132722,132922,"ok"
1264,3,0,read,ro,132873,132934,"ok"
1265,0,0,read,ro,132922,132997,"ok"
1266,0,0,read,ro,132997,133065,"ok"
1267,3,0,read,ro,132934,133136,"ok"
1268,3,0,read,ro,133136,133206,"ok"
1269,0,0,read,ro,133065,133253,"ok"
1270,3,0,read,ro,133206,133266,"ok"
1271,0,0,read,ro,133253,133326,"ok"
1272,0,0,read,ro,133327,133419,"ok"
1273,3,0,read,ro,133267,133491,"ok"
1274,3,0,read,ro,133495,133572,"ok"
1275,0,0,read,ro,133420,133614,"ok"
1276,3,0,read,ro,133572,133632,"ok"
1277,0,0,read,ro,133614,133689,"ok"
1278,0,0,read,ro,133689,133755,"ok"
1279,3,0,read,ro,133632,133842,"ok"
1280,3,0,read,ro,133842,133912,"ok"
1281,0,0,read,ro,133755,133958,"ok"
1282,3,0,read,ro,133913,133972,"ok"
1283,0,0,read,ro,133958,134031,"ok"
1284,0,0,read,ro,134031,134098,"ok"
1285,3,0,read,ro,133973,134170,"ok"
1286,3,0,read,ro,134171,134242,"ok"
1287,0,0,read,ro,134098,134287,"ok"
1288,3,0,read,ro,134242,134304,"ok"
1289,0,0,read,ro,134287,134360,"ok"
1290,0,0,read,ro,134360,134452,"ok"
1291,3,0,read,ro,134304,134527,"ok"
1292,3,0,read,ro,134527,134603,"ok"
1293,0,0,read,ro,134452,134643,"ok"
1294,3,0,read,ro,134603,134665,"ok"
1295,0,0,read,ro,134643,134716,"ok"
1296,0,0,read,ro,134716,134789,"ok"
1297,3,0,read,ro,134665,134872,"ok"
1298,3,0,read,ro,134872,134942,"ok"
1299,0,0,read,ro,134789,134979,"ok"
1300,3,0,read,ro,134942,135003,"ok"
1301,0,0,read,ro,134979,135053,"ok"
1302,0,0,read,ro,135053,135122,"ok"
1303,3,0,read,ro,135003,135202,"ok"
1304,3,0,read,ro,135202,135271,"ok"
1305,0,0,read,ro,135122,135313,"ok"
1306,3,0,read,ro,135271,135332,"ok"
1307,3,0,read,ro,135332,135579,"ok"
1308,1,0,read,ro,123330,135613,"ok"
1309,3,0,read,ro,135579,135651,"ok"
1310,1,0,read,ro,135614,135706,"ok"
1311,3,0,read,ro,135651,135732,"ok"
1312,1,0,read,ro,135706,135775,"ok"
1313,3,0,read,ro,135732,135932,"ok"
1314,1,0,read,ro,135776,135980,"ok"
1315,3,0,read,ro,135932,136001,"ok"
1316,1,0,read,ro,135980,136055,"ok"
1317,3,0,read,ro,136001,136071,"ok"
1318,1,0,read,ro,136055,136122,"ok"
1319,3,0,read,ro,136071,136269,"ok"
1320,1,0,read,ro,136123,136319,"ok"
1321,3,0,read,ro,136269,136338,"ok"
1322,1,0,read,ro,136319,136416,"ok"
1323,3,0,read,ro,136338,136431,"ok"
1324,1,0,read,ro,136417,136488,"ok"
1325,3,0,read,ro,136432,136631,"ok"
1326,1,0,read,ro,136489,136688,"ok"
1327,3,0,read,ro,136631,136700,"ok"
1328,1,0,read,ro,136688,136762,"ok"
1329,3,0,read,ro,136700,136775,"ok"
1330,1,0,read,ro,136762,136836,"ok"
1331,3,0,read,ro,136775,136973,"ok"
1332,1,0,read,ro,136836,137030,"ok"
1333,3,0,read,ro,136974,137042,"ok"
1334,1,0,read,ro,137030,137104,"ok"
1335,3,0,read,ro,137042,137114,"ok"
1336,1,0,read,ro,137104,137173,"ok"
1337,3,0,read,ro,137114,137311,"ok"
1338,1,0,read,ro,137173,137366,"ok"
1339,3,0,read,ro,137317,137409,"ok"
1340,1,0,read,ro,137367,137464,"ok"
1341,3,0,read,ro,137409,137480,"ok"
1342,1,0,read,ro,137464,137534,"ok"
1343,3,0,read,ro,137481,137698,"ok"
1344,1,0,read,ro,137535,137739,"ok"
1345,3,0,read,ro,137698,137776,"ok"
1346,1,0,read,ro,137740,137816,"ok"
1347,3,0,read,ro,137776,137844,"ok"
1348,1,0,read,ro,137816,137884,"ok"
1349,3,0,read,ro,137844,138043,"ok"
1350,1,0,read,ro,137884,138083,"ok"
1351,3,0,read,ro,138043,138113,"ok"
1352,1,0,read,ro,138083,138154,"ok"
1353,3,0,read,ro,138113,138182,"ok"
1354,1,0,read,ro,138154,138222,"ok"
1355,3,0,read,ro,138182,138396,"ok"
1356,1,0,read,ro,138222,138439,"ok"
1357,3,0,read,ro,138397,138472,"ok"
1358,1,0,read,ro,138439,138515,"ok"
1359,3,0,read,ro,138472,138540,"ok"
1360,1,0,read,ro,138515,138583,"ok"
1361,3,0,read,ro,138540,138755,"ok"
1362,1,0,read,ro,138583,138781,"ok"
1363,3,0,read,ro,138756,138826,"ok"
1364,1,0,read,ro,138781,138858,"ok"
1365,3,0,read,ro,138827,138894,"ok"
1366,1,0,read,ro,138859,138926,"ok"
1367,3,0,read,ro,138894,139089,"ok"
1368,1,0,read,ro,138926,139122,"ok"
1369,3,0,read,ro,139090,139159,"ok"
1370,1,0,read,ro,139122,139193,"ok"
1371,3,0,read,ro,139161,139228,"ok"
1372,1,0,read,ro,139193,139261,"ok"
1373,2,0,read,ro,131302,139428,"ok"
1374,7,0,read,ro,127312,139433,"ok"
1375,2,0,read,ro,139428,139517,"ok"
1376,7,0,read,ro,139433,139683,"ok"
1377,7,0,read,ro,139683,139759,"ok"
1378,2,0,read,ro,139517,139766,"ok"
1379,7,0,read,ro,139759,139830,"ok"
1380,2,0,read,ro,139766,139842,"ok"
1381,2,0,read,ro,139843,139914,"ok"
1382,7,0,read,ro,139830,140035,"ok"
1383,2,0,read,ro,139914,140107,"ok"
1384,7,0,read,ro,140035,140109,"ok"
1385,2,0,read,ro,140107,140184,"ok"
1386,7,0,read,ro,140109,140189,"ok"
1387,2,0,read,ro,140184,140260,"ok"
1388,7,0,read,ro,140189,140424,"ok"
1389,2,0,read,ro,140260,140483,"ok"
1390,7,0,read,ro,140425,140502,"ok"
1391,2,0,read,ro,140483,140562,"ok"
1392,7,0,read,ro,140503,140575,"ok"
1393,2,0,read,ro,140563,140634,"ok"
1394,7,0,read,ro,140576,140784,"ok"
1395,2,0,read,ro,140634,140838,"ok"
1396,7,0,read,ro,140788,140860,"ok"
1397,2,0,read,ro,140838,140911,"ok"
1398,7,0,read,ro,140860,140932,"ok"
1399,2,0,read,ro,140911,140981,"ok"
1400,7,0,read,ro,140932,141131,"ok"
1401,2,0,read,ro,140982,141176,"ok"
1402,7,0,read,ro,141132,141202,"ok"
1403,2,0,read,ro,141181,141253,"ok"
1404,7,0,read,ro,141202,141273,"ok"
1405,2,0,read,ro,141254,141323,"ok"
1406,7,0,read,ro,141273,141493,"ok"
1407,2,0,read,ro,141323,141544,"ok"
1408,7,0,read,ro,141494,141567,"ok"
1409,2,0,read,ro,141544,141619,"ok"
1410,7,0,read,ro,141567,141639,"ok"
1411,2,0,read,ro,141619,141689,"ok"
1412,7,0,read,ro,141639,141843,"ok"
1413,2,0,read,ro,141689,141888,"ok"
1414,7,0,read,ro,141843,141915,"ok"
1415,2,0,read,ro,141888,141960,"ok"
1416,7,0,read,ro,141915,141987,"ok"
1417,2,0,read,ro,141960,142029,"ok"
1418,7,0,read,ro,141987,142187,"ok"
1419,2,0,read,ro,142029,142224,"ok"
1420,7,0,read,ro,142187,142259,"ok"
1421,2,0,read,ro,142224,142294,"ok"
1422,7,0,read,ro,142259,142329,"ok"
1423,2,0,read,ro,142294,142362,"ok"
1424,7,0,read,ro,142329,142552,"ok"
1425,2,0,read,ro,142362,142582,"ok"
1426,7,0,read,ro,142552,142625,"ok"
1427,2,0,read,ro,142583,142655,"ok"
1428,7,0,read,ro,142625,142695,"ok"
1429,2,0,read,ro,142655,142724,"ok"
1430,7,0,read,ro,142696,142899,"ok"
1431,2,0,read,ro,142724,142923,"ok"
1432,7,0,read,ro,142899,142971,"ok"
1433,2,0,read,ro,142924,142995,"ok"
1434,7,0,read,ro,142971,143040,"ok"
1435,2,0,read,ro,142999,143067,"ok"
1436,7,0,read,ro,143040,143235,"ok"
1437,2,0,read,ro,143068,143264,"ok"
1438,7,0,read,ro,143235,143305,"ok"
1439,2,0,read,ro,143264,143337,"ok"
1440,4,0,read,ro,119177,143412,"ok"
1441,5,0,read,ro,131337,143467,"ok"
1442,4,0,read,ro,143413,143494,"ok"
1443,5,0,read,ro,143467,143542,"ok"
1444,4,0,read,ro,143494,143567,"ok"
1445,5,0,read,ro,143542,143774,"ok"
1446,4,0,read,ro,143567,143799,"ok"
1447,5,0,read,ro,143774,143850,"ok"
1448,4,0,read,ro,143799,143873,"ok"
1449,5,0,read,ro,143851,143921,"ok"
1450,4,0,read,ro,143873,143943,"ok"
1451,5,0,read,ro,143922,144124,"ok"
1452,4,0,read,ro,143944,144144,"ok"
1453,5,0,read,ro,144125,144197,"ok"
1454,4,0,read,ro,144144,144219,"ok"
1455,5,0,read,ro,144197,144271,"ok"
1456,4,0,read,ro,144219,144287,"ok"
1457,5,0,read,ro,144271,144495,"ok"
1458,4,0,read,ro,144287,144514,"ok"
1459,5,0,read,ro,144495,144571,"ok"
1460,4,0,read,ro,144515,144593,"ok"
1461,5,0,read,ro,144571,144641,"ok"
1462,4,0,read,ro,144593,144663,"ok"
1463,5,0,read,ro,144642,144845,"ok"
1464,4,0,read,ro,144663,144868,"ok"
1465,5,0,read,ro,144845,144919,"ok"
1466,4,0,read,ro,144869,144941,"ok"
1467,5,0,read,ro,144922,144995,"ok"
1468,4,0,read,ro,144941,145012,"ok"
1469,5,0,read,ro,144995,145196,"ok"
1470,4,0,read,ro,145012,145208,"ok"
1471,5,0,read,ro,145196,145270,"ok"
1472,4,0,read,ro,145208,145280,"ok"
1473,5,0,read,ro,145270,145341,"ok"
1474,4,0,read,ro,145280,145350,"ok"
1475,4,0,read,ro,145351,145573,"ok"
1476,5,0,read,ro,145341,145578,"ok"
1477,4,0,read,ro,145573,145642,"ok"
1478,5,0,read,ro,145579,145655,"ok"
1479,4,0,read,ro,145642,145713,"ok"
1480,5,0,read,ro,145656,145728,"ok"
1481,4,0,read,ro,145713,145916,"ok"
1482,5,0,read,ro,145728,145934,"ok"
1483,4,0,read,ro,145916,145987,"ok"
1484,5,0,read,ro,145934,146007,"ok"
1485,4,0,read,ro,145987,146057,"ok"
1486,5,0,read,ro,146007,146078,"ok"
1487,4,0,read,ro,146057,146255,"ok"
1488,5,0,read,ro,146078,146277,"ok"
1489,4,0,read,ro,146255,146326,"ok"
1490,5,0,read,ro,146277,146349,"ok"
1491,4,0,read,ro,146326,146417,"ok"
1492,5,0,read,ro,146349,146443,"ok"
1493,4,0,read,ro,146417,146618,"ok"
1494,5,0,read,ro,146443,146646,"ok"
1495,4,0,read,ro,146618,146693,"ok"
1496,5,0,read,ro,146646,146719,"ok"
1497,4,0,read,ro,146693,146767,"ok"
1498,5,0,read,ro,146719,146794,"ok"
1499,4,0,read,ro,146770,146983,"ok"
1500,5,0,read,ro,146794,146992,"ok"
1501,4,0,read,ro,146983,147059,"ok"
1502,5,0,read,ro,146993,147066,"ok"
1503,4,0,read,ro,147059,147131,"ok"
1504,5,0,read,ro,147066,147137,"ok"
1505,4,0,read,ro,147131,147331,"ok"
1506,5,0,read,ro,147137,147336,"ok"
1507,0,0,read,ro,135318,147447,"ok"
1508,3,0,read,ro,139229,147486,"ok"
1509,0,0,read,ro,147447,147517,"ok"
1510,3,0,read,ro,147486,147568,"ok"
1511,3,0,read,ro,147568,147637,"ok"
1512,0,0,read,ro,147517,147736,"ok"
1513,0,0,read,ro,147737,147813,"ok"
1514,3,0,read,ro,147637,147843,"ok"
1515,0,0,read,ro,147813,147877,"ok"
1516,3,0,read,ro,147843,147914,"ok"
1517,3,0,read,ro,147914,147983,"ok"
1518,0,0,read,ro,147877,148087,"ok"
1519,0,0,read,ro,148087,148159,"ok"
1520,3,0,read,ro,147983,148173,"ok"
1521,0,0,read,ro,148160,148224,"ok"
1522,3,0,read,ro,148173,148246,"ok"
1523,3,0,read,ro,148246,148316,"ok"
1524,0,0,read,ro,148225,148448,"ok"
1525,0,0,read,ro,148448,148524,"ok"
1526,3,0,read,ro,148316,148531,"ok"
1527,0,0,read,ro,148525,148590,"ok"
1528,3,0,read,ro,148531,148613,"ok"
1529,3,0,read,ro,148614,148681,"ok"
1530,0,0,read,ro,148590,148798,"ok"
1531,0,0,read,ro,148799,148870,"ok"
1532,3,0,read,ro,148681,148890,"ok"
1533,0,0,read,ro,148870,148931,"ok"
1534,3,0,read,ro,148890,148963,"ok"
1535,3,0,read,ro,148964,149032,"ok"
1536,3,0,read,ro,149032,149219,"ok"
1537,1,0,read,ro,139261,149244,"ok"
1538,3,0,read,ro,149219,149283,"ok"
1539,1,0,read,ro,149244,149332,"ok"
1540,3,0,read,ro,149283,149352,"ok"
1541,1,0,read,ro,149332,149431,"ok"
1542,3,0,read,ro,149352,149580,"ok"
1543,1,0,read,ro,149431,149646,"ok"
1544,3,0,read,ro,149580,149654,"ok"
1545,1,0,read,ro,149646,149722,"ok"
1546,3,0,read,ro,149655,149725,"ok"
1547,1,0,read,ro,149722,149797,"ok"
1548,3,0,read,ro,149725,149926,"ok"
1549,3,0,read,ro,149926,149994,"ok"
1550,1,0,read,ro,149797,150028,"ok"
1551,3,0,read,ro,149995,150054,"ok"
1552,1,0,read,ro,150028,150108,"ok"
1553,1,0,read,ro,150108,150175,"ok"
1554,3,0,read,ro,150055,150252,"ok"
1555,3,0,read,ro,150252,150322,"ok"
1556,1,0,read,ro,150175,150392,"ok"
1557,3,0,read,ro,150323,150404,"ok"
1558,1,0,read,ro,150392,150471,"ok"
1559,1,0,read,ro,150472,150538,"ok"
1560,3,0,read,ro,150404,150610,"ok"
1561,3,0,read,ro,150610,150682,"ok"
1562,1,0,read,ro,150538,150731,"ok"
1563,3,0,read,ro,150686,150754,"ok"
1564,1,0,read,ro,150732,150812,"ok"
1565,1,0,read,ro,150813,150879,"ok"
1566,3,0,read,ro,150754,150968,"ok"
1567,3,0,read,ro,150968,151039,"ok"
1568,0,0,read,ro,148931,151079,"ok"
1569,3,0,read,ro,151039,151100,"ok"
1570,0,0,read,ro,151079,151156,"ok"
1571,0,0,read,ro,151157,151226,"ok"
1572,3,0,read,ro,151101,151309,"ok"
1573,7,0,read,ro,143306,151452,"ok"
1574,2,0,read,ro,143337,151480,"ok"
1575,7,0,read,ro,151452,151680,"ok"
1576,2,0,read,ro,151480,151716,"ok"
1577,7,0,read,ro,151680,151752,"ok"
1578,2,0,read,ro,151716,151795,"ok"
1579,7,0,read,ro,151753,151829,"ok"
1580,2,0,read,ro,151795,151864,"ok"
1581,7,0,read,ro,151829,152038,"ok"
1582,2,0,read,ro,151864,152063,"ok"
1583,7,0,read,ro,152038,152111,"ok"
1584,2,0,read,ro,152063,152135,"ok"
1585,7,0,read,ro,152111,152181,"ok"
1586,2,0,read,ro,152136,152205,"ok"
1587,7,0,read,ro,152182,152401,"ok"
1588,2,0,read,ro,152206,152435,"ok"
1589,7,0,read,ro,152402,152477,"ok"
1590,2,0,read,ro,152436,152512,"ok"
1591,7,0,read,ro,152477,152546,"ok"
1592,2,0,read,ro,152512,152580,"ok"
1593,7,0,read,ro,152546,152745,"ok"
1594,2,0,read,ro,152580,152784,"ok"
1595,7,0,read,ro,152749,152827,"ok"
1596,2,0,read,ro,152784,152857,"ok"
1597,7,0,read,ro,152827,152894,"ok"
1598,2,0,read,ro,152857,152922,"ok"
1599,7,0,read,ro,152894,153091,"ok"
1600,2,0,read,ro,152922,153127,"ok"
1601,7,0,read,ro,153091,153162,"ok"
1602,2,0,read,ro,153127,153202,"ok"
1603,7,0,read,ro,153162,153232,"ok"
1604,2,0,read,ro,153202,153273,"ok"
1605,7,0,read,ro,153232,153453,"ok"
1606,2,0,read,ro,153273,153498,"ok"
1607,7,0,read,ro,153454,153528,"ok"
1608,2,0,read,ro,153498,153575,"ok"
1609,7,0,read,ro,153529,153599,"ok"
1610,2,0,read,ro,153576,153645,"ok"
1611,7,0,read,ro,153599,153805,"ok"
1612,2,0,read,ro,153645,153849,"ok"
1613,7,0,read,ro,153806,153876,"ok"
1614,2,0,read,ro,153849,153920,"ok"
1615,7,0,read,ro,153877,153947,"ok"
1616,2,0,read,ro,153920,153989,"ok"
1617,7,0,read,ro,153947,154147,"ok"
1618,2,0,read,ro,153989,154184,"ok"
1619,7,0,read,ro,154147,154217,"ok"
1620,2,0,read,ro,154185,154255,"ok"
1621,7,0,read,ro,154217,154287,"ok"
1622,2,0,read,ro,154256,154324,"ok"
1623,7,0,read,ro,154287,154505,"ok"
1624,2,0,read,ro,154324,154543,"ok"
1625,7,0,read,ro,154506,154579,"ok"
1626,2,0,read,ro,154544,154617,"ok"
1627,7,0,read,ro,154582,154651,"ok"
1628,2,0,read,ro,154617,154685,"ok"
1629,7,0,read,ro,154651,154852,"ok"
1630,2,0,read,ro,154685,154885,"ok"
1631,7,0,read,ro,154852,154921,"ok"
1632,2,0,read,ro,154885,154955,"ok"
1633,7,0,read,ro,154921,154990,"ok"
1634,2,0,read,ro,154955,155022,"ok"
1635,7,0,read,ro,154990,155186,"ok"
1636,2,0,read,ro,155022,155227,"ok"
1637,7,0,read,ro,155186,155256,"ok"
1638,2,0,read,ro,155228,155300,"ok"
1639,7,0,read,ro,155256,155325,"ok"
1640,6,0,read,ro,127205,155467,"ok"
1641,6,0,read,ro,155467,155545,"ok"
1642,7,0,read,ro,155325,155576,"ok"
1643,6,0,read,ro,155545,155608,"ok"
1644,7,0,read,ro,155576,155668,"ok"
1645,7,0,read,ro,155668,155736,"ok"
1646,6,0,read,ro,155608,155845,"ok"
1647,6,0,read,ro,155845,155916,"ok"
1648,7,0,read,ro,155736,155935,"ok"
1649,6,0,read,ro,155916,155978,"ok"
1650,7,0,read,ro,155936,156006,"ok"
1651,7,0,read,ro,156007,156076,"ok"
1652,6,0,read,ro,155978,156192,"ok"
1653,6,0,read,ro,156192,156265,"ok"
1654,7,0,read,ro,156076,156265,"ok"
1655,6,0,read,ro,156265,156332,"ok"
1656,7,0,read,ro,156265,156341,"ok"
1657,7,0,read,ro,156341,156439,"ok"
1658,6,0,read,ro,156333,156567,"ok"
1659,7,0,read,ro,156442,156641,"ok"
1660,6,0,read,ro,156568,156641,"ok"
1661,6,0,read,ro,156641,156708,"ok"
1662,7,0,read,ro,156641,156717,"ok"
1663,7,0,read,ro,156717,156795,"ok"
1664,6,0,read,ro,156708,156916,"ok"
1665,6,0,read,ro,156916,156986,"ok"
1666,7,0,read,ro,156795,156987,"ok"
1667,6,0,read,ro,156986,157052,"ok"
1668,7,0,read,ro,156987,157061,"ok"
1669,7,0,read,ro,157061,157131,"ok"
1670,6,0,read,ro,157052,157251,"ok"
1671,6,0,read,ro,157251,157321,"ok"
1672,7,0,read,ro,157131,157321,"ok"
1673,6,0,read,ro,157321,157408,"ok"
1674,7,0,read,ro,157322,157419,"ok"
1675,7,0,read,ro,157419,157492,"ok"
1676,6,0,read,ro,157408,157625,"ok"
1677,7,0,read,ro,157492,157685,"ok"
1678,6,0,read,ro,157626,157698,"ok"
1679,7,0,read,ro,157686,157759,"ok"
1680,6,0,read,ro,157698,157774,"ok"
1681,7,0,read,ro,157759,157831,"ok"
1682,4,0,read,ro,147331,157857,"ok"
1683,5,0,read,ro,147336,157922,"ok"
1684,4,0,read,ro,157857,157926,"ok"
1685,5,0,read,ro,157923,157996,"ok"
1686,4,0,read,ro,157926,158145,"ok"
1687,5,0,read,ro,157996,158216,"ok"
1688,4,0,read,ro,158145,158216,"ok"
1689,4,0,read,ro,158216,158284,"ok"
1690,5,0,read,ro,158216,158291,"ok"
1691,5,0,read,ro,158292,158363,"ok"
1692,4,0,read,ro,158287,158515,"ok"
1693,5,0,read,ro,158363,158587,"ok"
1694,4,0,read,ro,158515,158591,"ok"
1695,5,0,read,ro,158587,158663,"ok"
1696,4,0,read,ro,158591,158664,"ok"
1697,5,0,read,ro,158663,158736,"ok"
1698,4,0,read,ro,158664,158875,"ok"
1699,4,0,read,ro,158875,158945,"ok"
1700,5,0,read,ro,158737,158947,"ok"
1701,4,0,read,ro,158945,159010,"ok"
1702,5,0,read,ro,158947,159023,"ok"
1703,5,0,read,ro,159024,159094,"ok"
1704,4,0,read,ro,159011,159211,"ok"
1705,4,0,read,ro,159211,159281,"ok"
1706,5,0,read,ro,159094,159284,"ok"
1707,4,0,read,ro,159281,159347,"ok"
1708,5,0,read,ro,159284,159360,"ok"
1709,0,0,read,ro,151226,159490,"ok"
1710,0,0,read,ro,159490,159570,"ok"
1711,4,0,read,ro,159347,159608,"ok"
1712,0,0,read,ro,159570,159634,"ok"
1713,4,0,read,ro,159608,159683,"ok"
1714,5,0,read,ro,159361,159749,"ok"
1715,4,0,read,ro,159683,159757,"ok"
1716,2,0,read,ro,155300,159793,"ok"
1717,5,0,read,ro,159749,159980,"ok"
1718,2,0,read,ro,159793,160020,"ok"
1719,5,0,read,ro,159980,160073,"ok"
1720,2,0,read,ro,160021,160095,"ok"
1721,5,0,read,ro,160073,160144,"ok"
1722,2,0,read,ro,160095,160166,"ok"
1723,5,0,read,ro,160148,160357,"ok"
1724,2,0,read,ro,160166,160425,"ok"
1725,5,0,read,ro,160357,160456,"ok"
1726,5,0,read,ro,160456,160527,"ok"
1727,2,0,read,ro,160425,160543,"ok"
1728,2,0,read,ro,160543,160636,"ok"
1729,5,0,read,ro,160527,160725,"ok"
1730,5,0,read,ro,160726,160804,"ok"
1731,5,0,read,ro,160804,160865,"ok"
1732,2,0,read,ro,160636,160868,"ok"
1733,2,0,read,ro,160868,160948,"ok"
1734,2,0,read,ro,160948,161010,"ok"
1735,5,0,read,ro,160865,161059,"ok"
1736,5,0,read,ro,161059,161130,"ok"
1737,5,0,read,ro,161130,161192,"ok"
1738,2,0,read,ro,161010,161207,"ok"
1739,2,0,read,ro,161207,161281,"ok"
1740,2,0,read,ro,161281,161342,"ok"
1741,5,0,read,ro,161192,161415,"ok"
1742,5,0,read,ro,161416,161492,"ok"
1743,5,0,read,ro,161492,161554,"ok"
1744,2,0,read,ro,161342,161565,"ok"
1745,2,0,read,ro,161565,161642,"ok"
1746,2,0,read,ro,161643,161704,"ok"
1747,5,0,read,ro,161555,161757,"ok"
1748,5,0,read,ro,161758,161834,"ok"
1749,5,0,read,ro,161834,161896,"ok"
1750,2,0,read,ro,161704,161903,"ok"
1751,2,0,read,ro,161903,161978,"ok"
1752,2,0,read,ro,161978,162040,"ok"
1753,5,0,read,ro,161896,162090,"ok"
1754,5,0,read,ro,162092,162163,"ok"
1755,5,0,read,ro,162163,162223,"ok"
1756,2,0,read,ro,162040,162230,"ok"
1757,2,0,read,ro,162230,162305,"ok"
1758,2,0,read,ro,162305,162366,"ok"
1759,3,0,read,ro,151309,162462,"ok"
1760,5,0,read,ro,162223,162467,"ok"
1761,3,0,read,ro,162462,162536,"ok"
1762,5,0,read,ro,162467,162550,"ok"
1763,5,0,read,ro,162550,162621,"ok"
1764,3,0,read,ro,162536,162768,"ok"
1765,5,0,read,ro,162622,162827,"ok"
1766,3,0,read,ro,162768,162841,"ok"
1767,5,0,read,ro,162828,162902,"ok"
1768,3,0,read,ro,162841,162913,"ok"
1769,5,0,read,ro,162902,162973,"ok"
1770,3,0,read,ro,162913,163120,"ok"
1771,5,0,read,ro,162973,163171,"ok"
1772,3,0,read,ro,163120,163192,"ok"
1773,5,0,read,ro,163171,163244,"ok"
1774,3,0,read,ro,163192,163263,"ok"
1775,5,0,read,ro,163244,163314,"ok"
1776,3,0,read,ro,163263,163513,"ok"
1777,5,0,read,ro,163314,163571,"ok"
1778,3,0,read,ro,163513,163589,"ok"
1779,5,0,read,ro,163571,163651,"ok"
1780,3,0,read,ro,163589,163661,"ok"
1781,5,0,read,ro,163651,163721,"ok"
1782,3,0,read,ro,163661,163869,"ok"
1783,5,0,read,ro,163722,163926,"ok"
1784,3,0,read,ro,163869,163939,"ok"
1785,5,0,read,ro,163926,164000,"ok"
1786,3,0,read,ro,163939,164010,"ok"
1787,5,0,read,ro,164002,164071,"ok"
1788,3,0,read,ro,164011,164220,"ok"
1789,5,0,read,ro,164071,164266,"ok"
1790,3,0,read,ro,164220,164292,"ok"
1791,5,0,read,ro,164267,164337,"ok"
1792,3,0,read,ro,164292,164361,"ok"
1793,5,0,read,ro,164338,164432,"ok"
1794,3,0,read,ro,164361,164590,"ok"
1795,5,0,read,ro,164432,164642,"ok"
1796,3,0,read,ro,164590,164663,"ok"
1797,5,0,read,ro,164642,164716,"ok"
1798,3,0,read,ro,164664,164738,"ok"
1799,5,0,read,ro,164716,164807,"ok"
1800,15,0,read,ro,178521,178918,"ok"
1801,1,0,read,ro,178527,178918,"ok"
1802,1,0,read,ro,178919,179016,"ok"
1803,15,0,read,ro,178918,179020,"ok"
1804,1,0,read,ro,179016,179086,"ok"
1805,15,0,read,ro,179021,179105,"ok"
1806,1,0,read,ro,179086,179299,"ok"
1807,15,0,read,ro,179105,179345,"ok"
1808,0,0,read,ro,179473,179744,"ok"
1809,2,0,read,ro,179461,179757,"ok"
1810,0,0,read,ro,179744,179827,"ok"
1811,2,0,read,ro,179757,179841,"ok"
1812,0,0,read,ro,179827,179902,"ok"
1813,2,0,read,ro,179841,179913,"ok"
1814,0,0,read,ro,179902,180114,"ok"
1815,2,0,read,ro,179913,180129,"ok"
1816,0,0,read,ro,180114,180190,"ok"
1817,2,0,read,ro,180129,180206,"ok"
1818,0,0,read,ro,180190,180264,"ok"
1819,2,0,read,ro,180210,180282,"ok"
1820,0,0,read,ro,180264,180500,"ok"
1821,2,0,read,ro,180282,180516,"ok"
1822,0,0,read,ro,180500,180580,"ok"
1823,2,0,read,ro,180517,180597,"ok"
1824,0,0,read,ro,180580,180653,"ok"
1825,2,0,read,ro,180597,180669,"ok"
1826,0,0,read,ro,180653,180868,"ok"
1827,2,0,read,ro,180669,180883,"ok"
1828,0,0,read,ro,180868,180943,"ok"
1829,2,0,read,ro,180883,180958,"ok"
1830,0,0,read,ro,180943,181015,"ok"
1831,2,0,read,ro,180958,181029,"ok"
1832,0,0,read,ro,181015,181218,"ok"
1833,2,0,read,ro,181029,181234,"ok"
1834,0,0,read,ro,181219,181293,"ok"
1835,2,0,read,ro,181234,181310,"ok"
1836,0,0,read,ro,181293,181364,"ok"
1837,2,0,read,ro,181310,181404,"ok"
1838,0,0,read,ro,181364,181596,"ok"
1839,2,0,read,ro,181404,181613,"ok"
1840,0,0,read,ro,181597,181672,"ok"
1841,2,0,read,ro,181614,181690,"ok"
1842,0,0,read,ro,181672,181743,"ok"
1843,2,0,read,ro,181690,181766,"ok"
1844,0,0,read,ro,181743,181951,"ok"
1845,2,0,read,ro,181766,181969,"ok"
1846,0,0,read,ro,181951,182024,"ok"
1847,2,0,read,ro,181969,182047,"ok"
1848,0,0,read,ro,182024,182095,"ok"
1849,2,0,read,ro,182047,182116,"ok"
1850,0,0,read,ro,182095,182296,"ok"
1851,2,0,read,ro,182120,182324,"ok"
1852,0,0,read,ro,182296,182387,"ok"
1853,2,0,read,ro,182325,182424,"ok"
1854,0,0,read,ro,182387,182461,"ok"
1855,2,0,read,ro,182425,182497,"ok"
1856,0,0,read,ro,182461,182666,"ok"
1857,2,0,read,ro,182497,182710,"ok"
1858,0,0,read,ro,182666,182737,"ok"
1859,2,0,read,ro,182710,182791,"ok"
1860,0,0,read,ro,182737,182814,"ok"
1861,2,0,read,ro,182791,182861,"ok"
1862,0,0,read,ro,182814,183011,"ok"
1863,2,0,read,ro,182862,183065,"ok"
1864,0,0,read,ro,183012,183082,"ok"
1865,2,0,read,ro,183066,183140,"ok"
1866,0,0,read,ro,183083,183154,"ok"
1867,2,0,read,ro,183140,183212,"ok"
1868,0,0,read,ro,183154,183356,"ok"
1869,2,0,read,ro,183212,183474,"ok"
1870,0,0,read,ro,183356,183476,"ok"
1871,0,0,read,ro,183476,183545,"ok"
1872,2,0,read,ro,183474,183559,"ok"
1873,2,0,read,ro,183559,183631,"ok"
1874,0,0,read,ro,183545,183756,"ok"
1875,0,0,read,ro,183757,183833,"ok"
1876,2,0,read,ro,183631,183838,"ok"
1877,0,0,read,ro,183833,183899,"ok"
1878,2,0,read,ro,183838,183913,"ok"
1879,2,0,read,ro,183914,183985,"ok"
1880,0,0,read,ro,183899,184102,"ok"
1881,0,0,read,ro,184102,184174,"ok"
1882,2,0,read,ro,183985,184181,"ok"
1883,0,0,read,ro,184177,184245,"ok"
1884,2,0,read,ro,184181,184257,"ok"
1885,2,0,read,ro,184257,184330,"ok"
1886,0,0,read,ro,184245,184471,"ok"
1887,0,0,read,ro,184471,184547,"ok"
1888,2,0,read,ro,184330,184550,"ok"
1889,0,0,read,ro,184547,184612,"ok"
1890,2,0,read,ro,184551,184630,"ok"
1891,2,0,read,ro,184630,184701,"ok"
1892,0,0,read,ro,184612,184818,"ok"
1893,0,0,read,ro,184818,184890,"ok"
1894,2,0,read,ro,184701,184900,"ok"
1895,0,0,read,ro,184890,184954,"ok"
1896,2,0,read,ro,184901,184976,"ok"
1897,2,0,read,ro,184976,185047,"ok"
1898,0,0,read,ro,184954,185154,"ok"
1899,0,0,read,ro,185154,185225,"ok"
1900,2,0,read,ro,185048,185241,"ok"
1901,0,0,read,ro,185226,185288,"ok"
1902,2,0,read,ro,185242,185316,"ok"
1903,2,0,read,ro,185316,185409,"ok"
1904,0,0,read,ro,185288,185508,"ok"
1905,0,0,read,ro,185509,185584,"ok"
1906,2,0,read,ro,185410,185610,"ok"
1907,0,0,read,ro,185584,185646,"ok"
1908,2,0,read,ro,185611,185687,"ok"
1909,2,0,read,ro,185687,185763,"ok"
1910,0,0,read,ro,185647,185851,"ok"
1911,0,0,read,ro,185851,185924,"ok"
1912,2,0,read,ro,185763,185967,"ok"
1913,0,0,read,ro,185924,185986,"ok"
1914,2,0,read,ro,185967,186043,"ok"
1915,2,0,read,ro,186043,186111,"ok"
1916,0,0,read,ro,185990,186196,"ok"
1917,0,0,read,ro,186196,186267,"ok"
1918,2,0,read,ro,186111,186306,"ok"
1919,0,0,read,ro,186267,186328,"ok"
1920,2,0,read,ro,186306,186405,"ok"
1921,2,0,read,ro,186405,186476,"ok"
1922,0,0,read,ro,186328,186559,"ok"
1923,0,0,read,ro,186559,186631,"ok"
1924,2,0,read,ro,186476,186674,"ok"
1925,0,0,read,ro,186632,186692,"ok"
1926,2,0,read,ro,186675,186754,"ok"
1927,2,0,read,ro,186754,186823,"ok"
1928,0,0,read,ro,186693,186901,"ok"
1929,0,0,read,ro,186901,186972,"ok"
1930,2,0,read,ro,186823,187032,"ok"
1931,0,0,read,ro,186972,187032,"ok"
1932,2,0,read,ro,187033,187111,"ok"
1933,2,0,read,ro,187111,187173,"ok"
1934,0,0,read,ro,187033,187229,"ok"
1935,0,0,read,ro,187230,187301,"ok"
1936,0,0,read,ro,187302,187363,"ok"
1937,1,0,read,ro,179299,187423,"ok"
1938,1,0,read,ro,187423,187503,"ok"
1939,5,0,read,ro,187411,187710,"ok"
1940,1,0,read,ro,187504,187737,"ok"
1941,5,0,read,ro,187711,187792,"ok"
1942,1,0,read,ro,187737,187814,"ok"
1943,5,0,read,ro,187792,187864,"ok"
1944,1,0,read,ro,187814,187886,"ok"
1945,5,0,read,ro,187865,188075,"ok"
1946,1,0,read,ro,187887,188093,"ok"
1947,5,0,read,ro,188079,188156,"ok"
1948,1,0,read,ro,188093,188169,"ok"
1949,5,0,read,ro,188157,188228,"ok"
1950,1,0,read,ro,188170,188240,"ok"
1951,5,0,read,ro,188228,188461,"ok"
1952,1,0,read,ro,188241,188469,"ok"
1953,5,0,read,ro,188461,188542,"ok"
1954,1,0,read,ro,188469,188553,"ok"
1955,5,0,read,ro,188542,188614,"ok"
1956,1,0,read,ro,188553,188627,"ok"
1957,5,0,read,ro,188614,188827,"ok"
1958,1,0,read,ro,188627,188835,"ok"
1959,5,0,read,ro,188827,188901,"ok"
1960,1,0,read,ro,188835,188913,"ok"
1961,5,0,read,ro,188901,188972,"ok"
1962,1,0,read,ro,188914,188985,"ok"
1963,5,0,read,ro,188972,189175,"ok"
1964,1,0,read,ro,188985,189186,"ok"
1965,5,0,read,ro,189175,189250,"ok"
1966,1,0,read,ro,189186,189268,"ok"
1967,5,0,read,ro,189250,189320,"ok"
1968,1,0,read,ro,189268,189338,"ok"
1969,5,0,read,ro,189320,189549,"ok"
1970,1,0,read,ro,189338,189566,"ok"
1971,5,0,read,ro,189550,189628,"ok"
1972,1,0,read,ro,189567,189646,"ok"
1973,5,0,read,ro,189628,189698,"ok"
1974,1,0,read,ro,189646,189718,"ok"
1975,5,0,read,ro,189698,189900,"ok"
1976,1,0,read,ro,189718,189922,"ok"
1977,5,0,read,ro,189900,189975,"ok"
1978,1,0,read,ro,189923,189997,"ok"
1979,5,0,read,ro,189979,190049,"ok"
1980,1,0,read,ro,189997,190068,"ok"
1981,5,0,read,ro,190049,190246,"ok"
1982,1,0,read,ro,190068,190269,"ok"
1983,5,0,read,ro,190246,190319,"ok"
1984,1,0,read,ro,190269,190343,"ok"
1985,5,0,read,ro,190319,190411,"ok"
1986,1,0,read,ro,190344,190437,"ok"
1987,5,0,read,ro,190412,190615,"ok"
1988,1,0,read,ro,190438,190643,"ok"
1989,5,0,read,ro,190616,190687,"ok"
1990,1,0,read,ro,190643,190718,"ok"
1991,5,0,read,ro,190688,190760,"ok"
1992,1,0,read,ro,190718,190794,"ok"
1993,5,0,read,ro,190760,190961,"ok"
1994,1,0,read,ro,190794,190995,"ok"
1995,5,0,read,ro,190962,191031,"ok"
1996,1,0,read,ro,190995,191067,"ok"
1997,5,0,read,ro,191032,191101,"ok"
1998,1,0,read,ro,191067,191137,"ok"
1999,5,0,read,ro,191101,191297,"ok"
2000,1,0,read,ro,191137,191336,"ok"
2001,1,0,read,ro,191336,191467,"ok"
2002,1,0,read,ro,191467,191541,"ok"
2003,12,0,read,ro,191416,191700,"ok"
2004,1,0,read,ro,191542,191747,"ok"
2005,12,0,read,ro,191700,191779,"ok"
2006,1,0,read,ro,191747,191851,"ok"
2007,12,0,read,ro,191779,191859,"ok"
2008,1,0,read,ro,191852,191953,"ok"
2009,12,0,read,ro,191859,192071,"ok"
2010,12,0,read,ro,192073,192148,"ok"
2011,1,0,read,ro,191953,192207,"ok"
2012,12,0,read,ro,192148,192213,"ok"
2013,1,0,read,ro,192207,192289,"ok"
2014,1,0,read,ro,192289,192357,"ok"
2015,12,0,read,ro,192213,192447,"ok"
2016,12,0,read,ro,192448,192526,"ok"
2017,1,0,read,ro,192358,192591,"ok"
2018,12,0,read,ro,192526,192591,"ok"
2019,1,0,read,ro,192591,192671,"ok"
2020,1,0,read,ro,192671,192740,"ok"
2021,12,0,read,ro,192591,192805,"ok"
2022,12,0,read,ro,192805,192880,"ok"
2023,1,0,read,ro,192740,192935,"ok"
2024,12,0,read,ro,192880,192944,"ok"
2025,1,0,read,ro,192935,193012,"ok"
2026,1,0,read,ro,193012,193082,"ok"
2027,12,0,read,ro,192944,193148,"ok"
2028,12,0,read,ro,193148,193219,"ok"
2029,1,0,read,ro,193082,193277,"ok"
2030,12,0,read,ro,193219,193282,"ok"
2031,1,0,read,ro,193277,193354,"ok"
2032,1,0,read,ro,193355,193448,"ok"
2033,12,0,read,ro,193282,193507,"ok"
2034,12,0,read,ro,193507,193584,"ok"
2035,1,0,read,ro,193448,193644,"ok"
2036,12,0,read,ro,193584,193647,"ok"
2037,1,0,read,ro,193644,193725,"ok"
2038,1,0,read,ro,193725,193795,"ok"
2039,12,0,read,ro,193647,193858,"ok"
2040,12,0,read,ro,193858,193933,"ok"
2041,1,0,read,ro,193795,193986,"ok"
2042,12,0,read,ro,193933,193994,"ok"
2043,1,0,read,ro,193987,194064,"ok"
2044,1,0,read,ro,194064,194133,"ok"
2045,12,0,read,ro,193994,194197,"ok"
2046,12,0,read,ro,194198,194269,"ok"
2047,1,0,read,ro,194133,194330,"ok"
2048,12,0,read,ro,194269,194331,"ok"
2049,1,0,read,ro,194331,194431,"ok"
2050,1,0,read,ro,194432,194501,"ok"
2051,12,0,read,ro,194338,194577,"ok"
2052,12,0,read,ro,194577,194651,"ok"
2053,1,0,read,ro,194501,194701,"ok"
2054,12,0,read,ro,194651,194716,"ok"
2055,1,0,read,ro,194702,194782,"ok"
2056,1,0,read,ro,194783,194851,"ok"
2057,12,0,read,ro,194716,194928,"ok"
2058,12,0,read,ro,194928,195000,"ok"
2059,1,0,read,ro,194851,195044,"ok"
2060,12,0,read,ro,195000,195063,"ok"
2061,1,0,read,ro,195044,195119,"ok"
2062,1,0,read,ro,195119,195188,"ok"
2063,12,0,read,ro,195064,195262,"ok"
2064,12,0,read,ro,195262,195334,"ok"
2065,2,0,read,ro,187173,195416,"ok"
2066,2,0,read,ro,195416,195506,"ok"
2067,2,0,read,ro,195506,195575,"ok"
2068,6,0,read,ro,195414,195758,"ok"
2069,2,0,read,ro,195576,195817,"ok"
2070,6,0,read,ro,195758,195837,"ok"
2071,2,0,read,ro,195817,195892,"ok"
2072,6,0,read,ro,195837,195909,"ok"
2073,2,0,read,ro,195892,195963,"ok"
2074,6,0,read,ro,195909,196121,"ok"
2075,2,0,read,ro,195967,196170,"ok"
2076,6,0,read,ro,196121,196192,"ok"
2077,2,0,read,ro,196170,196242,"ok"
2078,6,0,read,ro,196192,196263,"ok"
2079,2,0,read,ro,196242,196312,"ok"
2080,6,0,read,ro,196263,196497,"ok"
2081,2,0,read,ro,196312,196542,"ok"
2082,6,0,read,ro,196497,196571,"ok"
2083,2,0,read,ro,196542,196619,"ok"
2084,6,0,read,ro,196571,196641,"ok"
2085,2,0,read,ro,196619,196689,"ok"
2086,6,0,read,ro,196641,196855,"ok"
2087,6,0,read,ro,196855,196926,"ok"
2088,2,0,read,ro,196689,196970,"ok"
2089,6,0,read,ro,196926,196990,"ok"
2090,2,0,read,ro,196970,197060,"ok"
2091,2,0,read,ro,197060,197126,"ok"
2092,6,0,read,ro,196990,197199,"ok"
2093,6,0,read,ro,197199,197271,"ok"
2094,2,0,read,ro,197126,197326,"ok"
2095,6,0,read,ro,197271,197333,"ok"
2096,2,0,read,ro,197326,197430,"ok"
2097,2,0,read,ro,197430,197500,"ok"
2098,6,0,read,ro,197333,197568,"ok"
2099,6,0,read,ro,197568,197642,"ok"
2100,2,0,read,ro,197500,197701,"ok"
2101,6,0,read,ro,197642,197703,"ok"
2102,2,0,read,ro,197701,197784,"ok"
2103,2,0,read,ro,197784,197850,"ok"
2104,6,0,read,ro,197704,197909,"ok"
2105,6,0,read,ro,197909,197983,"ok"
2106,2,0,read,ro,197850,198046,"ok"
2107,6,0,read,ro,197987,198048,"ok"
2108,2,0,read,ro,198046,198123,"ok"
2109,2,0,read,ro,198123,198184,"ok"
2110,6,0,read,ro,198048,198244,"ok"
2111,6,0,read,ro,198245,198317,"ok"
2112,2,0,read,ro,198184,198397,"ok"
2113,6,0,read,ro,198317,198400,"ok"
2114,2,0,read,ro,198397,198479,"ok"
2115,2,0,read,ro,198479,198547,"ok"
2116,6,0,read,ro,198400,198611,"ok"
2117,6,0,read,ro,198611,198684,"ok"
2118,6,0,read,ro,198684,198745,"ok"
2119,2,0,read,ro,198547,198750,"ok"
2120,2,0,read,ro,198750,198826,"ok"
2121,2,0,read,ro,198827,198887,"ok"
2122,6,0,read,ro,198745,198945,"ok"
2123,6,0,read,ro,198946,199018,"ok"
2124,6,0,read,ro,199018,199079,"ok"
2125,2,0,read,ro,198887,199082,"ok"
2126,2,0,read,ro,199082,199159,"ok"
2127,2,0,read,ro,199159,199221,"ok"
2128,6,0,read,ro,199079,199274,"ok"
2129,6,0,read,ro,199274,199347,"ok"
2130,2,0,read,ro,199221,199467,"ok"
2131,2,0,read,ro,199468,199549,"ok"
2132,2,0,read,ro,199549,199610,"ok"
2133,11,0,read,ro,199407,199747,"ok"
2134,2,0,read,ro,199610,199813,"ok"
2135,11,0,read,ro,199747,199833,"ok"
2136,2,0,read,ro,199813,199887,"ok"
2137,11,0,read,ro,199834,199909,"ok"
2138,2,0,read,ro,199887,199957,"ok"
2139,11,0,read,ro,199911,200122,"ok"
2140,2,0,read,ro,199957,200162,"ok"
2141,11,0,read,ro,200122,200197,"ok"
2142,2,0,read,ro,200162,200234,"ok"
2143,11,0,read,ro,200197,200270,"ok"
2144,2,0,read,ro,200234,200303,"ok"
2145,11,0,read,ro,200270,200504,"ok"
2146,2,0,read,ro,200303,200531,"ok"
2147,11,0,read,ro,200504,200584,"ok"
2148,2,0,read,ro,200531,200609,"ok"
2149,11,0,read,ro,200584,200657,"ok"
2150,2,0,read,ro,200609,200679,"ok"
2151,11,0,read,ro,200657,200866,"ok"
2152,2,0,read,ro,200679,200892,"ok"
2153,11,0,read,ro,200866,200939,"ok"
2154,2,0,read,ro,200892,200965,"ok"
2155,11,0,read,ro,200939,201012,"ok"
2156,2,0,read,ro,200965,201034,"ok"
2157,11,0,read,ro,201012,201211,"ok"
2158,2,0,read,ro,201034,201236,"ok"
2159,11,0,read,ro,201212,201284,"ok"
2160,2,0,read,ro,201236,201308,"ok"
2161,11,0,read,ro,201284,201356,"ok"
2162,2,0,read,ro,201308,201400,"ok"
2163,11,0,read,ro,201356,201581,"ok"
2164,2,0,read,ro,201400,201608,"ok"
2165,11,0,read,ro,201581,201654,"ok"
2166,2,0,read,ro,201608,201682,"ok"
2167,11,0,read,ro,201654,201725,"ok"
2168,2,0,read,ro,201682,201756,"ok"
2169,11,0,read,ro,201725,201945,"ok"
2170,2,0,read,ro,201757,201968,"ok"
2171,11,0,read,ro,201955,202032,"ok"
2172,2,0,read,ro,201968,202041,"ok"
2173,11,0,read,ro,202032,202103,"ok"
2174,2,0,read,ro,202041,202111,"ok"
2175,1,0,read,ro,195188,202180,"ok"
2176,1,0,read,ro,202180,202254,"ok"
2177,11,0,read,ro,202103,202301,"ok"
2178,1,0,read,ro,202254,202315,"ok"
2179,11,0,read,ro,202301,202398,"ok"
2180,11,0,read,ro,202399,202473,"ok"
2181,1,0,read,ro,202316,202557,"ok"
2182,1,0,read,ro,202557,202633,"ok"
2183,11,0,read,ro,202474,202672,"ok"
2184,1,0,read,ro,202633,202695,"ok"
2185,11,0,read,ro,202672,202747,"ok"
2186,11,0,read,ro,202747,202822,"ok"
2187,1,0,read,ro,202695,202904,"ok"
2188,1,0,read,ro,202904,202977,"ok"
2189,11,0,read,ro,202822,203016,"ok"
2190,1,0,read,ro,202977,203035,"ok"
2191,11,0,read,ro,203016,203089,"ok"
2192,11,0,read,ro,203090,203160,"ok"
2193,1,0,read,ro,203036,203238,"ok"
2194,1,0,read,ro,203238,203309,"ok"
2195,11,0,read,ro,203160,203349,"ok"
2196,3,0,read,ro,203417,203727,"ok"
2197,9,0,read,ro,203409,203752,"ok"
2198,3,0,read,ro,203727,203809,"ok"
2199,9,0,read,ro,203752,203837,"ok"
2200,3,0,read,ro,203809,203881,"ok"
2201,9,0,read,ro,203837,203910,"ok"
2202,3,0,read,ro,203881,204091,"ok"
2203,9,0,read,ro,203912,204119,"ok"
2204,3,0,read,ro,204091,204166,"ok"
2205,9,0,read,ro,204119,204195,"ok"
2206,3,0,read,ro,204167,204238,"ok"
2207,9,0,read,ro,204195,204267,"ok"
2208,3,0,read,ro,204238,204470,"ok"
2209,9,0,read,ro,204267,204504,"ok"
2210,3,0,read,ro,204471,204550,"ok"
2211,9,0,read,ro,204504,204585,"ok"
2212,3,0,read,ro,204550,204621,"ok"
2213,9,0,read,ro,204586,204657,"ok"
2214,3,0,read,ro,204621,204829,"ok"
2215,9,0,read,ro,204657,204863,"ok"
2216,3,0,read,ro,204829,204902,"ok"
2217,9,0,read,ro,204863,204938,"ok"
2218,3,0,read,ro,204903,204974,"ok"
2219,9,0,read,ro,204938,205009,"ok"
2220,3,0,read,ro,204974,205174,"ok"
2221,9,0,read,ro,205009,205210,"ok"
2222,3,0,read,ro,205174,205249,"ok"
2223,9,0,read,ro,205211,205286,"ok"
2224,3,0,read,ro,205249,205319,"ok"
2225,9,0,read,ro,205286,205359,"ok"
2226,3,0,read,ro,205319,205548,"ok"
2227,9,0,read,ro,205359,205587,"ok"
2228,3,0,read,ro,205548,205625,"ok"
2229,9,0,read,ro,205587,205664,"ok"
2230,3,0,read,ro,205625,205695,"ok"
2231,9,0,read,ro,205664,205737,"ok"
2232,3,0,read,ro,205695,205900,"ok"
2233,9,0,read,ro,205737,205939,"ok"
2234,3,0,read,ro,205900,205974,"ok"
2235,9,0,read,ro,205942,206015,"ok"
2236,3,0,read,ro,205974,206045,"ok"
2237,9,0,read,ro,206015,206088,"ok"
2238,3,0,read,ro,206045,206246,"ok"
2239,9,0,read,ro,206088,206284,"ok"
2240,3,0,read,ro,206247,206323,"ok"
2241,9,0,read,ro,206284,206357,"ok"
2242,3,0,read,ro,206323,206418,"ok"
2243,9,0,read,ro,206357,206455,"ok"
2244,3,0,read,ro,206418,206626,"ok"
2245,9,0,read,ro,206455,206667,"ok"
2246,3,0,read,ro,206626,206701,"ok"
2247,9,0,read,ro,206667,206741,"ok"
2248,3,0,read,ro,206701,206777,"ok"
2249,9,0,read,ro,206742,206818,"ok"
2250,3,0,read,ro,206777,206980,"ok"
2251,9,0,read,ro,206818,207017,"ok"
2252,3,0,read,ro,206980,207052,"ok"
2253,9,0,read,ro,207018,207090,"ok"
2254,3,0,read,ro,207052,207122,"ok"
2255,9,0,read,ro,207090,207161,"ok"
2256,3,0,read,ro,207122,207323,"ok"
2257,9,0,read,ro,207161,207359,"ok"
2258,13,0,read,ro,207426,207695,"ok"
2259,7,0,read,ro,207441,207749,"ok"
2260,13,0,read,ro,207695,207779,"ok"
2261,7,0,read,ro,207749,207829,"ok"
2262,13,0,read,ro,207780,207861,"ok"
2263,7,0,read,ro,207829,207899,"ok"
2264,13,0,read,ro,207861,208063,"ok"
2265,7,0,read,ro,207899,208102,"ok"
2266,13,0,read,ro,208063,208144,"ok"
2267,7,0,read,ro,208106,208181,"ok"
2268,13,0,read,ro,208144,208218,"ok"
2269,7,0,read,ro,208182,208250,"ok"
2270,13,0,read,ro,208219,208439,"ok"
2271,7,0,read,ro,208250,208479,"ok"
2272,13,0,read,ro,208439,208527,"ok"
2273,7,0,read,ro,208479,208557,"ok"
2274,13,0,read,ro,208528,208601,"ok"
2275,7,0,read,ro,208558,208628,"ok"
2276,13,0,read,ro,208601,208805,"ok"
2277,7,0,read,ro,208628,208837,"ok"
2278,13,0,read,ro,208805,208885,"ok"
2279,7,0,read,ro,208838,208912,"ok"
2280,13,0,read,ro,208885,208957,"ok"
2281,7,0,read,ro,208912,208984,"ok"
2282,13,0,read,ro,208957,209151,"ok"
2283,7,0,read,ro,208984,209184,"ok"
2284,13,0,read,ro,209151,209231,"ok"
2285,7,0,read,ro,209184,209259,"ok"
2286,13,0,read,ro,209232,209303,"ok"
2287,7,0,read,ro,209259,209329,"ok"
2288,13,0,read,ro,209304,209521,"ok"
2289,7,0,read,ro,209329,209553,"ok"
2290,13,0,read,ro,209521,209606,"ok"
2291,7,0,read,ro,209554,209630,"ok"
2292,13,0,read,ro,209606,209679,"ok"
2293,7,0,read,ro,209630,209701,"ok"
2294,13,0,read,ro,209680,209878,"ok"
2295,7,0,read,ro,209701,209905,"ok"
2296,13,0,read,ro,209878,209959,"ok"
2297,7,0,read,ro,209905,209982,"ok"
2298,13,0,read,ro,209959,210031,"ok"
2299,7,0,read,ro,209986,210055,"ok"
2300,13,0,read,ro,210031,210224,"ok"
2301,7,0,read,ro,210055,210252,"ok"
2302,13,0,read,ro,210224,210304,"ok"
2303,7,0,read,ro,210253,210328,"ok"
2304,13,0,read,ro,210304,210397,"ok"
2305,7,0,read,ro,210328,210427,"ok"
2306,13,0,read,ro,210398,210597,"ok"
2307,7,0,read,ro,210427,210655,"ok"
2308,13,0,read,ro,210597,210675,"ok"
2309,13,0,read,ro,210676,210754,"ok"
2310,7,0,read,ro,210655,210782,"ok"
2311,7,0,read,ro,210783,210859,"ok"
2312,13,0,read,ro,210754,210945,"ok"
2313,13,0,read,ro,210945,211025,"ok"
2314,13,0,read,ro,211025,211086,"ok"
2315,7,0,read,ro,210859,211093,"ok"
2316,7,0,read,ro,211093,211170,"ok"
2317,7,0,read,ro,211170,211238,"ok"
2318,13,0,read,ro,211086,211276,"ok"
2319,13,0,read,ro,211276,211357,"ok"
2320,12,0,read,ro,195334,211456,"ok"
2321,7,0,read,ro,211238,211554,"ok"
2322,7,0,read,ro,211554,211675,"ok"
2323,12,0,read,ro,211456,211695,"ok"
2324,12,0,read,ro,211695,211775,"ok"
2325,7,0,read,ro,211675,211778,"ok"
2326,12,0,read,ro,211775,211849,"ok"
2327,12,0,read,ro,211849,212064,"ok"
2328,7,0,read,ro,211778,212130,"ok"
2329,12,0,read,ro,212064,212131,"ok"
2330,12,0,read,ro,212133,212202,"ok"
2331,7,0,read,ro,212130,212245,"ok"
2332,7,0,read,ro,212246,212350,"ok"
2333,12,0,read,ro,212202,212427,"ok"
2334,12,0,read,ro,212427,212504,"ok"
2335,12,0,read,ro,212504,212567,"ok"
2336,7,0,read,ro,212351,212720,"ok"
2337,12,0,read,ro,212567,212764,"ok"
2338,12,0,read,ro,212764,212843,"ok"
2339,7,0,read,ro,212721,212852,"ok"
2340,12,0,read,ro,212843,212907,"ok"
2341,7,0,read,ro,212852,212970,"ok"
2342,12,0,read,ro,212908,213105,"ok"
2343,12,0,read,ro,213106,213175,"ok"
2344,12,0,read,ro,213175,213237,"ok"
2345,7,0,read,ro,212970,213314,"ok"
2346,12,0,read,ro,213237,213449,"ok"
2347,7,0,read,ro,213314,213466,"ok"
2348,12,0,read,ro,213449,213528,"ok"
2349,7,0,read,ro,213467,213579,"ok"
2350,12,0,read,ro,213528,213596,"ok"
2351,12,0,read,ro,213596,213810,"ok"
2352,12,0,read,ro,213811,213877,"ok"
2353,12,0,read,ro,213877,213938,"ok"
2354,7,0,read,ro,213579,213939,"ok"
2355,7,0,read,ro,213939,214074,"ok"
2356,12,0,read,ro,213938,214130,"ok"
2357,7,0,read,ro,214075,214185,"ok"
2358,12,0,read,ro,214131,214200,"ok"
2359,12,0,read,ro,214201,214271,"ok"
2360,12,0,read,ro,214271,214488,"ok"
2361,12,0,read,ro,214488,214558,"ok"
2362,7,0,read,ro,214186,214581,"ok"
2363,12,0,read,ro,214561,214623,"ok"
2364,7,0,read,ro,214581,214715,"ok"
2365,12,0,read,ro,214623,214827,"ok"
2366,7,0,read,ro,214715,214830,"ok"
2367,12,0,read,ro,214827,214899,"ok"
2368,12,0,read,ro,214900,214967,"ok"
2369,7,0,read,ro,214830,215088,"ok"
2370,12,0,read,ro,214967,215156,"ok"
2371,7,0,read,ro,215089,215167,"ok"
2372,12,0,read,ro,215156,215229,"ok"
2373,7,0,read,ro,215167,215241,"ok"
2374,12,0,read,ro,215229,215300,"ok"
2375,3,0,read,ro,207323,215455,"ok"
2376,6,0,read,ro,199347,215484,"ok"
2377,3,0,read,ro,215455,215535,"ok"
2378,6,0,read,ro,215484,215767,"ok"
2379,3,0,read,ro,215535,215806,"ok"
2380,6,0,read,ro,215768,215846,"ok"
2381,3,0,read,ro,215806,215882,"ok"
2382,6,0,read,ro,215846,215917,"ok"
2383,3,0,read,ro,215882,215952,"ok"
2384,6,0,read,ro,215917,216124,"ok"
2385,3,0,read,ro,215952,216155,"ok"
2386,6,0,read,ro,216124,216195,"ok"
2387,3,0,read,ro,216155,216228,"ok"
2388,6,0,read,ro,216195,216266,"ok"
2389,3,0,read,ro,216228,216302,"ok"
2390,6,0,read,ro,216266,216494,"ok"
2391,3,0,read,ro,216302,216526,"ok"
2392,6,0,read,ro,216494,216569,"ok"
2393,3,0,read,ro,216527,216605,"ok"
2394,6,0,read,ro,216569,216637,"ok"
2395,3,0,read,ro,216610,216681,"ok"
2396,6,0,read,ro,216637,216843,"ok"
2397,6,0,read,ro,216844,216912,"ok"
2398,3,0,read,ro,216681,216938,"ok"
2399,6,0,read,ro,216912,216974,"ok"
2400,3,0,read,ro,216938,217022,"ok"
2401,3,0,read,ro,217022,217093,"ok"
2402,6,0,read,ro,216974,217172,"ok"
2403,6,0,read,ro,217172,217243,"ok"
2404,3,0,read,ro,217093,217291,"ok"
2405,6,0,read,ro,217243,217303,"ok"
2406,3,0,read,ro,217292,217368,"ok"
2407,3,0,read,ro,217368,217462,"ok"
2408,6,0,read,ro,217303,217530,"ok"
2409,6,0,read,ro,217530,217607,"ok"
2410,3,0,read,ro,217462,217660,"ok"
2411,6,0,read,ro,217607,217668,"ok"
2412,3,0,read,ro,217660,217743,"ok"
2413,3,0,read,ro,217743,217811,"ok"
2414,6,0,read,ro,217668,217877,"ok"
2415,6,0,read,ro,217877,217950,"ok"
2416,3,0,read,ro,217811,218004,"ok"
2417,6,0,read,ro,217950,218012,"ok"
2418,3,0,read,ro,218004,218081,"ok"
2419,3,0,read,ro,218081,218149,"ok"
2420,6,0,read,ro,218012,218215,"ok"
2421,6,0,read,ro,218216,218288,"ok"
2422,3,0,read,ro,218150,218344,"ok"
2423,6,0,read,ro,218288,218348,"ok"
2424,3,0,read,ro,218344,218448,"ok"
2425,3,0,read,ro,218448,218518,"ok"
2426,6,0,read,ro,218349,218590,"ok"
2427,6,0,read,ro,218590,218663,"ok"
2428,3,0,read,ro,218522,218719,"ok"
2429,6,0,read,ro,218664,218724,"ok"
2430,3,0,read,ro,218719,218801,"ok"
2431,3,0,read,ro,218802,218863,"ok"
2432,6,0,read,ro,218724,218923,"ok"
2433,6,0,read,ro,218924,218996,"ok"
2434,6,0,read,ro,218997,219057,"ok"
2435,3,0,read,ro,218863,219064,"ok"
2436,3,0,read,ro,219064,219140,"ok"
2437,3,0,read,ro,219140,219202,"ok"
2438,6,0,read,ro,219057,219268,"ok"
2439,6,0,read,ro,219268,219342,"ok"
2440,13,0,read,ro,211357,219482,"ok"
2441,4,0,read,ro,219418,219717,"ok"
2442,13,0,read,ro,219482,219719,"ok"
2443,4,0,read,ro,219717,219803,"ok"
2444,13,0,read,ro,219720,219814,"ok"
2445,4,0,read,ro,219804,219877,"ok"
2446,13,0,read,ro,219814,219889,"ok"
2447,4,0,read,ro,219877,220089,"ok"
2448,13,0,read,ro,219889,220089,"ok"
2449,4,0,read,ro,220089,220166,"ok"
2450,13,0,read,ro,220089,220176,"ok"
2451,4,0,read,ro,220166,220240,"ok"
2452,13,0,read,ro,220176,220253,"ok"
2453,13,0,read,ro,220253,220475,"ok"
2454,4,0,read,ro,220240,220476,"ok"
2455,4,0,read,ro,220476,220558,"ok"
2456,13,0,read,ro,220476,220565,"ok"
2457,4,0,read,ro,220558,220632,"ok"
2458,13,0,read,ro,220565,220638,"ok"
2459,13,0,read,ro,220639,220846,"ok"
2460,4,0,read,ro,220636,220900,"ok"
2461,13,0,read,ro,220847,220921,"ok"
2462,4,0,read,ro,220900,220986,"ok"
2463,13,0,read,ro,220921,220995,"ok"
2464,4,0,read,ro,220986,221058,"ok"
2465,13,0,read,ro,220995,221184,"ok"
2466,4,0,read,ro,221058,221260,"ok"
2467,13,0,read,ro,221185,221268,"ok"
2468,4,0,read,ro,221260,221337,"ok"
2469,13,0,read,ro,221268,221342,"ok"
2470,4,0,read,ro,221337,221433,"ok"
2471,13,0,read,ro,221342,221557,"ok"
2472,13,0,read,ro,221557,221643,"ok"
2473,4,0,read,ro,221433,221646,"ok"
2474,13,0,read,ro,221643,221709,"ok"
2475,4,0,read,ro,221646,221725,"ok"
2476,4,0,read,ro,221726,221803,"ok"
2477,13,0,read,ro,221710,221913,"ok"
2478,13,0,read,ro,221913,221992,"ok"
2479,4,0,read,ro,221803,221995,"ok"
2480,13,0,read,ro,221992,222058,"ok"
2481,4,0,read,ro,221995,222073,"ok"
2482,4,0,read,ro,222073,222143,"ok"
2483,13,0,read,ro,222058,222254,"ok"
2484,13,0,read,ro,222254,222331,"ok"
2485,4,0,read,ro,222144,222333,"ok"
2486,13,0,read,ro,222331,222421,"ok"
2487,4,0,read,ro,222333,222435,"ok"
2488,4,0,read,ro,222435,222507,"ok"
2489,13,0,read,ro,222421,222620,"ok"
2490,13,0,read,ro,222624,222702,"ok"
2491,4,0,read,ro,222507,222704,"ok"
2492,13,0,read,ro,222703,222768,"ok"
2493,4,0,read,ro,222704,222786,"ok"
2494,4,0,read,ro,222787,222858,"ok"
2495,13,0,read,ro,222768,222971,"ok"
2496,13,0,read,ro,222971,223048,"ok"
2497,4,0,read,ro,222858,223049,"ok"
2498,13,0,read,ro,223048,223114,"ok"
2499,4,0,read,ro,223050,223127,"ok"
2500,4,0,read,ro,223128,223199,"ok"
2501,13,0,read,ro,223114,223310,"ok"
2502,5,0,read,ro,191297,223416,"ok"
2503,5,0,read,ro,223416,223520,"ok"
2504,8,0,read,ro,223412,223767,"ok"
2505,5,0,read,ro,223521,223770,"ok"
2506,8,0,read,ro,223767,223849,"ok"
2507,5,0,read,ro,223770,223853,"ok"
2508,8,0,read,ro,223849,223926,"ok"
2509,5,0,read,ro,223853,223927,"ok"
2510,5,0,read,ro,223927,224131,"ok"
2511,8,0,read,ro,223926,224141,"ok"
2512,5,0,read,ro,224131,224206,"ok"
2513,8,0,read,ro,224141,224219,"ok"
2514,5,0,read,ro,224206,224280,"ok"
2515,8,0,read,ro,224219,224292,"ok"
2516,5,0,read,ro,224280,224513,"ok"
2517,8,0,read,ro,224292,224531,"ok"
2518,5,0,read,ro,224513,224590,"ok"
2519,8,0,read,ro,224531,224614,"ok"
2520,5,0,read,ro,224591,224661,"ok"
2521,8,0,read,ro,224614,224687,"ok"
2522,5,0,read,ro,224661,224866,"ok"
2523,5,0,read,ro,224866,224934,"ok"
2524,8,0,read,ro,224689,224972,"ok"
2525,5,0,read,ro,224934,224995,"ok"
2526,8,0,read,ro,224972,225060,"ok"
2527,8,0,read,ro,225060,225130,"ok"
2528,5,0,read,ro,224995,225194,"ok"
2529,5,0,read,ro,225194,225265,"ok"
2530,5,0,read,ro,225265,225326,"ok"
2531,8,0,read,ro,225130,225328,"ok"
2532,8,0,read,ro,225328,225433,"ok"
2533,8,0,read,ro,225433,225499,"ok"
2534,5,0,read,ro,225326,225548,"ok"
2535,5,0,read,ro,225549,225626,"ok"
2536,5,0,read,ro,225626,225688,"ok"
2537,8,0,read,ro,225499,225695,"ok"
2538,8,0,read,ro,225695,225777,"ok"
2539,8,0,read,ro,225777,225840,"ok"
2540,5,0,read,ro,225688,225889,"ok"
2541,5,0,read,ro,225889,225962,"ok"
2542,5,0,read,ro,225962,226024,"ok"
2543,8,0,read,ro,225840,226029,"ok"
2544,8,0,read,ro,226029,226106,"ok"
2545,8,0,read,ro,226106,226170,"ok"
2546,5,0,read,ro,226024,226219,"ok"
2547,5,0,read,ro,226219,226291,"ok"
2548,5,0,read,ro,226292,226352,"ok"
2549,8,0,read,ro,226170,226368,"ok"
2550,8,0,read,ro,226368,226469,"ok"
2551,8,0,read,ro,226469,226532,"ok"
2552,5,0,read,ro,226352,226574,"ok"
2553,5,0,read,ro,226574,226648,"ok"
2554,5,0,read,ro,226652,226713,"ok"
2555,8,0,read,ro,226532,226727,"ok"
2556,8,0,read,ro,226727,226809,"ok"
2557,8,0,read,ro,226810,226875,"ok"
2558,5,0,read,ro,226713,226912,"ok"
2559,5,0,read,ro,226912,226984,"ok"
2560,5,0,read,ro,226984,227045,"ok"
2561,8,0,read,ro,226875,227077,"ok"
2562,8,0,read,ro,227077,227152,"ok"
2563,8,0,read,ro,227152,227220,"ok"
2564,5,0,read,ro,227045,227236,"ok"
2565,5,0,read,ro,227236,227310,"ok"
2566,11,0,read,ro,203349,227485,"ok"
2567,11,0,read,ro,227486,227560,"ok"
2568,10,0,read,ro,227423,227772,"ok"
2569,11,0,read,ro,227560,227798,"ok"
2570,10,0,read,ro,227773,227852,"ok"
2571,11,0,read,ro,227798,227874,"ok"
2572,10,0,read,ro,227853,227926,"ok"
2573,11,0,read,ro,227874,227947,"ok"
2574,10,0,read,ro,227926,228136,"ok"
2575,11,0,read,ro,227947,228152,"ok"
2576,10,0,read,ro,228136,228213,"ok"
2577,11,0,read,ro,228152,228227,"ok"
2578,10,0,read,ro,228213,228286,"ok"
2579,11,0,read,ro,228227,228302,"ok"
2580,10,0,read,ro,228286,228520,"ok"
2581,11,0,read,ro,228302,228530,"ok"
2582,10,0,read,ro,228521,228603,"ok"
2583,11,0,read,ro,228531,228611,"ok"
2584,10,0,read,ro,228604,228678,"ok"
2585,11,0,read,ro,228611,228684,"ok"
2586,10,0,read,ro,228679,228891,"ok"
2587,11,0,read,ro,228688,228898,"ok"
2588,10,0,read,ro,228892,228967,"ok"
2589,10,0,read,ro,228968,229033,"ok"
2590,10,0,read,ro,229033,229221,"ok"
2591,11,0,read,ro,228898,229255,"ok"
2592,10,0,read,ro,229222,229293,"ok"
2593,11,0,read,ro,229255,229332,"ok"
2594,10,0,read,ro,229293,229366,"ok"
2595,11,0,read,ro,229333,229593,"ok"
2596,10,0,read,ro,229366,229607,"ok"
2597,11,0,read,ro,229593,229671,"ok"
2598,10,0,read,ro,229607,229686,"ok"
2599,11,0,read,ro,229671,229742,"ok"
2600,10,0,read,ro,229686,229766,"ok"
2601,11,0,read,ro,229742,229952,"ok"
2602,10,0,read,ro,229766,229976,"ok"
2603,11,0,read,ro,229952,230024,"ok"
2604,10,0,read,ro,229976,230052,"ok"
2605,11,0,read,ro,230024,230095,"ok"
2606,10,0,read,ro,230052,230128,"ok"
2607,11,0,read,ro,230096,230296,"ok"
2608,10,0,read,ro,230128,230328,"ok"
2609,11,0,read,ro,230296,230393,"ok"
2610,10,0,read,ro,230328,230428,"ok"
2611,11,0,read,ro,230393,230471,"ok"
2612,10,0,read,ro,230429,230502,"ok"
2613,11,0,read,ro,230471,230679,"ok"
2614,10,0,read,ro,230502,230715,"ok"
2615,11,0,read,ro,230679,230754,"ok"
2616,10,0,read,ro,230715,230799,"ok"
2617,11,0,read,ro,230755,230831,"ok"
2618,10,0,read,ro,230799,230869,"ok"
2619,11,0,read,ro,230835,231036,"ok"
2620,10,0,read,ro,230869,231070,"ok"
2621,11,0,read,ro,231036,231109,"ok"
2622,10,0,read,ro,231070,231144,"ok"
2623,11,0,read,ro,231109,231180,"ok"
2624,10,0,read,ro,231144,231215,"ok"
2625,11,0,read,ro,231180,231429,"ok"
2626,4,0,read,ro,223199,231481,"ok"
2627,11,0,read,ro,231430,231507,"ok"
2628,4,0,read,ro,231481,231568,"ok"
2629,11,0,read,ro,231508,231580,"ok"
2630,4,0,read,ro,231568,231641,"ok"
2631,11,0,read,ro,231580,231795,"ok"
2632,11,0,read,ro,231796,231866,"ok"
2633,4,0,read,ro,231641,231878,"ok"
2634,11,0,read,ro,231866,231930,"ok"
2635,4,0,read,ro,231878,231953,"ok"
2636,4,0,read,ro,231953,232024,"ok"
2637,11,0,read,ro,231930,232132,"ok"
2638,11,0,read,ro,232132,232204,"ok"
2639,4,0,read,ro,232024,232221,"ok"
2640,11,0,read,ro,232204,232266,"ok"
2641,4,0,read,ro,232221,232298,"ok"
2642,4,0,read,ro,232298,232393,"ok"
2643,11,0,read,ro,232266,232491,"ok"
2644,11,0,read,ro,232491,232568,"ok"
2645,4,0,read,ro,232393,232608,"ok"
2646,11,0,read,ro,232568,232631,"ok"
2647,4,0,read,ro,232608,232684,"ok"
2648,4,0,read,ro,232684,232759,"ok"
2649,11,0,read,ro,232631,232841,"ok"
2650,11,0,read,ro,232845,232917,"ok"
2651,4,0,read,ro,232759,232952,"ok"
2652,11,0,read,ro,232917,232981,"ok"
2653,4,0,read,ro,232952,233025,"ok"
2654,4,0,read,ro,233025,233095,"ok"
2655,11,0,read,ro,232981,233193,"ok"
2656,11,0,read,ro,233193,233269,"ok"
2657,4,0,read,ro,233095,233285,"ok"
2658,11,0,read,ro,233269,233330,"ok"
2659,4,0,read,ro,233286,233359,"ok"
2660,4,0,read,ro,233359,233454,"ok"
2661,11,0,read,ro,233330,233564,"ok"
2662,11,0,read,ro,233565,233638,"ok"
2663,4,0,read,ro,233455,233648,"ok"
2664,11,0,read,ro,233638,233703,"ok"
2665,4,0,read,ro,233648,233724,"ok"
2666,4,0,read,ro,233724,233799,"ok"
2667,11,0,read,ro,233703,233911,"ok"
2668,11,0,read,ro,233912,233986,"ok"
2669,4,0,read,ro,233799,233989,"ok"
2670,11,0,read,ro,233986,234051,"ok"
2671,4,0,read,ro,233989,234065,"ok"
2672,4,0,read,ro,234065,234135,"ok"
2673,11,0,read,ro,234051,234252,"ok"
2674,11,0,read,ro,234252,234324,"ok"
2675,4,0,read,ro,234136,234327,"ok"
2676,11,0,read,ro,234324,234413,"ok"
2677,4,0,read,ro,234327,234426,"ok"
2678,4,0,read,ro,234426,234498,"ok"
2679,11,0,read,ro,234413,234622,"ok"
2680,4,0,read,ro,234498,234693,"ok"
2681,11,0,read,ro,234623,234697,"ok"
2682,11,0,read,ro,234700,234773,"ok"
2683,4,0,read,ro,234693,234773,"ok"
2684,4,0,read,ro,234773,234844,"ok"
2685,11,0,read,ro,234773,234978,"ok"
2686,4,0,read,ro,234844,235040,"ok"
2687,11,0,read,ro,234978,235050,"ok"
2688,4,0,read,ro,235040,235114,"ok"
2689,11,0,read,ro,235050,235122,"ok"
2690,4,0,read,ro,235114,235184,"ok"
2691,11,0,read,ro,235122,235321,"ok"
2692,10,0,read,ro,231215,235490,"ok"
2693,10,0,read,ro,235490,235575,"ok"
2694,10,0,read,ro,235575,235641,"ok"
2695,0,0,read,ro,187363,235715,"ok"
2696,0,0,read,ro,235715,235798,"ok"
2697,0,0,read,ro,235798,235863,"ok"
2698,10,0,read,ro,235641,235864,"ok"
2699,10,0,read,ro,235864,235944,"ok"
2700,10,0,read,ro,235944,236009,"ok"
2701,0,0,read,ro,235863,236068,"ok"
2702,0,0,read,ro,236068,236142,"ok"
2703,10,0,read,ro,236009,236200,"ok"
2704,0,0,read,ro,236142,236205,"ok"
2705,10,0,read,ro,236201,236277,"ok"
2706,10,0,read,ro,236277,236349,"ok"
2707,0,0,read,ro,236205,236457,"ok"
2708,0,0,read,ro,236457,236535,"ok"
2709,10,0,read,ro,236350,236571,"ok"
2710,0,0,read,ro,236536,236598,"ok"
2711,10,0,read,ro,236571,236646,"ok"
2712,10,0,read,ro,236646,236717,"ok"
2713,0,0,read,ro,236598,236808,"ok"
2714,0,0,read,ro,236814,236889,"ok"
2715,10,0,read,ro,236717,236927,"ok"
2716,0,0,read,ro,236889,236949,"ok"
2717,10,0,read,ro,236927,237001,"ok"
2718,10,0,read,ro,237001,237072,"ok"
2719,0,0,read,ro,236949,237151,"ok"
2720,0,0,read,ro,237152,237223,"ok"
2721,10,0,read,ro,237072,237269,"ok"
2722,0,0,read,ro,237223,237283,"ok"
2723,10,0,read,ro,237269,237344,"ok"
2724,10,0,read,ro,237344,237439,"ok"
2725,0,0,read,ro,237283,237508,"ok"
2726,0,0,read,ro,237509,237585,"ok"
2727,10,0,read,ro,237439,237635,"ok"
2728,0,0,read,ro,237585,237647,"ok"
2729,10,0,read,ro,237635,237713,"ok"
2730,10,0,read,ro,237713,237790,"ok"
2731,0,0,read,ro,237647,237855,"ok"
2732,0,0,read,ro,237855,237926,"ok"
2733,10,0,read,ro,237790,237984,"ok"
2734,0,0,read,ro,237927,237989,"ok"
2735,10,0,read,ro,237984,238061,"ok"
2736,10,0,read,ro,238061,238130,"ok"
2737,0,0,read,ro,237989,238194,"ok"
2738,0,0,read,ro,238194,238266,"ok"
2739,10,0,read,ro,238130,238323,"ok"
2740,0,0,read,ro,238266,238325,"ok"
2741,10,0,read,ro,238323,238423,"ok"
2742,10,0,read,ro,238423,238495,"ok"
2743,0,0,read,ro,238326,238569,"ok"
2744,0,0,read,ro,238569,238644,"ok"
2745,10,0,read,ro,238495,238690,"ok"
2746,0,0,read,ro,238644,238705,"ok"
2747,10,0,read,ro,238694,238775,"ok"
2748,10,0,read,ro,238776,238844,"ok"
2749,0,0,read,ro,238705,238912,"ok"
2750,0,0,read,ro,238913,238984,"ok"
2751,10,0,read,ro,238845,239037,"ok"
2752,0,0,read,ro,238985,239046,"ok"
2753,10,0,read,ro,239037,239111,"ok"
2754,10,0,read,ro,239111,239179,"ok"
2755,0,0,read,ro,239046,239248,"ok"
2756,0,0,read,ro,239248,239319,"ok"
2757,9,0,read,ro,207359,239511,"ok"
2758,9,0,read,ro,239512,239579,"ok"
2759,12,0,read,ro,215300,239601,"ok"
2760,12,0,read,ro,239601,239688,"ok"
2761,12,0,read,ro,239688,239751,"ok"
2762,9,0,read,ro,239579,239814,"ok"
2763,9,0,read,ro,239814,239890,"ok"
2764,9,0,read,ro,239890,239953,"ok"
2765,12,0,read,ro,239751,239954,"ok"
2766,12,0,read,ro,239954,240033,"ok"
2767,12,0,read,ro,240034,240099,"ok"
2768,9,0,read,ro,239954,240156,"ok"
2769,9,0,read,ro,240156,240232,"ok"
2770,9,0,read,ro,240232,240295,"ok"
2771,12,0,read,ro,240099,240304,"ok"
2772,12,0,read,ro,240305,240414,"ok"
2773,12,0,read,ro,240414,240481,"ok"
2774,9,0,read,ro,240295,240522,"ok"
2775,9,0,read,ro,240523,240602,"ok"
2776,9,0,read,ro,240602,240665,"ok"
2777,12,0,read,ro,240481,240686,"ok"
2778,12,0,read,ro,240690,240769,"ok"
2779,12,0,read,ro,240769,240834,"ok"
2780,9,0,read,ro,240665,240864,"ok"
2781,9,0,read,ro,240864,240937,"ok"
2782,9,0,read,ro,240937,240999,"ok"
2783,12,0,read,ro,240834,241030,"ok"
2784,12,0,read,ro,241030,241103,"ok"
2785,12,0,read,ro,241103,241164,"ok"
2786,9,0,read,ro,240999,241189,"ok"
2787,9,0,read,ro,241189,241262,"ok"
2788,9,0,read,ro,241262,241324,"ok"
2789,12,0,read,ro,241164,241354,"ok"
2790,12,0,read,ro,241355,241454,"ok"
2791,12,0,read,ro,241454,241516,"ok"
2792,9,0,read,ro,241324,241541,"ok"
2793,9,0,read,ro,241541,241618,"ok"
2794,9,0,read,ro,241618,241682,"ok"
2795,12,0,read,ro,241517,241710,"ok"
2796,12,0,read,ro,241710,241783,"ok"
2797,12,0,read,ro,241783,241850,"ok"
2798,9,0,read,ro,241682,241897,"ok"
2799,9,0,read,ro,241897,241970,"ok"
2800,9,0,read,ro,241970,242033,"ok"
2801,12,0,read,ro,241850,242039,"ok"
2802,12,0,read,ro,242039,242114,"ok"
2803,12,0,read,ro,242114,242176,"ok"
2804,9,0,read,ro,242033,242230,"ok"
2805,9,0,read,ro,242230,242303,"ok"
2806,9,0,read,ro,242303,242365,"ok"
2807,12,0,read,ro,242176,242366,"ok"
2808,12,0,read,ro,242366,242465,"ok"
2809,12,0,read,ro,242466,242527,"ok"
2810,9,0,read,ro,242365,242591,"ok"
2811,9,0,read,ro,242592,242669,"ok"
2812,12,0,read,ro,242532,242725,"ok"
2813,9,0,read,ro,242669,242735,"ok"
2814,12,0,read,ro,242725,242805,"ok"
2815,12,0,read,ro,242806,242874,"ok"
2816,9,0,read,ro,242735,242940,"ok"
2817,9,0,read,ro,242940,243011,"ok"
2818,12,0,read,ro,242874,243065,"ok"
2819,9,0,read,ro,243011,243073,"ok"
2820,12,0,read,ro,243065,243138,"ok"
2821,12,0,read,ro,243138,243206,"ok"
2822,9,0,read,ro,243073,243278,"ok"
2823,9,0,read,ro,243278,243349,"ok"
2824,13,0,read,ro,223310,243459,"ok"
2825,8,0,read,ro,227220,243514,"ok"
2826,13,0,read,ro,243460,243544,"ok"
2827,8,0,read,ro,243515,243600,"ok"
2828,8,0,read,ro,243600,243671,"ok"
2829,13,0,read,ro,243544,243809,"ok"
2830,8,0,read,ro,243671,243888,"ok"
2831,13,0,read,ro,243809,243894,"ok"
2832,8,0,read,ro,243888,243966,"ok"
2833,13,0,read,ro,243894,243969,"ok"
2834,8,0,read,ro,243967,244041,"ok"
2835,13,0,read,ro,243969,244178,"ok"
2836,8,0,read,ro,244041,244247,"ok"
2837,13,0,read,ro,244178,244257,"ok"
2838,8,0,read,ro,244247,244327,"ok"
2839,13,0,read,ro,244258,244331,"ok"
2840,8,0,read,ro,244327,244434,"ok"
2841,13,0,read,ro,244331,244571,"ok"
2842,8,0,read,ro,244434,244655,"ok"
2843,13,0,read,ro,244575,244656,"ok"
2844,13,0,read,ro,244656,244726,"ok"
2845,8,0,read,ro,244656,244744,"ok"
2846,8,0,read,ro,244744,244817,"ok"
2847,13,0,read,ro,244726,244923,"ok"
2848,13,0,read,ro,244923,245011,"ok"
2849,8,0,read,ro,244817,245019,"ok"
2850,13,0,read,ro,245011,245076,"ok"
2851,8,0,read,ro,245020,245097,"ok"
2852,8,0,read,ro,245097,245170,"ok"
2853,13,0,read,ro,245077,245274,"ok"
2854,13,0,read,ro,245275,245352,"ok"
2855,8,0,read,ro,245171,245364,"ok"
2856,13,0,read,ro,245352,245443,"ok"
2857,8,0,read,ro,245364,245466,"ok"
2858,8,0,read,ro,245466,245537,"ok"
2859,13,0,read,ro,245443,245645,"ok"
2860,13,0,read,ro,245645,245723,"ok"
2861,8,0,read,ro,245538,245739,"ok"
2862,13,0,read,ro,245723,245792,"ok"
2863,8,0,read,ro,245740,245816,"ok"
2864,8,0,read,ro,245816,245887,"ok"
2865,13,0,read,ro,245792,245989,"ok"
2866,13,0,read,ro,245989,246066,"ok"
2867,8,0,read,ro,245887,246079,"ok"
2868,13,0,read,ro,246066,246131,"ok"
2869,8,0,read,ro,246079,246154,"ok"
2870,8,0,read,ro,246154,246225,"ok"
2871,13,0,read,ro,246131,246326,"ok"
2872,13,0,read,ro,246326,246432,"ok"
2873,8,0,read,ro,246225,246447,"ok"
2874,13,0,read,ro,246433,246499,"ok"
2875,8,0,read,ro,246449,246531,"ok"
2876,8,0,read,ro,246531,246603,"ok"
2877,13,0,read,ro,246500,246712,"ok"
2878,13,0,read,ro,246712,246796,"ok"
2879,8,0,read,ro,246603,246804,"ok"
2880,13,0,read,ro,246796,246861,"ok"
2881,8,0,read,ro,246804,246880,"ok"
2882,8,0,read,ro,246880,246951,"ok"
2883,13,0,read,ro,246862,247060,"ok"
2884,13,0,read,ro,247060,247137,"ok"
2885,8,0,read,ro,246951,247142,"ok"
2886,13,0,read,ro,247137,247203,"ok"
2887,8,0,read,ro,247142,247218,"ok"
2888,8,0,read,ro,247218,247289,"ok"
2889,1,0,read,ro,203309,247433,"ok"
2890,6,0,read,ro,219343,247488,"ok"
2891,1,0,read,ro,247433,247714,"ok"
2892,6,0,read,ro,247489,247772,"ok"
2893,1,0,read,ro,247714,247793,"ok"
2894,6,0,read,ro,247772,247857,"ok"
2895,1,0,read,ro,247794,247865,"ok"
2896,6,0,read,ro,247857,247929,"ok"
2897,1,0,read,ro,247866,248073,"ok"
2898,6,0,read,ro,247929,248137,"ok"
2899,1,0,read,ro,248073,248146,"ok"
2900,6,0,read,ro,248137,248213,"ok"
2901,1,0,read,ro,248146,248219,"ok"
2902,6,0,read,ro,248213,248283,"ok"
2903,1,0,read,ro,248219,248471,"ok"
2904,6,0,read,ro,248283,248515,"ok"
2905,1,0,read,ro,248471,248551,"ok"
2906,6,0,read,ro,248516,248594,"ok"
2907,1,0,read,ro,248552,248623,"ok"
2908,6,0,read,ro,248594,248664,"ok"
2909,1,0,read,ro,248623,248835,"ok"
2910,6,0,read,ro,248664,248873,"ok"
2911,1,0,read,ro,248836,248909,"ok"
2912,6,0,read,ro,248873,248948,"ok"
2913,1,0,read,ro,248909,248980,"ok"
2914,6,0,read,ro,248948,249015,"ok"
2915,1,0,read,ro,248980,249184,"ok"
2916,6,0,read,ro,249015,249217,"ok"
2917,1,0,read,ro,249185,249257,"ok"
2918,1,0,read,ro,249258,249319,"ok"
2919,5,0,read,ro,227310,249405,"ok"
2920,1,0,read,ro,249319,249540,"ok"
2921,1,0,read,ro,249540,249618,"ok"
2922,1,0,read,ro,249618,249680,"ok"
2923,5,0,read,ro,249406,249691,"ok"
2924,5,0,read,ro,249691,249771,"ok"
2925,5,0,read,ro,249771,249839,"ok"
2926,1,0,read,ro,249681,249882,"ok"
2927,1,0,read,ro,249882,249957,"ok"
2928,1,0,read,ro,249957,250019,"ok"
2929,5,0,read,ro,249839,250075,"ok"
2930,5,0,read,ro,250075,250153,"ok"
2931,1,0,read,ro,250019,250212,"ok"
2932,5,0,read,ro,250153,250215,"ok"
2933,1,0,read,ro,250213,250293,"ok"
2934,1,0,read,ro,250293,250357,"ok"
2935,5,0,read,ro,250215,250442,"ok"
2936,5,0,read,ro,250442,250521,"ok"
2937,5,0,read,ro,250521,250582,"ok"
2938,3,0,read,ro,219202,250660,"ok"
2939,3,0,read,ro,250661,250750,"ok"
2940,5,0,read,ro,250590,250797,"ok"
2941,3,0,read,ro,250750,250812,"ok"
2942,5,0,read,ro,250797,250874,"ok"
2943,5,0,read,ro,250874,250940,"ok"
2944,3,0,read,ro,250813,251043,"ok"
2945,3,0,read,ro,251043,251115,"ok"
2946,5,0,read,ro,250940,251132,"ok"
2947,3,0,read,ro,251115,251177,"ok"
2948,5,0,read,ro,251133,251209,"ok"
2949,5,0,read,ro,251209,251279,"ok"
2950,6,0,read,ro,249217,251505,"ok"
2951,7,0,read,ro,215241,251566,"ok"
2952,6,0,read,ro,251505,251570,"ok"
2953,7,0,read,ro,251566,251654,"ok"
2954,7,0,read,ro,251655,251718,"ok"
2955,6,0,read,ro,251570,251827,"ok"
2956,6,0,read,ro,251828,251902,"ok"
2957,7,0,read,ro,251718,251926,"ok"
2958,6,0,read,ro,251903,251963,"ok"
2959,7,0,read,ro,251926,252000,"ok"
2960,7,0,read,ro,252001,252070,"ok"
2961,6,0,read,ro,251963,252169,"ok"
2962,6,0,read,ro,252170,252242,"ok"
2963,7,0,read,ro,252071,252262,"ok"
2964,6,0,read,ro,252242,252303,"ok"
2965,7,0,read,ro,252262,252337,"ok"
2966,7,0,read,ro,252337,252435,"ok"
2967,6,0,read,ro,252304,252536,"ok"
2968,6,0,read,ro,252536,252613,"ok"
2969,7,0,read,ro,252435,252633,"ok"
2970,6,0,read,ro,252613,252673,"ok"
2971,7,0,read,ro,252637,252711,"ok"
2972,7,0,read,ro,252711,252785,"ok"
2973,6,0,read,ro,252674,252880,"ok"
2974,6,0,read,ro,252881,252953,"ok"
2975,7,0,read,ro,252786,252975,"ok"
2976,6,0,read,ro,252953,253014,"ok"
2977,7,0,read,ro,252975,253047,"ok"
2978,7,0,read,ro,253047,253117,"ok"
2979,6,0,read,ro,253015,253215,"ok"
2980,6,0,read,ro,253216,253288,"ok"
2981,7,0,read,ro,253117,253306,"ok"
2982,6,0,read,ro,253288,253349,"ok"
2983,7,0,read,ro,253307,253404,"ok"
2984,7,0,read,ro,253404,253476,"ok"
2985,6,0,read,ro,253349,253575,"ok"
2986,6,0,read,ro,253575,253649,"ok"
2987,7,0,read,ro,253476,253668,"ok"
2988,6,0,read,ro,253649,253710,"ok"
2989,7,0,read,ro,253668,253746,"ok"
2990,7,0,read,ro,253747,253815,"ok"
2991,6,0,read,ro,253710,253914,"ok"
2992,6,0,read,ro,253915,253988,"ok"
2993,7,0,read,ro,253815,254005,"ok"
2994,6,0,read,ro,253988,254049,"ok"
2995,7,0,read,ro,254005,254078,"ok"
2996,7,0,read,ro,254078,254149,"ok"
2997,6,0,read,ro,254050,254250,"ok"
2998,6,0,read,ro,254251,254323,"ok"
2999,7,0,read,ro,254149,254352,"ok"
3000,6,0,read,ro,254323,254406,"ok"
3001,7,0,read,ro,254352,254455,"ok"
3002,7,0,read,ro,254458,254526,"ok"
3003,6,0,read,ro,254406,254612,"ok"
3004,6,0,read,ro,254613,254685,"ok"
3005,7,0,read,ro,254526,254724,"ok"
3006,6,0,read,ro,254685,254745,"ok"
3007,7,0,read,ro,254724,254804,"ok"
3008,7,0,read,ro,254804,254872,"ok"
3009,6,0,read,ro,254745,254949,"ok"
3010,6,0,read,ro,254949,255020,"ok"
3011,7,0,read,ro,254872,255062,"ok"
3012,6,0,read,ro,255020,255081,"ok"
3013,7,0,read,ro,255062,255136,"ok"
3014,7,0,read,ro,255136,255204,"ok"
3015,6,0,read,ro,255081,255284,"ok"
3016,6,0,read,ro,255285,255358,"ok"
3017,4,0,read,ro,235185,255467,"ok"
3018,5,0,read,ro,251279,255546,"ok"
3019,4,0,read,ro,255467,255547,"ok"
3020,4,0,read,ro,255547,255614,"ok"
3021,5,0,read,ro,255546,255635,"ok"
3022,5,0,read,ro,255635,255723,"ok"
3023,4,0,read,ro,255614,255863,"ok"
3024,5,0,read,ro,255723,255928,"ok"
3025,4,0,read,ro,255863,255936,"ok"
3026,5,0,read,ro,255928,256004,"ok"
3027,4,0,read,ro,255936,256007,"ok"
3028,5,0,read,ro,256005,256077,"ok"
3029,4,0,read,ro,256008,256210,"ok"
3030,5,0,read,ro,256078,256276,"ok"
3031,4,0,read,ro,256210,256280,"ok"
3032,5,0,read,ro,256276,256350,"ok"
3033,4,0,read,ro,256280,256353,"ok"
3034,5,0,read,ro,256350,256448,"ok"
3035,4,0,read,ro,256357,256590,"ok"
3036,5,0,read,ro,256448,256650,"ok"
3037,4,0,read,ro,256590,256662,"ok"
3038,5,0,read,ro,256650,256724,"ok"
3039,4,0,read,ro,256662,256738,"ok"
3040,5,0,read,ro,256724,256798,"ok"
3041,4,0,read,ro,256738,256941,"ok"
3042,5,0,read,ro,256799,256996,"ok"
3043,4,0,read,ro,256941,257013,"ok"
3044,5,0,read,ro,256996,257069,"ok"
3045,4,0,read,ro,257013,257081,"ok"
3046,5,0,read,ro,257069,257139,"ok"
3047,4,0,read,ro,257081,257291,"ok"
3048,5,0,read,ro,257139,257334,"ok"
3049,4,0,read,ro,257291,257361,"ok"
3050,5,0,read,ro,257335,257431,"ok"
3051,4,0,read,ro,257361,257454,"ok"
3052,5,0,read,ro,257431,257503,"ok"
3053,4,0,read,ro,257454,257657,"ok"
3054,5,0,read,ro,257503,257707,"ok"
3055,4,0,read,ro,257657,257727,"ok"
3056,5,0,read,ro,257707,257779,"ok"
3057,4,0,read,ro,257727,257801,"ok"
3058,5,0,read,ro,257779,257854,"ok"
3059,4,0,read,ro,257801,258002,"ok"
3060,5,0,read,ro,257854,258052,"ok"
3061,4,0,read,ro,258002,258071,"ok"
3062,5,0,read,ro,258052,258126,"ok"
3063,4,0,read,ro,258071,258142,"ok"
3064,5,0,read,ro,258126,258196,"ok"
3065,4,0,read,ro,258142,258352,"ok"
3066,5,0,read,ro,258196,258413,"ok"
3067,4,0,read,ro,258353,258449,"ok"
3068,5,0,read,ro,258414,258491,"ok"
3069,4,0,read,ro,258449,258518,"ok"
3070,5,0,read,ro,258491,258560,"ok"
3071,4,0,read,ro,258519,258722,"ok"
3072,5,0,read,ro,258561,258762,"ok"
3073,4,0,read,ro,258722,258797,"ok"
3074,5,0,read,ro,258762,258838,"ok"
3075,4,0,read,ro,258798,258866,"ok"
3076,5,0,read,ro,258839,258907,"ok"
3077,4,0,read,ro,258866,259064,"ok"
3078,5,0,read,ro,258908,259105,"ok"
3079,4,0,read,ro,259064,259136,"ok"
3080,5,0,read,ro,259106,259177,"ok"
3081,4,0,read,ro,259136,259204,"ok"
3082,5,0,read,ro,259177,259246,"ok"
3083,0,0,read,ro,239319,259495,"ok"
3084,14,0,read,ro,247408,259760,"ok"
3085,0,0,read,ro,259496,259766,"ok"
3086,14,0,read,ro,259760,259841,"ok"
3087,0,0,read,ro,259767,259853,"ok"
3088,14,0,read,ro,259841,259915,"ok"
3089,0,0,read,ro,259853,259925,"ok"
3090,14,0,read,ro,259915,260129,"ok"
3091,0,0,read,ro,259925,260164,"ok"
3092,14,0,read,ro,260129,260202,"ok"
3093,0,0,read,ro,260165,260242,"ok"
3094,14,0,read,ro,260203,260275,"ok"
3095,0,0,read,ro,260242,260312,"ok"
3096,14,0,read,ro,260275,260519,"ok"
3097,0,0,read,ro,260312,260556,"ok"
3098,14,0,read,ro,260520,260600,"ok"
3099,0,0,read,ro,260558,260634,"ok"
3100,14,0,read,ro,260601,260673,"ok"
3101,0,0,read,ro,260635,260704,"ok"
3102,0,0,read,ro,260704,260913,"ok"
3103,14,0,read,ro,260673,260941,"ok"
3104,0,0,read,ro,260913,260978,"ok"
3105,0,0,read,ro,260978,261051,"ok"
3106,14,0,read,ro,260941,261052,"ok"
3107,14,0,read,ro,261053,261130,"ok"
3108,0,0,read,ro,261051,261245,"ok"
3109,0,0,read,ro,261245,261318,"ok"
3110,14,0,read,ro,261130,261348,"ok"
3111,0,0,read,ro,261318,261401,"ok"
3112,14,0,read,ro,261348,261453,"ok"
3113,14,0,read,ro,261454,261526,"ok"
3114,0,0,read,ro,261401,261608,"ok"
3115,0,0,read,ro,261609,261680,"ok"
3116,14,0,read,ro,261526,261733,"ok"
3117,0,0,read,ro,261680,261740,"ok"
3118,14,0,read,ro,261734,261812,"ok"
3119,14,0,read,ro,261812,261882,"ok"
3120,0,0,read,ro,261741,261946,"ok"
3121,0,0,read,ro,261946,262017,"ok"
3122,14,0,read,ro,261882,262075,"ok"
3123,0,0,read,ro,262017,262079,"ok"
3124,14,0,read,ro,262076,262151,"ok"
3125,14,0,read,ro,262151,262242,"ok"
3126,13,0,read,ro,247203,262253,"ok"
3127,13,0,read,ro,262253,262342,"ok"
3128,13,0,read,ro,262343,262436,"ok"
3129,14,0,read,ro,262242,262476,"ok"
3130,14,0,read,ro,262477,262558,"ok"
3131,14,0,read,ro,262558,262622,"ok"
3132,13,0,read,ro,262436,262652,"ok"
3133,13,0,read,ro,262653,262744,"ok"
3134,13,0,read,ro,262744,262813,"ok"
3135,14,0,read,ro,262622,262847,"ok"
3136,14,0,read,ro,262847,262921,"ok"
3137,14,0,read,ro,262922,262986,"ok"
3138,13,0,read,ro,262813,263003,"ok"
3139,13,0,read,ro,263003,263093,"ok"
3140,13,0,read,ro,263093,263155,"ok"
3141,14,0,read,ro,262986,263187,"ok"
3142,14,0,read,ro,263188,263262,"ok"
3143,14,0,read,ro,263262,263325,"ok"
3144,13,0,read,ro,263155,263347,"ok"
3145,10,0,read,ro,239180,263411,"ok"
3146,11,0,read,ro,235321,263434,"ok"
3147,10,0,read,ro,263411,263499,"ok"
3148,11,0,read,ro,263434,263518,"ok"
3149,10,0,read,ro,263499,263588,"ok"
3150,11,0,read,ro,263518,263741,"ok"
3151,11,0,read,ro,263742,263821,"ok"
3152,10,0,read,ro,263588,263838,"ok"
3153,11,0,read,ro,263821,263886,"ok"
3154,10,0,read,ro,263838,263915,"ok"
3155,10,0,read,ro,263915,263987,"ok"
3156,11,0,read,ro,263886,264095,"ok"
3157,11,0,read,ro,264095,264166,"ok"
3158,10,0,read,ro,263988,264183,"ok"
3159,11,0,read,ro,264166,264230,"ok"
3160,10,0,read,ro,264183,264258,"ok"
3161,10,0,read,ro,264258,264329,"ok"
3162,11,0,read,ro,264231,264462,"ok"
3163,11,0,read,ro,264463,264541,"ok"
3164,10,0,read,ro,264334,264560,"ok"
3165,11,0,read,ro,264542,264605,"ok"
3166,10,0,read,ro,264560,264638,"ok"
3167,10,0,read,ro,264638,264714,"ok"
3168,11,0,read,ro,264606,264836,"ok"
3169,11,0,read,ro,264837,264911,"ok"
3170,10,0,read,ro,264714,264923,"ok"
3171,11,0,read,ro,264911,264974,"ok"
3172,10,0,read,ro,264924,265002,"ok"
3173,10,0,read,ro,265002,265072,"ok"
3174,11,0,read,ro,264975,265178,"ok"
3175,11,0,read,ro,265178,265248,"ok"
3176,10,0,read,ro,265072,265264,"ok"
3177,11,0,read,ro,265248,265311,"ok"
3178,10,0,read,ro,265264,265340,"ok"
3179,10,0,read,ro,265340,265438,"ok"
3180,11,0,read,ro,265312,265541,"ok"
3181,11,0,read,ro,265541,265616,"ok"
3182,10,0,read,ro,265438,265636,"ok"
3183,11,0,read,ro,265616,265678,"ok"
3184,10,0,read,ro,265636,265712,"ok"
3185,10,0,read,ro,265712,265788,"ok"
3186,11,0,read,ro,265678,265884,"ok"
3187,11,0,read,ro,265885,265956,"ok"
3188,10,0,read,ro,265788,265980,"ok"
3189,11,0,read,ro,265956,266018,"ok"
3190,10,0,read,ro,265981,266054,"ok"
3191,10,0,read,ro,266054,266125,"ok"
3192,11,0,read,ro,266018,266219,"ok"
3193,11,0,read,ro,266219,266290,"ok"
3194,10,0,read,ro,266125,266318,"ok"
3195,11,0,read,ro,266293,266355,"ok"
3196,10,0,read,ro,266318,266413,"ok"
3197,10,0,read,ro,266414,266478,"ok"
3198,15,0,read,ro,179346,266490,"ok"
3199,15,0,read,ro,266490,266569,"ok"
3200,10,0,read,ro,266478,266677,"ok"
3201,10,0,read,ro,266677,266754,"ok"
3202,10,0,read,ro,266754,266816,"ok"
3203,15,0,read,ro,266569,266857,"ok"
3204,15,0,read,ro,266857,266935,"ok"
3205,15,0,read,ro,266935,266999,"ok"
3206,10,0,read,ro,266816,267009,"ok"
3207,10,0,read,ro,267010,267086,"ok"
3208,10,0,read,ro,267086,267148,"ok"
3209,15,0,read,ro,266999,267210,"ok"
3210,15,0,read,ro,267210,267283,"ok"
3211,10,0,read,ro,267148,267339,"ok"
3212,15,0,read,ro,267284,267347,"ok"
3213,9,0,read,ro,243349,267484,"ok"
3214,15,0,read,ro,267348,267633,"ok"
3215,15,0,read,ro,267633,267709,"ok"
3216,9,0,read,ro,267484,267746,"ok"
3217,15,0,read,ro,267710,267772,"ok"
3218,9,0,read,ro,267747,267822,"ok"
3219,9,0,read,ro,267822,267894,"ok"
3220,15,0,read,ro,267773,267984,"ok"
3221,15,0,read,ro,267984,268057,"ok"
3222,9,0,read,ro,267894,268090,"ok"
3223,15,0,read,ro,268057,268121,"ok"
3224,9,0,read,ro,268090,268165,"ok"
3225,9,0,read,ro,268166,268235,"ok"
3226,15,0,read,ro,268121,268331,"ok"
3227,15,0,read,ro,268332,268434,"ok"
3228,9,0,read,ro,268240,268463,"ok"
3229,15,0,read,ro,268435,268498,"ok"
3230,9,0,read,ro,268463,268540,"ok"
3231,9,0,read,ro,268540,268609,"ok"
3232,15,0,read,ro,268498,268706,"ok"
3233,15,0,read,ro,268706,268778,"ok"
3234,9,0,read,ro,268609,268817,"ok"
3235,15,0,read,ro,268778,268847,"ok"
3236,9,0,read,ro,268817,268893,"ok"
3237,9,0,read,ro,268894,268961,"ok"
3238,15,0,read,ro,268847,269052,"ok"
3239,15,0,read,ro,269052,269124,"ok"
3240,9,0,read,ro,268961,269155,"ok"
3241,15,0,read,ro,269124,269186,"ok"
3242,9,0,read,ro,269155,269227,"ok"
3243,9,0,read,ro,269227,269297,"ok"
3244,15,0,read,ro,269186,269411,"ok"
3245,15,0,read,ro,269412,269489,"ok"
3246,9,0,read,ro,269297,269519,"ok"
3247,15,0,read,ro,269489,269552,"ok"
3248,9,0,read,ro,269519,269598,"ok"
3249,9,0,read,ro,269598,269668,"ok"
3250,15,0,read,ro,269552,269756,"ok"
3251,15,0,read,ro,269756,269833,"ok"
3252,9,0,read,ro,269668,269868,"ok"
3253,15,0,read,ro,269833,269897,"ok"
3254,9,0,read,ro,269868,269942,"ok"
3255,9,0,read,ro,269942,270012,"ok"
3256,15,0,read,ro,269897,270100,"ok"
3257,15,0,read,ro,270100,270172,"ok"
3258,9,0,read,ro,270012,270204,"ok"
3259,15,0,read,ro,270175,270239,"ok"
3260,9,0,read,ro,270204,270276,"ok"
3261,9,0,read,ro,270276,270345,"ok"
3262,15,0,read,ro,270239,270475,"ok"
3263,15,0,read,ro,270475,270554,"ok"
3264,9,0,read,ro,270346,270565,"ok"
3265,15,0,read,ro,270554,270621,"ok"
3266,9,0,read,ro,270565,270642,"ok"
3267,9,0,read,ro,270643,270713,"ok"
3268,15,0,read,ro,270622,270833,"ok"
3269,15,0,read,ro,270834,270906,"ok"
3270,9,0,read,ro,270713,270922,"ok"
3271,15,0,read,ro,270906,270969,"ok"
3272,9,0,read,ro,270922,270997,"ok"
3273,9,0,read,ro,270998,271069,"ok"
3274,15,0,read,ro,270969,271172,"ok"
3275,15,0,read,ro,271172,271246,"ok"
3276,9,0,read,ro,271069,271262,"ok"
3277,15,0,read,ro,271246,271312,"ok"
3278,9,0,read,ro,271262,271336,"ok"
3279,15,0,read,ro,271312,271565,"ok"
3280,8,0,read,ro,247289,271580,"ok"
3281,15,0,read,ro,271565,271644,"ok"
3282,8,0,read,ro,271580,271667,"ok"
3283,15,0,read,ro,271645,271716,"ok"
3284,8,0,read,ro,271667,271744,"ok"
3285,15,0,read,ro,271717,271923,"ok"
3286,8,0,read,ro,271744,271949,"ok"
3287,15,0,read,ro,271924,271996,"ok"
3288,8,0,read,ro,271950,272023,"ok"
3289,15,0,read,ro,271996,272067,"ok"
3290,8,0,read,ro,272023,272094,"ok"
3291,15,0,read,ro,272070,272273,"ok"
3292,8,0,read,ro,272094,272292,"ok"
3293,15,0,read,ro,272273,272346,"ok"
3294,8,0,read,ro,272292,272390,"ok"
3295,15,0,read,ro,272346,272443,"ok"
3296,8,0,read,ro,272391,272466,"ok"
3297,15,0,read,ro,272443,272648,"ok"
3298,8,0,read,ro,272466,272669,"ok"
3299,15,0,read,ro,272648,272723,"ok"
3300,8,0,read,ro,272670,272749,"ok"
3301,15,0,read,ro,272723,272798,"ok"
3302,8,0,read,ro,272749,272821,"ok"
3303,15,0,read,ro,272798,273002,"ok"
3304,8,0,read,ro,272821,273020,"ok"
3305,15,0,read,ro,273002,273077,"ok"
3306,8,0,read,ro,273020,273096,"ok"
3307,15,0,read,ro,273077,273148,"ok"
3308,8,0,read,ro,273097,273167,"ok"
3309,15,0,read,ro,273148,273349,"ok"
3310,8,0,read,ro,273167,273366,"ok"
3311,15,0,read,ro,273349,273447,"ok"
3312,8,0,read,ro,273366,273465,"ok"
3313,15,0,read,ro,273447,273519,"ok"
3314,8,0,read,ro,273465,273537,"ok"
3315,15,0,read,ro,273519,273723,"ok"
3316,8,0,read,ro,273537,273750,"ok"
3317,15,0,read,ro,273723,273800,"ok"
3318,8,0,read,ro,273750,273825,"ok"
3319,15,0,read,ro,273800,273872,"ok"
3320,8,0,read,ro,273825,273896,"ok"
3321,15,0,read,ro,273873,274075,"ok"
3322,8,0,read,ro,273896,274099,"ok"
3323,15,0,read,ro,274078,274151,"ok"
3324,8,0,read,ro,274099,274173,"ok"
3325,15,0,read,ro,274151,274222,"ok"
3326,8,0,read,ro,274174,274246,"ok"
3327,15,0,read,ro,274222,274444,"ok"
3328,8,0,read,ro,274246,274472,"ok"
3329,15,0,read,ro,274444,274521,"ok"
3330,8,0,read,ro,274472,274551,"ok"
3331,15,0,read,ro,274521,274591,"ok"
3332,8,0,read,ro,274551,274622,"ok"
3333,15,0,read,ro,274591,274798,"ok"
3334,8,0,read,ro,274622,274840,"ok"
3335,15,0,read,ro,274798,274871,"ok"
3336,8,0,read,ro,274840,274913,"ok"
3337,15,0,read,ro,274871,274942,"ok"
3338,8,0,read,ro,274913,274984,"ok"
3339,15,0,read,ro,274942,275160,"ok"
3340,8,0,read,ro,274984,275184,"ok"
3341,15,0,read,ro,275161,275238,"ok"
3342,8,0,read,ro,275184,275257,"ok"
3343,15,0,read,ro,275238,275308,"ok"
3344,8,0,read,ro,275258,275329,"ok"
3345,3,0,read,ro,251177,275466,"ok"
3346,3,0,read,ro,275466,275546,"ok"
3347,3,0,read,ro,275546,275607,"ok"
3348,14,0,read,ro,263325,275638,"ok"
3349,14,0,read,ro,275638,275739,"ok"
3350,14,0,read,ro,275739,275806,"ok"
3351,3,0,read,ro,275607,275865,"ok"
3352,3,0,read,ro,275866,275940,"ok"
3353,3,0,read,ro,275940,276001,"ok"
3354,14,0,read,ro,275806,276005,"ok"
3355,14,0,read,ro,276005,276081,"ok"
3356,14,0,read,ro,276081,276144,"ok"
3357,3,0,read,ro,276003,276207,"ok"
3358,3,0,read,ro,276207,276281,"ok"
3359,14,0,read,ro,276144,276337,"ok"
3360,3,0,read,ro,276281,276340,"ok"
3361,14,0,read,ro,276337,276446,"ok"
3362,14,0,read,ro,276447,276514,"ok"
3363,3,0,read,ro,276341,276580,"ok"
3364,3,0,read,ro,276581,276656,"ok"
3365,14,0,read,ro,276514,276712,"ok"
3366,3,0,read,ro,276656,276718,"ok"
3367,14,0,read,ro,276713,276792,"ok"
3368,14,0,read,ro,276793,276860,"ok"
3369,3,0,read,ro,276718,276929,"ok"
3370,3,0,read,ro,276929,277001,"ok"
3371,14,0,read,ro,276860,277052,"ok"
3372,3,0,read,ro,277001,277062,"ok"
3373,14,0,read,ro,277052,277126,"ok"
3374,14,0,read,ro,277126,277194,"ok"
3375,3,0,read,ro,277062,277267,"ok"
3376,3,0,read,ro,277267,277339,"ok"
3377,14,0,read,ro,277194,277408,"ok"
3378,3,0,read,ro,277339,277424,"ok"
3379,14,0,read,ro,277408,277487,"ok"
3380,14,0,read,ro,277488,277555,"ok"
3381,3,0,read,ro,277424,277632,"ok"
3382,3,0,read,ro,277632,277704,"ok"
3383,14,0,read,ro,277555,277749,"ok"
3384,3,0,read,ro,277704,277769,"ok"
3385,14,0,read,ro,277749,277826,"ok"
3386,14,0,read,ro,277830,277898,"ok"
3387,3,0,read,ro,277770,277974,"ok"
3388,3,0,read,ro,277974,278045,"ok"
3389,14,0,read,ro,277898,278089,"ok"
3390,3,0,read,ro,278045,278106,"ok"
3391,14,0,read,ro,278089,278164,"ok"
3392,14,0,read,ro,278164,278232,"ok"
3393,3,0,read,ro,278106,278310,"ok"
3394,3,0,read,ro,278311,278404,"ok"
3395,14,0,read,ro,278232,278446,"ok"
3396,3,0,read,ro,278405,278469,"ok"
3397,14,0,read,ro,278447,278526,"ok"
3398,14,0,read,ro,278526,278594,"ok"
3399,3,0,read,ro,278469,278676,"ok"
3400,3,0,read,ro,278676,278752,"ok"
3401,14,0,read,ro,278594,278792,"ok"
3402,3,0,read,ro,278752,278813,"ok"
3403,14,0,read,ro,278792,278867,"ok"
3404,14,0,read,ro,278867,278935,"ok"
3405,3,0,read,ro,278813,279031,"ok"
3406,3,0,read,ro,279032,279105,"ok"
3407,14,0,read,ro,278935,279128,"ok"
3408,3,0,read,ro,279105,279166,"ok"
3409,14,0,read,ro,279128,279202,"ok"
3410,14,0,read,ro,279202,279271,"ok"
3411,1,0,read,ro,250357,250582,"ok"
3412,13,0,read,ro,263348,279497,"ok"
3413,1,0,read,ro,279410,279540,"ok"
3414,13,0,read,ro,279497,279574,"ok"
3415,1,0,read,ro,279540,279613,"ok"
3416,13,0,read,ro,279574,279821,"ok"
3417,1,0,read,ro,279613,279894,"ok"
3418,13,0,read,ro,279822,279910,"ok"
3419,1,0,read,ro,279898,279976,"ok"
3420,13,0,read,ro,279910,279983,"ok"
3421,1,0,read,ro,279976,280047,"ok"
3422,13,0,read,ro,279983,280191,"ok"
3423,1,0,read,ro,280047,280252,"ok"
3424,13,0,read,ro,280191,280270,"ok"
3425,1,0,read,ro,280252,280329,"ok"
3426,13,0,read,ro,280270,280342,"ok"
3427,1,0,read,ro,280329,280430,"ok"
3428,13,0,read,ro,280343,280576,"ok"
3429,1,0,read,ro,280431,280647,"ok"
3430,13,0,read,ro,280577,280656,"ok"
3431,1,0,read,ro,280647,280726,"ok"
3432,13,0,read,ro,280656,280730,"ok"
3433,1,0,read,ro,280726,280808,"ok"
3434,13,0,read,ro,280730,280936,"ok"
3435,1,0,read,ro,280808,281007,"ok"
3436,13,0,read,ro,280936,281015,"ok"
3437,1,0,read,ro,281007,281084,"ok"
3438,13,0,read,ro,281015,281089,"ok"
3439,1,0,read,ro,281084,281153,"ok"
3440,6,0,read,ro,255358,281240,"ok"
3441,7,0,read,ro,255204,281313,"ok"
3442,7,0,read,ro,281313,281420,"ok"
3443,7,0,read,ro,281420,281487,"ok"
3444,6,0,read,ro,281240,281525,"ok"
3445,6,0,read,ro,281525,281605,"ok"
3446,6,0,read,ro,281605,281667,"ok"
3447,7,0,read,ro,281487,281711,"ok"
3448,7,0,read,ro,281712,281790,"ok"
3449,7,0,read,ro,281790,281852,"ok"
3450,6,0,read,ro,281667,281874,"ok"
3451,6,0,read,ro,281875,281949,"ok"
3452,6,0,read,ro,281949,282011,"ok"
3453,7,0,read,ro,281857,282054,"ok"
3454,7,0,read,ro,282054,282126,"ok"
3455,5,0,read,ro,259246,282182,"ok"
3456,7,0,read,ro,282126,282189,"ok"
3457,5,0,read,ro,282182,282264,"ok"
3458,5,0,read,ro,282265,282334,"ok"
3459,7,0,read,ro,282189,282415,"ok"
3460,7,0,read,ro,282415,282493,"ok"
3461,7,0,read,ro,282493,282555,"ok"
3462,5,0,read,ro,282334,282573,"ok"
3463,5,0,read,ro,282573,282650,"ok"
3464,5,0,read,ro,282650,282712,"ok"
3465,7,0,read,ro,282555,282755,"ok"
3466,12,0,read,ro,243206,282801,"ok"
3467,7,0,read,ro,282756,282828,"ok"
3468,12,0,read,ro,282801,282890,"ok"
3469,7,0,read,ro,282828,282899,"ok"
3470,12,0,read,ro,282890,282964,"ok"
3471,7,0,read,ro,282899,283100,"ok"
3472,7,0,read,ro,283100,283175,"ok"
3473,12,0,read,ro,282964,283194,"ok"
3474,7,0,read,ro,283175,283240,"ok"
3475,12,0,read,ro,283194,283270,"ok"
3476,12,0,read,ro,283270,283341,"ok"
3477,4,0,read,ro,259204,283511,"ok"
3478,4,0,read,ro,283511,283593,"ok"
3479,12,0,read,ro,283341,283630,"ok"
3480,4,0,read,ro,283593,283656,"ok"
3481,12,0,read,ro,283631,283711,"ok"
3482,12,0,read,ro,283715,283790,"ok"
3483,4,0,read,ro,283656,283892,"ok"
3484,4,0,read,ro,283893,283964,"ok"
3485,12,0,read,ro,283790,283991,"ok"
3486,4,0,read,ro,283965,284027,"ok"
3487,12,0,read,ro,283991,284063,"ok"
3488,12,0,read,ro,284064,284133,"ok"
3489,4,0,read,ro,284027,284227,"ok"
3490,4,0,read,ro,284227,284300,"ok"
3491,12,0,read,ro,284133,284328,"ok"
3492,4,0,read,ro,284300,284360,"ok"
3493,12,0,read,ro,284329,284431,"ok"
3494,12,0,read,ro,284431,284503,"ok"
3495,4,0,read,ro,284361,284594,"ok"
3496,4,0,read,ro,284594,284667,"ok"
3497,12,0,read,ro,284503,284704,"ok"
3498,4,0,read,ro,284667,284733,"ok"
3499,12,0,read,ro,284705,284779,"ok"
3500,12,0,read,ro,284779,284854,"ok"
3501,4,0,read,ro,284734,284936,"ok"
3502,4,0,read,ro,284937,285007,"ok"
3503,12,0,read,ro,284854,285051,"ok"
3504,4,0,read,ro,285007,285069,"ok"
3505,12,0,read,ro,285051,285126,"ok"
3506,12,0,read,ro,285126,285195,"ok"
3507,4,0,read,ro,285069,285271,"ok"
3508,4,0,read,ro,285271,285341,"ok"
3509,15,0,read,ro,275308,285424,"ok"
3510,4,0,read,ro,285341,285426,"ok"
3511,15,0,read,ro,285424,285512,"ok"
3512,15,0,read,ro,285512,285576,"ok"
3513,4,0,read,ro,285427,285642,"ok"
3514,4,0,read,ro,285644,285716,"ok"
3515,15,0,read,ro,285576,285774,"ok"
3516,4,0,read,ro,285716,285782,"ok"
3517,15,0,read,ro,285774,285855,"ok"
3518,15,0,read,ro,285855,285922,"ok"
3519,4,0,read,ro,285782,285984,"ok"
3520,4,0,read,ro,285984,286054,"ok"
3521,4,0,read,ro,286054,286116,"ok"
3522,15,0,read,ro,285922,286117,"ok"
3523,15,0,read,ro,286118,286191,"ok"
3524,10,0,read,ro,267339,286218,"ok"
3525,15,0,read,ro,286191,286257,"ok"
3526,10,0,read,ro,286218,286292,"ok"
3527,15,0,read,ro,286257,286486,"ok"
3528,15,0,read,ro,286486,286562,"ok"
3529,10,0,read,ro,286292,286563,"ok"
3530,15,0,read,ro,286562,286628,"ok"
3531,10,0,read,ro,286563,286647,"ok"
3532,10,0,read,ro,286647,286720,"ok"
3533,15,0,read,ro,286628,286837,"ok"
3534,15,0,read,ro,286837,286911,"ok"
3535,10,0,read,ro,286720,286926,"ok"
3536,15,0,read,ro,286911,286975,"ok"
3537,10,0,read,ro,286926,287002,"ok"
3538,10,0,read,ro,287003,287075,"ok"
3539,15,0,read,ro,286975,287183,"ok"
3540,15,0,read,ro,287183,287255,"ok"
3541,10,0,read,ro,287075,287271,"ok"
3542,15,0,read,ro,287255,287320,"ok"
3543,10,0,read,ro,287271,287347,"ok"
3544,10,0,read,ro,287347,287467,"ok"
3545,15,0,read,ro,287320,287574,"ok"
3546,15,0,read,ro,287578,287656,"ok"
3547,10,0,read,ro,287468,287672,"ok"
3548,15,0,read,ro,287656,287720,"ok"
3549,10,0,read,ro,287673,287752,"ok"
3550,10,0,read,ro,287752,287823,"ok"
3551,15,0,read,ro,287721,287932,"ok"
3552,15,0,read,ro,287933,288004,"ok"
3553,10,0,read,ro,287823,288017,"ok"
3554,15,0,read,ro,288004,288067,"ok"
3555,10,0,read,ro,288017,288095,"ok"
3556,10,0,read,ro,288095,288166,"ok"
3557,15,0,read,ro,288067,288271,"ok"
3558,15,0,read,ro,288271,288345,"ok"
3559,10,0,read,ro,288166,288358,"ok"
3560,15,0,read,ro,288345,288436,"ok"
3561,10,0,read,ro,288359,288461,"ok"
3562,10,0,read,ro,288461,288532,"ok"
3563,15,0,read,ro,288436,288644,"ok"
3564,15,0,read,ro,288644,288717,"ok"
3565,10,0,read,ro,288532,288727,"ok"
3566,15,0,read,ro,288717,288782,"ok"
3567,10,0,read,ro,288727,288808,"ok"
3568,10,0,read,ro,288809,288878,"ok"
3569,15,0,read,ro,288782,288994,"ok"
3570,15,0,read,ro,288995,289065,"ok"
3571,15,0,read,ro,289065,289127,"ok"
3572,8,0,read,ro,275329,289138,"ok"
3573,8,0,read,ro,289138,289216,"ok"
3574,8,0,read,ro,289216,289279,"ok"
3575,15,0,read,ro,289127,289326,"ok"
3576,15,0,read,ro,289326,289424,"ok"
3577,15,0,read,ro,289424,289488,"ok"
3578,8,0,read,ro,289279,289503,"ok"
3579,8,0,read,ro,289503,289583,"ok"
3580,8,0,read,ro,289583,289646,"ok"
3581,15,0,read,ro,289492,289694,"ok"
3582,15,0,read,ro,289694,289766,"ok"
3583,15,0,read,ro,289766,289832,"ok"
3584,8,0,read,ro,289646,289849,"ok"
3585,8,0,read,ro,289850,289925,"ok"
3586,8,0,read,ro,289925,289988,"ok"
3587,15,0,read,ro,289832,290030,"ok"
3588,15,0,read,ro,290030,290102,"ok"
3589,15,0,read,ro,290102,290162,"ok"
3590,8,0,read,ro,289988,290184,"ok"
3591,8,0,read,ro,290185,290258,"ok"
3592,8,0,read,ro,290258,290320,"ok"
3593,14,0,read,ro,279271,290354,"ok"
3594,14,0,read,ro,290355,290466,"ok"
3595,14,0,read,ro,290466,290528,"ok"
3596,8,0,read,ro,290320,290541,"ok"
3597,8,0,read,ro,290541,290620,"ok"
3598,8,0,read,ro,290620,290682,"ok"
3599,14,0,read,ro,290528,290736,"ok"
3600,14,0,read,ro,290736,290820,"ok"
3601,14,0,read,ro,290821,290882,"ok"
3602,8,0,read,ro,290682,290885,"ok"
3603,8,0,read,ro,290885,290962,"ok"
3604,8,0,read,ro,290962,291025,"ok"
3605,14,0,read,ro,290883,291085,"ok"
3606,14,0,read,ro,291085,291158,"ok"
3607,8,0,read,ro,291025,291217,"ok"
3608,14,0,read,ro,291159,291221,"ok"
3609,8,0,read,ro,291217,291294,"ok"
3610,8,0,read,ro,291298,291419,"ok"
3611,14,0,read,ro,291221,291510,"ok"
3612,14,0,read,ro,291510,291590,"ok"
3613,8,0,read,ro,291419,291629,"ok"
3614,14,0,read,ro,291590,291652,"ok"
3615,8,0,read,ro,291630,291706,"ok"
3616,8,0,read,ro,291706,291780,"ok"
3617,14,0,read,ro,291652,291865,"ok"
3618,9,0,read,ro,271336,291878,"ok"
3619,14,0,read,ro,291865,291944,"ok"
3620,14,0,read,ro,291944,292012,"ok"
3621,9,0,read,ro,291879,292149,"ok"
3622,14,0,read,ro,292012,292204,"ok"
3623,9,0,read,ro,292149,292255,"ok"
3624,14,0,read,ro,292205,292277,"ok"
3625,14,0,read,ro,292277,292348,"ok"
3626,9,0,read,ro,292256,292357,"ok"
3627,14,0,read,ro,292348,292570,"ok"
3628,9,0,read,ro,292358,292635,"ok"
3629,14,0,read,ro,292571,292643,"ok"
3630,9,0,read,ro,292635,292713,"ok"
3631,14,0,read,ro,292643,292715,"ok"
3632,9,0,read,ro,292713,292792,"ok"
3633,14,0,read,ro,292715,292915,"ok"
3634,9,0,read,ro,292792,292987,"ok"
3635,14,0,read,ro,292915,292988,"ok"
3636,14,0,read,ro,292988,293054,"ok"
3637,9,0,read,ro,292987,293064,"ok"
3638,9,0,read,ro,293064,293134,"ok"
3639,14,0,read,ro,293054,293253,"ok"
3640,14,0,read,ro,293253,293325,"ok"
3641,9,0,read,ro,293135,293327,"ok"
3642,14,0,read,ro,293326,293411,"ok"
3643,9,0,read,ro,293331,293437,"ok"
3644,9,0,read,ro,293437,293508,"ok"
3645,14,0,read,ro,293411,293617,"ok"
3646,14,0,read,ro,293618,293691,"ok"
3647,9,0,read,ro,293508,293710,"ok"
3648,14,0,read,ro,293691,293753,"ok"
3649,9,0,read,ro,293710,293789,"ok"
3650,9,0,read,ro,293789,293860,"ok"
3651,14,0,read,ro,293753,293957,"ok"
3652,14,0,read,ro,293957,294030,"ok"
3653,9,0,read,ro,293860,294053,"ok"
3654,14,0,read,ro,294030,294091,"ok"
3655,9,0,read,ro,294053,294127,"ok"
3656,9,0,read,ro,294128,294196,"ok"
3657,14,0,read,ro,294091,294289,"ok"
3658,14,0,read,ro,294289,294361,"ok"
3659,9,0,read,ro,294197,294415,"ok"
3660,14,0,read,ro,294361,294448,"ok"
3661,9,0,read,ro,294415,294495,"ok"
3662,9,0,read,ro,294495,294565,"ok"
3663,3,0,read,ro,279166,294602,"ok"
3664,14,0,read,ro,294449,294655,"ok"
3665,3,0,read,ro,294602,294691,"ok"
3666,14,0,read,ro,294655,294729,"ok"
3667,3,0,read,ro,294691,294770,"ok"
3668,14,0,read,ro,294730,294803,"ok"
3669,14,0,read,ro,294803,295006,"ok"
3670,3,0,read,ro,294770,295017,"ok"
3671,14,0,read,ro,295006,295075,"ok"
3672,3,0,read,ro,295017,295095,"ok"
3673,14,0,read,ro,295075,295145,"ok"
3674,3,0,read,ro,295095,295168,"ok"
3675,14,0,read,ro,295149,295350,"ok"
3676,3,0,read,ro,295168,295450,"ok"
3677,14,0,read,ro,295350,295499,"ok"
3678,3,0,read,ro,295450,295531,"ok"
3679,14,0,read,ro,295499,295569,"ok"
3680,3,0,read,ro,295531,295601,"ok"
3681,14,0,read,ro,295569,295800,"ok"
3682,3,0,read,ro,295602,295836,"ok"
3683,14,0,read,ro,295800,295874,"ok"
3684,3,0,read,ro,295836,295910,"ok"
3685,14,0,read,ro,295874,295944,"ok"
3686,3,0,read,ro,295910,295979,"ok"
3687,14,0,read,ro,295944,296145,"ok"
3688,3,0,read,ro,295979,296181,"ok"
3689,14,0,read,ro,296145,296218,"ok"
3690,3,0,read,ro,296181,296256,"ok"
3691,14,0,read,ro,296219,296289,"ok"
3692,3,0,read,ro,296256,296328,"ok"
3693,14,0,read,ro,296289,296516,"ok"
3694,3,0,read,ro,296328,296559,"ok"
3695,14,0,read,ro,296516,296592,"ok"
3696,3,0,read,ro,296560,296635,"ok"
3697,14,0,read,ro,296592,296662,"ok"
3698,3,0,read,ro,296636,296706,"ok"
3699,14,0,read,ro,296662,296865,"ok"
3700,7,0,read,ro,283240,296899,"ok"
3701,14,0,read,ro,296865,296932,"ok"
3702,7,0,read,ro,296899,296978,"ok"
3703,14,0,read,ro,296933,297002,"ok"
3704,7,0,read,ro,296978,297048,"ok"
3705,7,0,read,ro,297048,297247,"ok"
3706,7,0,read,ro,297251,297316,"ok"
3707,7,0,read,ro,297316,297403,"ok"
3708,7,0,read,ro,297403,297604,"ok"
3709,7,0,read,ro,297604,297668,"ok"
3710,7,0,read,ro,297668,297734,"ok"
3711,7,0,read,ro,297734,297923,"ok"
3712,7,0,read,ro,297923,297987,"ok"
3713,7,0,read,ro,297987,298048,"ok"
3714,7,0,read,ro,298048,298237,"ok"
3715,7,0,read,ro,298237,298300,"ok"
3716,7,0,read,ro,298300,298360,"ok"
3717,7,0,read,ro,298360,298589,"ok"
3718,7,0,read,ro,298589,298655,"ok"
3719,7,0,read,ro,298655,298716,"ok"
3720,9,0,update,5000,306406,306430,"ok=true"
3721,0,0,read,5000,306434,306443,"observed"
3722,1,0,read,5000,306490,306493,"observed"
3723,9,0,update,5000,306432,306493,"ok=true"
3724,9,0,update,5000,306495,306553,"ok=true"
3725,9,0,update,5000,306556,306592,"ok=true"
3726,9,0,update,5000,306594,306612,"ok=true"
3727,9,0,update,5000,306613,306643,"ok=true"
3728,9,0,update,5000,306645,306673,"ok=true"
3729,9,0,update,5000,306674,306706,"ok=true"
3730,9,0,update,5000,306707,306737,"ok=true"
3731,9,0,update,5000,306738,306759,"ok=true"
3732,9,0,update,5000,306760,306831,"ok=true"
3733,9,0,update,5000,306832,306873,"ok=true"
3734,9,0,update,5000,306874,306939,"ok=true"
3735,9,0,update,5000,306941,306973,"ok=true"
3736,9,0,update,5000,306974,306997,"ok=true"
3737,9,0,update,5000,306998,307036,"ok=true"
3738,9,0,update,5000,307040,307107,"ok=true"
3739,9,0,update,5000,307108,307174,"ok=true"
3740,9,0,update,5000,307176,307220,"ok=true"
3741,9,0,update,5000,307221,307286,"ok=true"
3742,9,0,update,5000,307288,307354,"ok=true"
3743,9,0,update,5000,307355,307454,"ok=true"
3744,9,0,update,5000,307455,307503,"ok=true"
3745,9,0,update,5000,307504,307580,"ok=true"
3746,9,0,update,5000,307582,307635,"ok=true"
3747,9,0,update,5000,307637,307716,"ok=true"
3748,9,0,update,5000,307718,307808,"ok=true"
3749,9,0,update,5000,307810,307897,"ok=true"
3750,9,0,update,5000,307899,307976,"ok=true"
3751,9,0,update,5000,307978,308062,"ok=true"
3752,9,0,update,5000,308064,308131,"ok=true"
3753,9,0,update,5000,308133,308224,"ok=true"
3754,9,0,update,5000,308226,308311,"ok=true"
3755,9,0,update,5000,308312,308406,"ok=true"
3756,9,0,update,5000,308408,308520,"ok=true"
3757,9,0,update,5000,308522,308582,"ok=true"
3758,9,0,update,5000,308584,308660,"ok=true"
3759,9,0,update,5000,308662,308721,"ok=true"
3760,9,0,update,5000,308722,308803,"ok=true"
3761,9,0,update,5000,308805,308879,"ok=true"
3762,0,1,commit,5300+5301,309998,310036,"ok=true"
3763,0,2,commit,5300+5301,310040,310072,"ok=true"
3764,0,3,commit,5300+5301,310075,310110,"ok=true"
3765,0,4,commit,5300+5301,310113,310145,"ok=true"
3766,0,5,commit,5300+5301,310148,310186,"ok=true"
3767,0,6,commit,5300+5301,310189,310225,"ok=true"
3768,0,7,commit,5300+5301,310228,310265,"ok=true"
3769,0,8,commit,5300+5301,310268,310312,"ok=true"
3770,0,9,commit,5300+5301,310317,310361,"ok=true"
3771,0,10,commit,5300+5301,310364,310446,"ok=true"
3772,0,11,commit,5300+5301,310450,310498,"ok=true"
3773,0,12,commit,5300+5301,310501,310551,"ok=true"
3774,0,13,commit,5300+5301,310554,310610,"ok=true"
3775,0,14,commit,5300+5301,310613,310669,"ok=true"
3776,0,15,commit,5300+5301,310672,310741,"ok=true"
3777,0,16,commit,5300+5301,310744,310815,"ok=true"
3778,0,17,commit,5300+5301,310818,310888,"ok=true"
3779,0,18,commit,5300+5301,310891,310963,"ok=true"
3780,0,19,commit,5300+5301,310966,311031,"ok=true"
3781,0,20,commit,5300+5301,311034,311101,"ok=true"
3782,0,21,commit,5300+5301,311104,311170,"ok=true"
3783,0,22,commit,5300+5301,311172,311240,"ok=true"
3784,0,23,commit,5300+5301,311243,311313,"ok=true"
3785,0,24,commit,5300+5301,311316,311463,"ok=true"
3786,0,25,commit,5300+5301,311468,311545,"ok=true"
3787,0,26,commit,5300+5301,311548,311622,"ok=true"
3788,0,27,commit,5300+5301,311625,311700,"ok=true"
3789,0,28,commit,5300+5301,311703,311780,"ok=true"
3790,0,29,commit,5300+5301,311788,311872,"ok=true"
3791,0,30,commit,5300+5301,311875,311958,"ok=true"
3792,0,1,commit,del5400-ins5401,312865,312892,"ok=true"
3793,0,1,commit,del5400-ins5401,313450,313476,"ok=true"
3794,0,1,commit,del5400-ins5401,313960,313981,"ok=true"
3795,0,1,commit,del5400-ins5401,314474,314497,"ok=true"
3796,0,1,commit,del5400-ins5401,314972,314993,"ok=true"
3797,0,1,commit,del5400-ins5401,315538,315562,"ok=true"
3798,0,1,commit,del5400-ins5401,316041,316062,"ok=true"
3799,0,1,commit,del5400-ins5401,316560,316581,"ok=true"
3800,0,1,commit,del5400-ins5401,317050,317070,"ok=true"
3801,0,1,commit,del5400-ins5401,317852,317883,"ok=true"
3802,0,1,commit,del5400-ins5401,318424,318452,"ok=true"
3803,0,1,commit,del5400-ins5401,319052,319078,"ok=true"
3804,1,0,read2,5400+5401,319695,319696,"10"
3805,0,1,commit,del5400-ins5401,319672,319706,"ok=true"
3806,0,1,commit,del5400-ins5401,320235,320308,"ok=true"
3807,1,0,read2,5400+5401,320309,320310,"01"
3808,0,1,commit,del5400-ins5401,320907,320937,"ok=true"
3809,0,1,commit,del5400-ins5401,321548,321574,"ok=true"
3810,0,1,commit,del5400-ins5401,322111,322136,"ok=true"
3811,1,0,read2,5400+5401,322700,322700,"01"
3812,0,1,commit,del5400-ins5401,322676,322702,"ok=true"
3813,0,1,commit,del5400-ins5401,323147,323171,"ok=true"
3814,1,0,read2,5400+5401,323175,323175,"01"
3815,1,0,read2,5400+5401,323825,323826,"00"
3816,0,1,commit,del5400-ins5401,323807,323834,"ok=true"
3817,0,1,commit,del5400-ins5401,324343,324390,"ok=true"
3818,1,0,read2,5400+5401,324394,324395,"01"
3819,0,1,commit,del5400-ins5401,324946,324973,"ok=true"
3820,0,1,commit,del5400-ins5401,325431,325457,"ok=true"
3821,1,0,read2,5400+5401,325459,325459,"01"
3822,0,1,commit,del5400-ins5401,325988,326016,"ok=true"
3823,0,1,commit,del5400-ins5401,326472,326498,"ok=true"
3824,0,1,commit,del5400-ins5401,327067,327093,"ok=true"
3825,1,0,read2,5400+5401,328062,328063,"01"
3826,0,1,commit,del5400-ins5401,328013,328068,"ok=true"
3827,1,0,read2,5400+5401,328819,328820,"00"
3828,0,1,commit,del5400-ins5401,328796,328850,"ok=true"
3829,0,1,commit,del5400-ins5401,329487,329511,"ok=true"
3830,1,0,read2,5400+5401,330281,330282,"00"
3831,0,1,commit,del5400-ins5401,330257,330313,"ok=true"
3832,0,1,commit,first,330928,330948,"ok=true"
3833,1,2,commit,second,330948,330963,"ok=true"
3834,0,2,commit,first,332641,332663,"ok=true"
3835,1,1,commit,second,332663,332678,"ok=true"
3836,0,1,commit,first,333987,334008,"ok=true"
3837,1,2,commit,second,334008,334021,"ok=true"
3838,0,2,commit,first,335296,335316,"ok=true"
3839,1,1,commit,second,335317,335329,"ok=true"
3840,0,1,commit,first,336718,336744,"ok=true"
3841,1,2,commit,second,336745,336757,"ok=true"
3842,0,2,commit,first,338029,338046,"ok=true"
3843,1,1,commit,second,338046,338057,"ok=true"
3844,1,0,insert,6111,339214,339261,"ok"
3845,0,0,insert,6101,339226,339324,"ok"
3846,0,0,insert,6102,339324,339359,"ok"
3847,0,0,insert,6103,339360,339420,"ok"
3848,0,0,insert,6104,339421,339442,"ok"
3849,0,0,insert,6105,339442,339472,"ok"
3850,0,0,insert,6106,339472,339509,"ok"
3851,0,0,insert,6107,339509,339548,"ok"
3852,0,0,insert,6108,339548,339588,"ok"
3853,0,0,insert,6109,339589,339625,"ok"
3854,0,0,insert,6110,339625,339659,"ok"
3855,1,0,insert,6112,339262,339724,"ok"
3856,1,0,insert,6113,339724,339757,"ok"
3857,1,0,insert,6114,339757,339779,"ok"
3858,1,0,insert,6115,339779,339805,"ok"
3859,1,0,insert,6116,339805,339826,"ok"
3860,1,0,insert,6117,339826,339849,"ok"
3861,1,0,insert,6118,339849,339873,"ok"
3862,1,0,insert,6119,339874,339897,"ok"
3863,1,0,insert,6120,339897,339918,"ok"
3864,0,1,commit,t1,341536,341560,"ok=true"
3865,1,2,commit,t2,341560,341576,"ok=true"
3866,0,1,commit,6200,342478,342506,"ok=true"
3867,0,2,commit,6200,342562,342588,"ok=true"
3868,0,3,commit,6200,342634,342656,"ok=true"
3869,0,4,commit,6200,342697,342722,"ok=true"
3870,0,5,commit,6200,342768,342800,"ok=true"
3871,0,6,commit,6200,342847,342872,"ok=true"
3872,0,7,commit,6200,342914,342940,"ok=true"
3873,0,8,commit,6200,342982,343009,"ok=true"
3874,0,9,commit,6200,343051,343079,"ok=true"
3875,0,10,commit,6200,343117,343146,"ok=true"
3876,0,11,commit,6200,343196,343225,"ok=true"
3877,0,12,commit,6200,343266,343295,"ok=true"
3878,0,13,commit,6200,343336,343399,"ok=true"
3879,0,14,commit,6200,343458,343495,"ok=true"
3880,0,15,commit,6200,343535,343566,"ok=true"
3881,0,16,commit,6200,343605,343637,"ok=true"
3882,0,17,commit,6200,343676,343710,"ok=true"
3883,0,18,commit,6200,343752,343789,"ok=true"
3884,0,19,commit,6200,343828,343863,"ok=true"
3885,0,20,commit,6200,343902,343935,"ok=true"
3886,0,21,commit,6200,343974,344007,"ok=true"
3887,0,22,commit,6200,344046,344079,"ok=true"
3888,0,23,commit,6200,344118,344153,"ok=true"
3889,0,24,commit,6200,344192,344238,"ok=true"
3890,0,25,commit,6200,344283,344319,"ok=true"
3891,0,26,commit,6200,344358,344415,"ok=true"
3892,0,27,commit,6200,344454,344492,"ok=true"
3893,0,28,commit,6200,344531,344576,"ok=true"
3894,0,29,commit,6200,344615,344656,"ok=true"
3895,0,30,commit,6200,344696,344736,"ok=true"
3896,1,0,w-old,6202,347928,347929,"absent"
3897,1,0,w-old,6202,347927,347929,"live"
3898,1,0,w-new,6202,347933,347955,"present"
3899,0,1,commit,6202,347914,347958,"ok=true"
3900,1,1,w-old,6202,348031,348031,"absent"
3901,1,1,w-old,6202,348028,348031,"live"
3902,1,1,w-new,6202,348034,348054,"present"
3903,0,2,commit,6202,348019,348055,"ok=true"
3904,1,2,w-old,6202,348127,348128,"absent"
3905,1,2,w-old,6202,348126,348128,"live"
3906,1,2,w-new,6202,348128,348148,"present"
3907,0,3,commit,6202,348117,348153,"ok=true"
3908,1,3,w-old,6202,348221,348222,"absent"
3909,1,3,w-old,6202,348220,348222,"live"
3910,1,3,w-new,6202,348225,348245,"present"
3911,0,4,commit,6202,348210,348247,"ok=true"
3912,1,4,w-old,6202,348320,348320,"absent"
3913,1,4,w-old,6202,348319,348321,"live"
3914,1,4,w-new,6202,348324,348343,"present"
3915,0,5,commit,6202,348306,348346,"ok=true"
3916,1,5,w-old,6202,348436,348437,"absent"
3917,1,5,w-old,6202,348435,348437,"live"
3918,1,5,w-new,6202,348439,348459,"present"
3919,0,6,commit,6202,348425,348461,"ok=true"
3920,1,6,w-old,6202,348531,348531,"absent"
3921,1,6,w-old,6202,348530,348532,"live"
3922,1,6,w-new,6202,348532,348555,"present"
3923,0,7,commit,6202,348520,348560,"ok=true"
3924,1,7,w-old,6202,348627,348628,"absent"
3925,1,7,w-old,6202,348626,348628,"live"
3926,1,7,w-new,6202,348631,348650,"present"
3927,0,8,commit,6202,348616,348655,"ok=true"
3928,1,8,w-old,6202,348724,348725,"absent"
3929,1,8,w-old,6202,348723,348725,"live"
3930,1,8,w-new,6202,348728,348747,"present"
3931,0,9,commit,6202,348714,348752,"ok=true"
3932,1,9,w-old,6202,348823,348824,"absent"
3933,1,9,w-old,6202,348822,348824,"live"
3934,1,9,w-new,6202,348826,348846,"present"
3935,0,10,commit,6202,348809,348851,"ok=true"
3936,1,10,w-old,6202,348919,348919,"absent"
3937,1,10,w-old,6202,348918,348919,"live"
3938,1,10,w-new,6202,348922,348942,"present"
3939,0,11,commit,6202,348907,348948,"ok=true"
3940,1,11,w-old,6202,349013,349013,"absent"
3941,1,11,w-old,6202,349012,349013,"live"
3942,1,11,w-new,6202,349016,349045,"present"
3943,0,12,commit,6202,349002,349051,"ok=true"
3944,1,12,w-old,6202,349116,349117,"absent"
3945,1,12,w-old,6202,349115,349117,"live"
3946,1,12,w-new,6202,349120,349139,"present"
3947,0,13,commit,6202,349105,349146,"ok=true"
3948,1,13,w-old,6202,349212,349213,"absent"
3949,1,13,w-old,6202,349211,349213,"live"
3950,1,13,w-new,6202,349213,349234,"present"
3951,0,14,commit,6202,349200,349245,"ok=true"
3952,1,14,w-old,6202,349305,349306,"absent"
3953,1,14,w-old,6202,349304,349306,"live"
3954,1,14,w-new,6202,349309,349329,"present"
3955,0,15,commit,6202,349294,349336,"ok=true"
3956,1,15,w-old,6202,349429,349429,"absent"
3957,1,15,w-old,6202,349428,349430,"live"
3958,1,15,w-new,6202,349432,349452,"present"
3959,0,16,commit,6202,349419,349511,"ok=true"
3960,0,17,commit,6202,349523,349569,"ok=true"
3961,1,16,w-old,6202,349571,349571,"absent"
3962,1,16,w-old,6202,349521,349572,"live"
3963,1,16,w-new,6202,349573,349574,"present"
3964,1,17,w-old,6202,349652,349652,"absent"
3965,1,17,w-old,6202,349651,349652,"live"
3966,1,17,w-new,6202,349653,349677,"present"
3967,0,18,commit,6202,349637,349695,"ok=true"
3968,1,18,w-old,6202,349760,349760,"absent"
3969,1,18,w-old,6202,349758,349761,"live"
3970,1,18,w-new,6202,349763,349782,"present"
3971,0,19,commit,6202,349745,349798,"ok=true"
3972,1,19,w-old,6202,349853,349854,"absent"
3973,1,19,w-old,6202,349853,349854,"live"
3974,1,19,w-new,6202,349857,349878,"present"
3975,0,20,commit,6202,349843,349896,"ok=true"
3976,1,20,w-old,6202,349959,349960,"absent"
3977,1,20,w-old,6202,349958,349960,"live"
3978,1,20,w-new,6202,349963,349983,"present"
3979,0,21,commit,6202,349946,349996,"ok=true"
3980,1,21,w-old,6202,350054,350054,"absent"
3981,1,21,w-old,6202,350053,350054,"live"
3982,1,21,w-new,6202,350057,350077,"present"
3983,0,22,commit,6202,350043,350089,"ok=true"
3984,1,22,w-old,6202,350148,350149,"absent"
3985,1,22,w-old,6202,350147,350149,"live"
3986,1,22,w-new,6202,350151,350155,"present"
3987,0,23,commit,6202,350137,350171,"ok=true"
3988,1,23,w-old,6202,350224,350224,"absent"
3989,1,23,w-old,6202,350223,350224,"live"
3990,1,23,w-new,6202,350227,350246,"present"
3991,0,24,commit,6202,350210,350260,"ok=true"
3992,1,24,w-old,6202,350314,350314,"absent"
3993,1,24,w-old,6202,350313,350314,"live"
3994,1,24,w-new,6202,350317,350337,"present"
3995,0,25,commit,6202,350303,350351,"ok=true"
3996,1,25,w-old,6202,350430,350431,"absent"
3997,1,25,w-old,6202,350429,350431,"live"
3998,1,25,w-new,6202,350434,350457,"present"
3999,0,26,commit,6202,350420,350471,"ok=true"
4000,1,26,w-old,6202,350525,350525,"absent"
4001,1,26,w-old,6202,350524,350525,"live"
4002,1,26,w-new,6202,350529,350550,"present"
4003,0,27,commit,6202,350513,350563,"ok=true"
4004,1,27,w-old,6202,350620,350621,"absent"
4005,1,27,w-old,6202,350620,350621,"live"
4006,1,27,w-new,6202,350621,350643,"present"
4007,0,28,commit,6202,350607,350664,"ok=true"
4008,1,28,w-old,6202,350711,350713,"absent"
4009,1,28,w-old,6202,350711,350713,"live"
4010,1,28,w-new,6202,350716,350738,"present"
4011,0,29,commit,6202,350700,350754,"ok=true"
4012,1,29,w-old,6202,350810,350810,"absent"
4013,1,29,w-old,6202,350809,350810,"live"
4014,1,29,w-new,6202,350813,350835,"present"
4015,0,30,commit,6202,350799,350850,"ok=true"
4016,1,30,w-old,6202,350903,350903,"absent"
4017,1,30,w-old,6202,350902,350903,"live"
4018,1,30,w-new,6202,350906,350928,"present"
4019,0,31,commit,6202,350892,350945,"ok=true"
4020,1,31,w-old,6202,350996,350997,"absent"
4021,1,31,w-old,6202,350995,350997,"live"
4022,1,31,w-new,6202,351000,351022,"present"
4023,0,32,commit,6202,350986,351041,"ok=true"
4024,1,32,w-old,6202,351094,351094,"absent"
4025,1,32,w-old,6202,351093,351095,"live"
4026,1,32,w-new,6202,351097,351120,"present"
4027,0,33,commit,6202,351080,351137,"ok=true"
4028,1,33,w-old,6202,351187,351188,"absent"
4029,1,33,w-old,6202,351186,351188,"live"
4030,1,33,w-new,6202,351191,351213,"present"
4031,0,34,commit,6202,351176,351228,"ok=true"
4032,1,34,w-old,6202,351281,351282,"absent"
4033,1,34,w-old,6202,351280,351282,"live"
4034,1,34,w-new,6202,351285,351288,"present"
4035,0,35,commit,6202,351270,351311,"ok=true"
4036,1,35,w-old,6202,351356,351356,"absent"
4037,1,35,w-old,6202,351355,351356,"live"
4038,0,36,commit,6202,351345,351431,"ok=true"
4039,1,35,w-new,6202,351359,351441,"present"
4040,0,37,commit,6202,351476,351516,"ok=true"
4041,1,36,w-old,6202,351517,351517,"absent"
4042,1,36,w-new,6202,351517,351518,"present"
4043,1,37,w-old,6202,351595,351596,"absent"
4044,1,37,w-old,6202,351594,351597,"live"
4045,1,37,w-new,6202,351615,351634,"present"
4046,0,38,commit,6202,351576,351674,"ok=true"
4047,1,38,w-old,6202,351713,351714,"absent"
4048,1,38,w-old,6202,351712,351714,"live"
4049,1,38,w-new,6202,351717,351738,"present"
4050,0,39,commit,6202,351701,351757,"ok=true"
4051,1,39,w-old,6202,351806,351806,"absent"
4052,1,39,w-old,6202,351805,351806,"live"
4053,1,39,w-new,6202,351809,351828,"present"
4054,0,40,commit,6202,351794,351848,"ok=true"
4055,0,1,commit,del,353850,353859,"ok=true"
4056,1,2,commit,ins,353862,353882,"ok=true"
4057,0,3,commit,ins-first,353900,353917,"ok=true"
4058,1,4,commit,del-old,353919,353925,"ok=true"
4059,0,0,insert,A/6400,355684,355711,"ok"
4060,1,0,insert,B/6401,355722,355750,"ok"
4061,0,1,commit,6500,357794,357827,"ok=true"
4062,0,1,stage,3 ops,366863,366863,"ok"
4063,2,2,stage,3 ops,366883,366883,"ok"
4064,1,3,stage,3 ops,366915,366915,"ok"
4065,0,2,commit,out-of-order,367009,367061,"ok=true"
4066,1,1,commit,out-of-order,367061,367116,"ok=true"
4067,2,3,commit,out-of-order,367117,367168,"ok=true"
4068,3,3,commit,contend,369304,369393,"ok=true"
4069,2,2,commit,contend,369316,369453,"ok=true"
4070,1,4,commit,contend,369318,369516,"ok=true"
4071,0,1,commit,contend,369338,369554,"ok=true"
4072,0,1,commit,contend,371260,371299,"ok=true"
4073,1,4,commit,contend,371261,371346,"ok=true"
4074,2,2,commit,contend,371262,371456,"ok=true"
4075,3,3,commit,contend,371276,371512,"ok=true"
4076,1,4,commit,contend,373232,373267,"ok=true"
4077,0,1,commit,contend,373234,373308,"ok=true"
4078,3,3,commit,contend,373238,373366,"ok=true"
4079,2,2,commit,contend,373242,373425,"ok=true"
4080,2,0,u-read,6700,374973,374979,"v=0"
4081,0,0,u-write,6700,374958,374992,"v=1"
4082,3,0,u-read,6700,375010,375015,"v=2"
4083,3,0,u-read,6700,375015,375016,"v=2"
4084,3,0,u-read,6700,375017,375018,"v=2"
4085,3,0,u-read,6700,375018,375019,"v=2"
4086,3,0,u-read,6700,375019,375020,"v=2"
4087,3,0,u-read,6700,375021,375021,"v=2"
4088,3,0,u-read,6700,375022,375023,"v=2"
4089,3,0,u-read,6700,375023,375024,"v=2"
4090,1,0,u-write,6700,374992,375039,"v=2"
4091,2,0,u-read,6700,375041,375044,"v=2"
4092,2,0,u-read,6700,375045,375046,"v=2"
4093,2,0,u-read,6700,375047,375047,"v=2"
4094,2,0,u-read,6700,375048,375049,"v=2"
4095,2,0,u-read,6700,375049,375050,"v=2"
4096,2,0,u-read,6700,375050,375051,"v=2"
4097,2,0,u-read,6700,375060,375061,"v=2"
4098,2,0,u-read,6700,375061,375062,"v=2"
4099,2,0,u-read,6700,375063,375064,"v=2"
4100,2,0,u-read,6700,375064,375065,"v=2"
4101,2,0,u-read,6700,375065,375066,"v=2"
4102,2,0,u-read,6700,375067,375068,"v=2"
4103,2,0,u-read,6700,375069,375069,"v=2"
4104,2,0,u-read,6700,375070,375071,"v=2"
4105,0,0,u-write,6700,374995,375099,"v=3"
4106,2,0,u-read,6700,375072,375116,"v=3"
4107,3,0,u-read,6700,375107,375139,"v=3"
4108,3,0,u-read,6700,375140,375161,"v=5"
4109,3,0,u-read,6700,375162,375163,"v=5"
4110,3,0,u-read,6700,375163,375165,"v=5"
4111,3,0,u-read,6700,375165,375166,"v=5"
4112,0,0,u-write,6700,375101,375166,"v=5"
4113,2,0,u-read,6700,375138,375170,"v=5"
4114,2,0,u-read,6700,375174,375175,"v=5"
4115,2,0,u-read,6700,375176,375177,"v=5"
4116,2,0,u-read,6700,375179,375180,"v=5"
4117,2,0,u-read,6700,375181,375185,"v=4"
4118,2,0,u-read,6700,375187,375188,"v=4"
4119,2,0,u-read,6700,375190,375191,"v=4"
4120,2,0,u-read,6700,375191,375192,"v=4"
4121,2,0,u-read,6700,375193,375193,"v=4"
4122,1,0,u-write,6700,375078,375195,"v=4"
4123,3,0,u-read,6700,375197,375199,"v=4"
4124,3,0,u-read,6700,375203,375204,"v=4"
4125,3,0,u-read,6700,375205,375207,"v=4"
4126,3,0,u-read,6700,375208,375212,"v=7"
4127,3,0,u-read,6700,375214,375215,"v=7"
4128,3,0,u-read,6700,375216,375217,"v=7"
4129,3,0,u-read,6700,375218,375218,"v=7"
4130,3,0,u-read,6700,375219,375220,"v=7"
4131,3,0,u-read,6700,375220,375221,"v=7"
4132,3,0,u-read,6700,375221,375222,"v=7"
4133,3,0,u-read,6700,375222,375223,"v=7"
4134,0,0,u-write,6700,375173,375224,"v=7"
4135,2,0,u-read,6700,375225,375226,"v=7"
4136,2,0,u-read,6700,375229,375230,"v=7"
4137,2,0,u-read,6700,375231,375232,"v=7"
4138,2,0,u-read,6700,375234,375235,"v=7"
4139,2,0,u-read,6700,375236,375237,"v=7"
4140,2,0,u-read,6700,375239,375244,"v=6"
4141,2,0,u-read,6700,375245,375246,"v=6"
4142,2,0,u-read,6700,375246,375247,"v=6"
4143,2,0,u-read,6700,375247,375248,"v=6"
4144,2,0,u-read,6700,375248,375249,"v=6"
4145,2,0,u-read,6700,375249,375250,"v=6"
4146,2,0,u-read,6700,375251,375251,"v=6"
4147,2,0,u-read,6700,375252,375252,"v=6"
4148,2,0,u-read,6700,375253,375254,"v=6"
4149,1,0,u-write,6700,375202,375254,"v=6"
4150,3,0,u-read,6700,375237,375256,"v=6"
4151,3,0,u-read,6700,375259,375260,"v=6"
4152,3,0,u-read,6700,375261,375262,"v=6"
4153,3,0,u-read,6700,375263,375264,"v=6"
4154,3,0,u-read,6700,375267,375271,"v=9"
4155,3,0,u-read,6700,375272,375273,"v=9"
4156,3,0,u-read,6700,375274,375275,"v=9"
4157,3,0,u-read,6700,375275,375276,"v=9"
4158,3,0,u-read,6700,375276,375277,"v=9"
4159,3,0,u-read,6700,375277,375278,"v=9"
4160,3,0,u-read,6700,375279,375279,"v=9"
4161,3,0,u-read,6700,375280,375281,"v=9"
4162,0,0,u-write,6700,375228,375281,"v=9"
4163,2,0,u-read,6700,375264,375283,"v=9"
4164,2,0,u-read,6700,375286,375287,"v=9"
4165,2,0,u-read,6700,375288,375289,"v=9"
4166,2,0,u-read,6700,375290,375291,"v=9"
4167,2,0,u-read,6700,375292,375297,"v=8"
4168,2,0,u-read,6700,375298,375299,"v=8"
4169,2,0,u-read,6700,375300,375300,"v=8"
4170,2,0,u-read,6700,375301,375302,"v=8"
4171,2,0,u-read,6700,375302,375303,"v=8"
4172,2,0,u-read,6700,375303,375304,"v=8"
4173,2,0,u-read,6700,375304,375305,"v=8"
4174,2,0,u-read,6700,375305,375306,"v=8"
4175,2,0,u-read,6700,375307,375307,"v=8"
4176,2,0,u-read,6700,375308,375308,"v=8"
4177,1,0,u-write,6700,375258,375309,"v=8"
4178,3,0,u-read,6700,375309,375311,"v=8"
4179,3,0,u-read,6700,375314,375315,"v=8"
4180,3,0,u-read,6700,375316,375317,"v=8"
4181,3,0,u-read,6700,375318,375324,"v=11"
4182,3,0,u-read,6700,375325,375326,"v=11"
4183,3,0,u-read,6700,375327,375327,"v=11"
4184,3,0,u-read,6700,375328,375329,"v=11"
4185,3,0,u-read,6700,375329,375330,"v=11"
4186,3,0,u-read,6700,375331,375332,"v=11"
4187,3,0,u-read,6700,375332,375333,"v=11"
4188,0,0,u-write,6700,375285,375335,"v=11"
4189,3,0,u-read,6700,375334,375335,"v=11"
4190,2,0,u-read,6700,375317,375337,"v=11"
4191,2,0,u-read,6700,375339,375341,"v=11"
4192,2,0,u-read,6700,375342,375343,"v=11"
4193,2,0,u-read,6700,375344,375345,"v=11"
4194,2,0,u-read,6700,375346,375352,"v=10"
4195,2,0,u-read,6700,375352,375353,"v=10"
4196,2,0,u-read,6700,375353,375354,"v=10"
4197,2,0,u-read,6700,375354,375355,"v=10"
4198,2,0,u-read,6700,375356,375356,"v=10"
4199,2,0,u-read,6700,375357,375357,"v=10"
4200,2,0,u-read,6700,375358,375358,"v=10"
4201,2,0,u-read,6700,375359,375360,"v=10"
4202,2,0,u-read,6700,375360,375361,"v=10"
4203,2,0,u-read,6700,375361,375362,"v=10"
4204,1,0,u-write,6700,375313,375362,"v=10"
4205,3,0,u-read,6700,375345,375364,"v=10"
4206,0,0,u-write,6700,375339,375469,"v=13"
4207,2,0,u-read,6700,375470,375472,"v=13"
4208,0,0,u-write,6700,375475,375495,"v=15"
4209,2,0,u-read,6700,375496,375497,"v=15"
4210,0,0,u-write,6700,375499,375516,"v=17"
4211,2,0,u-read,6700,375517,375518,"v=17"
4212,0,0,u-write,6700,375519,375538,"v=19"
4213,2,0,u-read,6700,375539,375540,"v=19"
4214,0,0,u-write,6700,375542,375561,"v=21"
4215,2,0,u-read,6700,375562,375563,"v=21"
4216,0,0,u-write,6700,375564,375583,"v=23"
4217,2,0,u-read,6700,375583,375584,"v=23"
4218,0,0,u-write,6700,375588,375605,"v=25"
4219,2,0,u-read,6700,375606,375607,"v=25"
4220,0,0,u-write,6700,375608,375628,"v=27"
4221,2,0,u-read,6700,375629,375630,"v=27"
4222,0,0,u-write,6700,375631,375649,"v=29"
4223,2,0,u-read,6700,375650,375665,"v=29"
4224,2,0,u-read,6700,375667,375669,"v=29"
4225,2,0,u-read,6700,375670,375671,"v=29"
4226,2,0,u-read,6700,375672,375673,"v=29"
4227,2,0,u-read,6700,375674,375679,"v=12"
4228,2,0,u-read,6700,375681,375682,"v=12"
4229,2,0,u-read,6700,375683,375684,"v=12"
4230,2,0,u-read,6700,375684,375685,"v=12"
4231,2,0,u-read,6700,375685,375686,"v=12"
4232,2,0,u-read,6700,375686,375687,"v=12"
4233,2,0,u-read,6700,375687,375688,"v=12"
4234,2,0,u-read,6700,375688,375689,"v=12"
4235,2,0,u-read,6700,375689,375690,"v=12"
4236,2,0,u-read,6700,375690,375691,"v=12"
4237,2,0,u-read,6700,375691,375692,"v=12"
4238,2,0,u-read,6700,375693,375693,"v=12"
4239,2,0,u-read,6700,375694,375694,"v=12"
4240,2,0,u-read,6700,375695,375696,"v=12"
4241,2,0,u-read,6700,375696,375697,"v=12"
4242,2,0,u-read,6700,375697,375698,"v=12"
4243,2,0,u-read,6700,375698,375699,"v=12"
4244,2,0,u-read,6700,375699,375700,"v=12"
4245,2,0,u-read,6700,375700,375701,"v=12"
4246,2,0,u-read,6700,375701,375702,"v=12"
4247,2,0,u-read,6700,375702,375703,"v=12"
4248,2,0,u-read,6700,375703,375704,"v=12"
4249,2,0,u-read,6700,375705,375705,"v=12"
4250,2,0,u-read,6700,375707,375708,"v=12"
4251,2,0,u-read,6700,375708,375709,"v=12"
4252,2,0,u-read,6700,375709,375710,"v=12"
4253,2,0,u-read,6700,375710,375711,"v=12"
4254,1,0,u-write,6700,375650,375712,"v=12"
4255,3,0,u-read,6700,375713,375716,"v=12"
4256,3,0,u-read,6700,375719,375720,"v=12"
4257,3,0,u-read,6700,375721,375722,"v=12"
4258,3,0,u-read,6700,375723,375726,"v=31"
4259,3,0,u-read,6700,375727,375728,"v=31"
4260,3,0,u-read,6700,375729,375730,"v=31"
4261,3,0,u-read,6700,375731,375732,"v=31"
4262,3,0,u-read,6700,375733,375734,"v=31"
4263,3,0,u-read,6700,375734,375735,"v=31"
4264,3,0,u-read,6700,375736,375736,"v=31"
4265,3,0,u-read,6700,375737,375737,"v=31"
4266,3,0,u-read,6700,375738,375738,"v=31"
4267,3,0,u-read,6700,375739,375739,"v=31"
4268,3,0,u-read,6700,375740,375740,"v=31"
4269,3,0,u-read,6700,375741,375741,"v=31"
4270,3,0,u-read,6700,375742,375743,"v=31"
4271,3,0,u-read,6700,375743,375744,"v=31"
4272,3,0,u-read,6700,375744,375745,"v=31"
4273,3,0,u-read,6700,375745,375746,"v=31"
4274,3,0,u-read,6700,375746,375747,"v=31"
4275,3,0,u-read,6700,375747,375748,"v=31"
4276,3,0,u-read,6700,375749,375750,"v=31"
4277,0,0,u-write,6700,375666,375750,"v=31"
4278,2,0,u-read,6700,375716,375752,"v=31"
4279,2,0,u-read,6700,375754,375756,"v=31"
4280,2,0,u-read,6700,375757,375758,"v=31"
4281,2,0,u-read,6700,375759,375763,"v=14"
4282,2,0,u-read,6700,375765,375766,"v=14"
4283,2,0,u-read,6700,375767,375768,"v=14"
4284,2,0,u-read,6700,375769,375770,"v=14"
4285,2,0,u-read,6700,375771,375771,"v=14"
4286,2,0,u-read,6700,375772,375772,"v=14"
4287,2,0,u-read,6700,375773,375773,"v=14"
4288,2,0,u-read,6700,375774,375774,"v=14"
4289,2,0,u-read,6700,375775,375775,"v=14"
4290,2,0,u-read,6700,375776,375776,"v=14"
4291,2,0,u-read,6700,375777,375778,"v=14"
4292,2,0,u-read,6700,375778,375779,"v=14"
4293,2,0,u-read,6700,375779,375780,"v=14"
4294,2,0,u-read,6700,375780,375781,"v=14"
4295,2,0,u-read,6700,375781,375782,"v=14"
4296,1,0,u-write,6700,375718,375784,"v=14"
4297,3,0,u-read,6700,375785,375787,"v=14"
4298,2,0,u-read,6700,375782,375788,"v=14"
4299,2,0,u-read,6700,375791,375792,"v=14"
4300,2,0,u-read,6700,375793,375794,"v=14"
4301,2,0,u-read,6700,375795,375797,"v=16"
4302,2,0,u-read,6700,375798,375799,"v=16"
4303,2,0,u-read,6700,375800,375801,"v=16"
4304,2,0,u-read,6700,375802,375803,"v=16"
4305,2,0,u-read,6700,375804,375805,"v=16"
4306,2,0,u-read,6700,375805,375806,"v=16"
4307,2,0,u-read,6700,375806,375807,"v=16"
4308,2,0,u-read,6700,375808,375808,"v=16"
4309,2,0,u-read,6700,375809,375809,"v=16"
4310,2,0,u-read,6700,375810,375810,"v=16"
4311,2,0,u-read,6700,375811,375811,"v=16"
4312,2,0,u-read,6700,375812,375812,"v=16"
4313,2,0,u-read,6700,375813,375813,"v=16"
4314,1,0,u-write,6700,375788,375814,"v=16"
4315,3,0,u-read,6700,375816,375817,"v=16"
4316,3,0,u-read,6700,375820,375821,"v=16"
4317,3,0,u-read,6700,375822,375823,"v=16"
4318,3,0,u-read,6700,375824,375825,"v=16"
4319,3,0,u-read,6700,375826,375832,"v=33"
4320,3,0,u-read,6700,375832,375833,"v=33"
4321,3,0,u-read,6700,375833,375834,"v=33"
4322,3,0,u-read,6700,375834,375835,"v=33"
4323,3,0,u-read,6700,375835,375836,"v=33"
4324,3,0,u-read,6700,375836,375837,"v=33"
4325,3,0,u-read,6700,375837,375838,"v=33"
4326,3,0,u-read,6700,375839,375839,"v=33"
4327,3,0,u-read,6700,375840,375840,"v=33"
4328,3,0,u-read,6700,375841,375841,"v=33"
4329,3,0,u-read,6700,375842,375842,"v=33"
4330,3,0,u-read,6700,375843,375844,"v=33"
4331,3,0,u-read,6700,375844,375845,"v=33"
4332,3,0,u-read,6700,375845,375846,"v=33"
4333,3,0,u-read,6700,375846,375847,"v=33"
4334,3,0,u-read,6700,375847,375848,"v=33"
4335,3,0,u-read,6700,375848,375849,"v=33"
4336,3,0,u-read,6700,375849,375850,"v=33"
4337,3,0,u-read,6700,375850,375851,"v=33"
4338,3,0,u-read,6700,375851,375852,"v=33"
4339,3,0,u-read,6700,375852,375853,"v=33"
4340,0,0,u-write,6700,375754,375854,"v=33"
4341,2,0,u-read,6700,375825,375856,"v=33"
4342,2,0,u-read,6700,375858,375859,"v=33"
4343,2,0,u-read,6700,375860,375861,"v=33"
4344,2,0,u-read,6700,375862,375867,"v=18"
4345,2,0,u-read,6700,375868,375869,"v=18"
4346,2,0,u-read,6700,375872,375872,"v=18"
4347,2,0,u-read,6700,375873,375874,"v=18"
4348,2,0,u-read,6700,375874,375875,"v=18"
4349,2,0,u-read,6700,375875,375876,"v=18"
4350,2,0,u-read,6700,375876,375877,"v=18"
4351,2,0,u-read,6700,375877,375878,"v=18"
4352,2,0,u-read,6700,375878,375879,"v=18"
4353,2,0,u-read,6700,375879,375880,"v=18"
4354,2,0,u-read,6700,375880,375881,"v=18"
4355,2,0,u-read,6700,375881,375882,"v=18"
4356,2,0,u-read,6700,375882,375883,"v=18"
4357,2,0,u-read,6700,375883,375884,"v=18"
4358,2,0,u-read,6700,375884,375885,"v=18"
4359,2,0,u-read,6700,375885,375886,"v=18"
4360,2,0,u-read,6700,375886,375887,"v=18"
4361,2,0,u-read,6700,375887,375888,"v=18"
4362,2,0,u-read,6700,375888,375889,"v=18"
4363,1,0,u-write,6700,375819,375890,"v=18"
4364,3,0,u-read,6700,375890,375892,"v=18"
4365,3,0,u-read,6700,375894,375896,"v=18"
4366,3,0,u-read,6700,375897,375898,"v=18"
4367,3,0,u-read,6700,375899,375904,"v=35"
4368,3,0,u-read,6700,375906,375907,"v=35"
4369,3,0,u-read,6700,375907,375908,"v=35"
4370,3,0,u-read,6700,375908,375909,"v=35"
4371,3,0,u-read,6700,375909,375910,"v=35"
4372,3,0,u-read,6700,375910,375911,"v=35"
4373,3,0,u-read,6700,375911,375912,"v=35"
4374,3,0,u-read,6700,375913,375913,"v=35"
4375,3,0,u-read,6700,375914,375915,"v=35"
4376,3,0,u-read,6700,375915,375916,"v=35"
4377,3,0,u-read,6700,375916,375917,"v=35"
4378,3,0,u-read,6700,375919,375920,"v=35"
4379,3,0,u-read,6700,375921,375921,"v=35"
4380,3,0,u-read,6700,375922,375922,"v=35"
4381,3,0,u-read,6700,375923,375923,"v=35"
4382,3,0,u-read,6700,375924,375924,"v=35"
4383,3,0,u-read,6700,375925,375925,"v=35"
4384,3,0,u-read,6700,375926,375926,"v=35"
4385,0,0,u-write,6700,375857,375927,"v=35"
4386,2,0,u-read,6700,375898,375929,"v=35"
4387,2,0,u-read,6700,375932,375933,"v=35"
4388,2,0,u-read,6700,375934,375935,"v=35"
4389,2,0,u-read,6700,375936,375939,"v=20"
4390,2,0,u-read,6700,375940,375941,"v=20"
4391,2,0,u-read,6700,375942,375943,"v=20"
4392,2,0,u-read,6700,375944,375945,"v=20"
4393,2,0,u-read,6700,375946,375946,"v=20"
4394,2,0,u-read,6700,375947,375948,"v=20"
4395,2,0,u-read,6700,375948,375949,"v=20"
4396,2,0,u-read,6700,375949,375950,"v=20"
4397,2,0,u-read,6700,375950,375951,"v=20"
4398,2,0,u-read,6700,375951,375952,"v=20"
4399,2,0,u-read,6700,375952,375953,"v=20"
4400,2,0,u-read,6700,375953,375954,"v=20"
4401,2,0,u-read,6700,375954,375955,"v=20"
4402,2,0,u-read,6700,375955,375956,"v=20"
4403,2,0,u-read,6700,375956,375957,"v=20"
4404,2,0,u-read,6700,375957,375958,"v=20"
4405,2,0,u-read,6700,375958,375959,"v=20"
4406,2,0,u-read,6700,375959,375960,"v=20"
4407,2,0,u-read,6700,375960,375961,"v=20"
4408,2,0,u-read,6700,375962,375962,"v=20"
4409,2,0,u-read,6700,375963,375963,"v=20"
4410,2,0,u-read,6700,375965,375966,"v=20"
4411,1,0,u-write,6700,375894,375967,"v=20"
4412,3,0,u-read,6700,375968,375969,"v=20"
4413,3,0,u-read,6700,375972,375973,"v=20"
4414,3,0,u-read,6700,375974,375975,"v=20"
4415,3,0,u-read,6700,375976,375977,"v=20"
4416,3,0,u-read,6700,375978,375982,"v=37"
4417,3,0,u-read,6700,375983,375984,"v=37"
4418,3,0,u-read,6700,375985,375985,"v=37"
4419,3,0,u-read,6700,375986,375987,"v=37"
4420,3,0,u-read,6700,375987,375988,"v=37"
4421,3,0,u-read,6700,375988,375989,"v=37"
4422,3,0,u-read,6700,375989,375990,"v=37"
4423,3,0,u-read,6700,375990,375991,"v=37"
4424,3,0,u-read,6700,375991,375992,"v=37"
4425,3,0,u-read,6700,375992,375993,"v=37"
4426,3,0,u-read,6700,375993,375994,"v=37"
4427,3,0,u-read,6700,375994,375995,"v=37"
4428,3,0,u-read,6700,375995,375996,"v=37"
4429,3,0,u-read,6700,375996,375997,"v=37"
4430,3,0,u-read,6700,375997,375998,"v=37"
4431,3,0,u-read,6700,375998,375999,"v=37"
4432,3,0,u-read,6700,375999,376000,"v=37"
4433,3,0,u-read,6700,376000,376001,"v=37"
4434,3,0,u-read,6700,376001,376003,"v=37"
4435,3,0,u-read,6700,376003,376004,"v=37"
4436,3,0,u-read,6700,376004,376005,"v=37"
4437,3,0,u-read,6700,376005,376006,"v=37"
4438,3,0,u-read,6700,376006,376007,"v=37"
4439,0,0,u-write,6700,375931,376008,"v=37"
4440,3,0,u-read,6700,376007,376008,"v=37"
4441,2,0,u-read,6700,375977,376010,"v=37"
4442,2,0,u-read,6700,376014,376015,"v=37"
4443,2,0,u-read,6700,376016,376020,"v=22"
4444,2,0,u-read,6700,376021,376022,"v=22"
4445,2,0,u-read,6700,376023,376023,"v=22"
4446,2,0,u-read,6700,376025,376025,"v=22"
4447,2,0,u-read,6700,376027,376028,"v=22"
4448,2,0,u-read,6700,376028,376029,"v=22"
4449,2,0,u-read,6700,376029,376030,"v=22"
4450,2,0,u-read,6700,376030,376031,"v=22"
4451,2,0,u-read,6700,376031,376032,"v=22"
4452,2,0,u-read,6700,376032,376033,"v=22"
4453,2,0,u-read,6700,376033,376034,"v=22"
4454,2,0,u-read,6700,376034,376035,"v=22"
4455,2,0,u-read,6700,376035,376036,"v=22"
4456,2,0,u-read,6700,376036,376037,"v=22"
4457,2,0,u-read,6700,376037,376038,"v=22"
4458,2,0,u-read,6700,376038,376039,"v=22"
4459,2,0,u-read,6700,376039,376040,"v=22"
4460,2,0,u-read,6700,376040,376041,"v=22"
4461,2,0,u-read,6700,376041,376042,"v=22"
4462,2,0,u-read,6700,376042,376043,"v=22"
4463,2,0,u-read,6700,376043,376044,"v=22"
4464,2,0,u-read,6700,376045,376045,"v=22"
4465,2,0,u-read,6700,376046,376046,"v=22"
4466,2,0,u-read,6700,376047,376047,"v=22"
4467,1,0,u-write,6700,375971,376048,"v=22"
4468,3,0,u-read,6700,376049,376051,"v=22"
4469,3,0,u-read,6700,376053,376054,"v=22"
4470,3,0,u-read,6700,376055,376056,"v=22"
4471,3,0,u-read,6700,376057,376058,"v=22"
4472,3,0,u-read,6700,376059,376064,"v=39"
4473,3,0,u-read,6700,376065,376066,"v=39"
4474,3,0,u-read,6700,376068,376068,"v=39"
4475,3,0,u-read,6700,376069,376069,"v=39"
4476,3,0,u-read,6700,376070,376071,"v=39"
4477,3,0,u-read,6700,376071,376072,"v=39"
4478,3,0,u-read,6700,376072,376073,"v=39"
4479,3,0,u-read,6700,376073,376074,"v=39"
4480,3,0,u-read,6700,376074,376075,"v=39"
4481,3,0,u-read,6700,376075,376076,"v=39"
4482,3,0,u-read,6700,376076,376077,"v=39"
4483,3,0,u-read,6700,376077,376078,"v=39"
4484,3,0,u-read,6700,376078,376079,"v=39"
4485,3,0,u-read,6700,376079,376080,"v=39"
4486,3,0,u-read,6700,376080,376081,"v=39"
4487,3,0,u-read,6700,376081,376082,"v=39"
4488,3,0,u-read,6700,376082,376083,"v=39"
4489,3,0,u-read,6700,376083,376084,"v=39"
4490,3,0,u-read,6700,376084,376085,"v=39"
4491,3,0,u-read,6700,376086,376086,"v=39"
4492,3,0,u-read,6700,376087,376087,"v=39"
4493,3,0,u-read,6700,376088,376088,"v=39"
4494,3,0,u-read,6700,376089,376090,"v=39"
4495,3,0,u-read,6700,376090,376091,"v=39"
4496,0,0,u-write,6700,376013,376091,"v=39"
4497,2,0,u-read,6700,376058,376093,"v=39"
4498,2,0,u-read,6700,376095,376097,"v=39"
4499,2,0,u-read,6700,376098,376098,"v=39"
4500,2,0,u-read,6700,376100,376104,"v=24"
4501,2,0,u-read,6700,376105,376106,"v=24"
4502,2,0,u-read,6700,376107,376108,"v=24"
4503,2,0,u-read,6700,376108,376109,"v=24"
4504,2,0,u-read,6700,376110,376111,"v=24"
4505,2,0,u-read,6700,376111,376112,"v=24"
4506,2,0,u-read,6700,376113,376114,"v=24"
4507,2,0,u-read,6700,376114,376115,"v=24"
4508,2,0,u-read,6700,376115,376116,"v=24"
4509,2,0,u-read,6700,376116,376117,"v=24"
4510,2,0,u-read,6700,376118,376118,"v=24"
4511,2,0,u-read,6700,376119,376119,"v=24"
4512,2,0,u-read,6700,376120,376120,"v=24"
4513,2,0,u-read,6700,376121,376121,"v=24"
4514,2,0,u-read,6700,376122,376122,"v=24"
4515,2,0,u-read,6700,376123,376123,"v=24"
4516,2,0,u-read,6700,376124,376124,"v=24"
4517,2,0,u-read,6700,376125,376125,"v=24"
4518,2,0,u-read,6700,376126,376126,"v=24"
4519,2,0,u-read,6700,376127,376127,"v=24"
4520,2,0,u-read,6700,376128,376128,"v=24"
4521,2,0,u-read,6700,376129,376130,"v=24"
4522,2,0,u-read,6700,376130,376131,"v=24"
4523,2,0,u-read,6700,376131,376132,"v=24"
4524,2,0,u-read,6700,376132,376133,"v=24"
4525,2,0,u-read,6700,376133,376134,"v=24"
4526,2,0,u-read,6700,376134,376135,"v=24"
4527,1,0,u-write,6700,376052,376136,"v=24"
4528,2,0,u-read,6700,376135,376136,"v=24"
4529,3,0,u-read,6700,376137,376138,"v=24"
4530,3,0,u-read,6700,376141,376142,"v=24"
4531,3,0,u-read,6700,376143,376144,"v=24"
4532,3,0,u-read,6700,376145,376146,"v=24"
4533,3,0,u-read,6700,376147,376151,"v=41"
4534,3,0,u-read,6700,376153,376154,"v=41"
4535,3,0,u-read,6700,376154,376155,"v=41"
4536,3,0,u-read,6700,376155,376156,"v=41"
4537,3,0,u-read,6700,376156,376157,"v=41"
4538,3,0,u-read,6700,376158,376159,"v=41"
4539,3,0,u-read,6700,376159,376160,"v=41"
4540,3,0,u-read,6700,376160,376161,"v=41"
4541,3,0,u-read,6700,376161,376162,"v=41"
4542,3,0,u-read,6700,376162,376163,"v=41"
4543,3,0,u-read,6700,376164,376164,"v=41"
4544,3,0,u-read,6700,376165,376165,"v=41"
4545,3,0,u-read,6700,376165,376166,"v=41"
4546,3,0,u-read,6700,376166,376167,"v=41"
4547,3,0,u-read,6700,376167,376168,"v=41"
4548,3,0,u-read,6700,376169,376169,"v=41"
4549,3,0,u-read,6700,376169,376170,"v=41"
4550,3,0,u-read,6700,376170,376171,"v=41"
4551,3,0,u-read,6700,376171,376172,"v=41"
4552,3,0,u-read,6700,376172,376173,"v=41"
4553,3,0,u-read,6700,376174,376174,"v=41"
4554,3,0,u-read,6700,376175,376175,"v=41"
4555,3,0,u-read,6700,376176,376176,"v=41"
4556,3,0,u-read,6700,376177,376177,"v=41"
4557,3,0,u-read,6700,376178,376178,"v=41"
4558,0,0,u-write,6700,376094,376179,"v=41"
4559,2,0,u-read,6700,376146,376181,"v=41"
4560,2,0,u-read,6700,376183,376184,"v=41"
4561,2,0,u-read,6700,376185,376186,"v=41"
4562,2,0,u-read,6700,376187,376188,"v=41"
4563,2,0,u-read,6700,376189,376193,"v=26"
4564,2,0,u-read,6700,376195,376196,"v=26"
4565,2,0,u-read,6700,376196,376197,"v=26"
4566,2,0,u-read,6700,376197,376198,"v=26"
4567,2,0,u-read,6700,376199,376199,"v=26"
4568,2,0,u-read,6700,376200,376200,"v=26"
4569,2,0,u-read,6700,376201,376202,"v=26"
4570,2,0,u-read,6700,376205,376205,"v=26"
4571,2,0,u-read,6700,376206,376206,"v=26"
4572,2,0,u-read,6700,376207,376207,"v=26"
4573,2,0,u-read,6700,376208,376208,"v=26"
4574,2,0,u-read,6700,376209,376210,"v=26"
4575,2,0,u-read,6700,376210,376211,"v=26"
4576,2,0,u-read,6700,376211,376212,"v=26"
4577,2,0,u-read,6700,376212,376213,"v=26"
4578,2,0,u-read,6700,376213,376214,"v=26"
4579,2,0,u-read,6700,376214,376215,"v=26"
4580,2,0,u-read,6700,376215,376216,"v=26"
4581,2,0,u-read,6700,376216,376217,"v=26"
4582,2,0,u-read,6700,376217,376218,"v=26"
4583,2,0,u-read,6700,376218,376219,"v=26"
4584,2,0,u-read,6700,376219,376220,"v=26"
4585,2,0,u-read,6700,376220,376221,"v=26"
4586,1,0,u-write,6700,376140,376222,"v=26"
4587,2,0,u-read,6700,376222,376222,"v=26"
4588,3,0,u-read,6700,376188,376224,"v=26"
4589,3,0,u-read,6700,376227,376228,"v=26"
4590,3,0,u-read,6700,376229,376230,"v=26"
4591,3,0,u-read,6700,376231,376232,"v=26"
4592,3,0,u-read,6700,376233,376236,"v=43"
4593,3,0,u-read,6700,376237,376238,"v=43"
4594,3,0,u-read,6700,376239,376240,"v=43"
4595,3,0,u-read,6700,376241,376241,"v=43"
4596,3,0,u-read,6700,376242,376243,"v=43"
4597,3,0,u-read,6700,376243,376244,"v=43"
4598,3,0,u-read,6700,376244,376245,"v=43"
4599,3,0,u-read,6700,376245,376246,"v=43"
4600,3,0,u-read,6700,376246,376247,"v=43"
4601,3,0,u-read,6700,376247,376248,"v=43"
4602,3,0,u-read,6700,376249,376250,"v=43"
4603,3,0,u-read,6700,376251,376251,"v=43"
4604,3,0,u-read,6700,376251,376252,"v=43"
4605,3,0,u-read,6700,376252,376253,"v=43"
4606,3,0,u-read,6700,376253,376254,"v=43"
4607,3,0,u-read,6700,376254,376255,"v=43"
4608,3,0,u-read,6700,376256,376256,"v=43"
4609,3,0,u-read,6700,376256,376257,"v=43"
4610,3,0,u-read,6700,376257,376258,"v=43"
4611,3,0,u-read,6700,376258,376259,"v=43"
4612,3,0,u-read,6700,376260,376260,"v=43"
4613,3,0,u-read,6700,376261,376261,"v=43"
4614,3,0,u-read,6700,376261,376262,"v=43"
4615,0,0,u-write,6700,376182,376263,"v=43"
4616,2,0,u-read,6700,376264,376266,"v=43"
4617,2,0,u-read,6700,376268,376269,"v=43"
4618,2,0,u-read,6700,376270,376271,"v=43"
4619,2,0,u-read,6700,376272,376276,"v=28"
4620,2,0,u-read,6700,376277,376277,"v=28"
4621,2,0,u-read,6700,376279,376279,"v=28"
4622,2,0,u-read,6700,376281,376282,"v=28"
4623,2,0,u-read,6700,376282,376283,"v=28"
4624,2,0,u-read,6700,376283,376284,"v=28"
4625,2,0,u-read,6700,376284,376285,"v=28"
4626,2,0,u-read,6700,376286,376287,"v=28"
4627,2,0,u-read,6700,376287,376288,"v=28"
4628,2,0,u-read,6700,376288,376289,"v=28"
4629,2,0,u-read,6700,376289,376290,"v=28"
4630,2,0,u-read,6700,376290,376291,"v=28"
4631,2,0,u-read,6700,376291,376292,"v=28"
4632,2,0,u-read,6700,376292,376293,"v=28"
4633,2,0,u-read,6700,376293,376294,"v=28"
4634,2,0,u-read,6700,376295,376296,"v=28"
4635,2,0,u-read,6700,376297,376297,"v=28"
4636,2,0,u-read,6700,376298,376298,"v=28"
4637,2,0,u-read,6700,376299,376299,"v=28"
4638,2,0,u-read,6700,376300,376300,"v=28"
4639,2,0,u-read,6700,376301,376301,"v=28"
4640,2,0,u-read,6700,376302,376302,"v=28"
4641,2,0,u-read,6700,376303,376303,"v=28"
4642,2,0,u-read,6700,376304,376304,"v=28"
4643,1,0,u-write,6700,376226,376305,"v=28"
4644,2,0,u-read,6700,376305,376306,"v=28"
4645,3,0,u-read,6700,376306,376308,"v=28"
4646,3,0,u-read,6700,376310,376312,"v=28"
4647,3,0,u-read,6700,376313,376314,"v=28"
4648,3,0,u-read,6700,376315,376319,"v=45"
4649,3,0,u-read,6700,376320,376321,"v=45"
4650,3,0,u-read,6700,376323,376323,"v=45"
4651,3,0,u-read,6700,376324,376324,"v=45"
4652,3,0,u-read,6700,376325,376325,"v=45"
4653,3,0,u-read,6700,376326,376326,"v=45"
4654,3,0,u-read,6700,376327,376328,"v=45"
4655,3,0,u-read,6700,376328,376329,"v=45"
4656,3,0,u-read,6700,376329,376330,"v=45"
4657,3,0,u-read,6700,376330,376331,"v=45"
4658,3,0,u-read,6700,376331,376332,"v=45"
4659,3,0,u-read,6700,376332,376333,"v=45"
4660,3,0,u-read,6700,376333,376334,"v=45"
4661,3,0,u-read,6700,376334,376335,"v=45"
4662,3,0,u-read,6700,376335,376336,"v=45"
4663,3,0,u-read,6700,376336,376337,"v=45"
4664,3,0,u-read,6700,376337,376338,"v=45"
4665,3,0,u-read,6700,376338,376339,"v=45"
4666,3,0,u-read,6700,376340,376341,"v=45"
4667,3,0,u-read,6700,376341,376342,"v=45"
4668,3,0,u-read,6700,376342,376343,"v=45"
4669,3,0,u-read,6700,376343,376344,"v=45"
4670,3,0,u-read,6700,376344,376345,"v=45"
4671,0,0,u-write,6700,376267,376346,"v=45"
4672,3,0,u-read,6700,376345,376346,"v=45"
4673,2,0,u-read,6700,376347,376349,"v=45"
4674,2,0,u-read,6700,376351,376352,"v=45"
4675,2,0,u-read,6700,376353,376354,"v=45"
4676,2,0,u-read,6700,376355,376356,"v=45"
4677,2,0,u-read,6700,376357,376361,"v=30"
4678,2,0,u-read,6700,376363,376364,"v=30"
4679,2,0,u-read,6700,376365,376365,"v=30"
4680,2,0,u-read,6700,376366,376390,"v=30"
4681,2,0,u-read,6700,376391,376393,"v=30"
4682,2,0,u-read,6700,376393,376394,"v=30"
4683,2,0,u-read,6700,376395,376395,"v=30"
4684,2,0,u-read,6700,376396,376397,"v=30"
4685,2,0,u-read,6700,376397,376398,"v=30"
4686,2,0,u-read,6700,376398,376399,"v=30"
4687,2,0,u-read,6700,376399,376400,"v=30"
4688,2,0,u-read,6700,376400,376401,"v=30"
4689,2,0,u-read,6700,376401,376402,"v=30"
4690,2,0,u-read,6700,376402,376403,"v=30"
4691,2,0,u-read,6700,376403,376404,"v=30"
4692,2,0,u-read,6700,376404,376405,"v=30"
4693,2,0,u-read,6700,376405,376406,"v=30"
4694,2,0,u-read,6700,376406,376407,"v=30"
4695,2,0,u-read,6700,376407,376408,"v=30"
4696,2,0,u-read,6700,376408,376409,"v=30"
4697,2,0,u-read,6700,376410,376410,"v=30"
4698,2,0,u-read,6700,376413,376413,"v=30"
4699,2,0,u-read,6700,376414,376414,"v=30"
4700,1,0,u-write,6700,376310,376416,"v=30"
4701,3,0,u-read,6700,376417,376419,"v=30"
4702,3,0,u-read,6700,376422,376423,"v=30"
4703,3,0,u-read,6700,376424,376425,"v=30"
4704,3,0,u-read,6700,376426,376427,"v=30"
4705,3,0,u-read,6700,376428,376434,"v=47"
4706,3,0,u-read,6700,376434,376435,"v=47"
4707,3,0,u-read,6700,376435,376436,"v=47"
4708,3,0,u-read,6700,376437,376437,"v=47"
4709,3,0,u-read,6700,376438,376438,"v=47"
4710,3,0,u-read,6700,376439,376439,"v=47"
4711,3,0,u-read,6700,376440,376441,"v=47"
4712,3,0,u-read,6700,376441,376442,"v=47"
4713,3,0,u-read,6700,376442,376443,"v=47"
4714,3,0,u-read,6700,376443,376444,"v=47"
4715,3,0,u-read,6700,376444,376445,"v=47"
4716,3,0,u-read,6700,376445,376446,"v=47"
4717,3,0,u-read,6700,376446,376447,"v=47"
4718,3,0,u-read,6700,376447,376448,"v=47"
4719,3,0,u-read,6700,376448,376449,"v=47"
4720,3,0,u-read,6700,376449,376450,"v=47"
4721,3,0,u-read,6700,376450,376451,"v=47"
4722,3,0,u-read,6700,376451,376452,"v=47"
4723,3,0,u-read,6700,376452,376453,"v=47"
4724,3,0,u-read,6700,376453,376454,"v=47"
4725,3,0,u-read,6700,376454,376455,"v=47"
4726,3,0,u-read,6700,376455,376456,"v=47"
4727,3,0,u-read,6700,376456,376457,"v=47"
4728,3,0,u-read,6700,376457,376458,"v=47"
4729,3,0,u-read,6700,376458,376459,"v=47"
4730,3,0,u-read,6700,376461,376462,"v=47"
4731,3,0,u-read,6700,376462,376463,"v=47"
4732,0,0,u-write,6700,376350,376464,"v=47"
4733,2,0,u-read,6700,376427,376466,"v=47"
4734,2,0,u-read,6700,376469,376470,"v=47"
4735,2,0,u-read,6700,376471,376473,"v=47"
4736,2,0,u-read,6700,376474,376474,"v=47"
4737,2,0,u-read,6700,376476,376481,"v=32"
4738,2,0,u-read,6700,376482,376482,"v=32"
4739,2,0,u-read,6700,376483,376483,"v=32"
4740,2,0,u-read,6700,376484,376484,"v=32"
4741,2,0,u-read,6700,376485,376486,"v=32"
4742,2,0,u-read,6700,376486,376487,"v=32"
4743,2,0,u-read,6700,376487,376488,"v=32"
4744,2,0,u-read,6700,376488,376489,"v=32"
4745,2,0,u-read,6700,376489,376490,"v=32"
4746,2,0,u-read,6700,376490,376491,"v=32"
4747,2,0,u-read,6700,376491,376492,"v=32"
4748,2,0,u-read,6700,376492,376493,"v=32"
4749,2,0,u-read,6700,376493,376494,"v=32"
4750,2,0,u-read,6700,376494,376495,"v=32"
4751,2,0,u-read,6700,376495,376496,"v=32"
4752,2,0,u-read,6700,376496,376497,"v=32"
4753,2,0,u-read,6700,376497,376498,"v=32"
4754,2,0,u-read,6700,376498,376499,"v=32"
4755,2,0,u-read,6700,376499,376500,"v=32"
4756,2,0,u-read,6700,376500,376501,"v=32"
4757,2,0,u-read,6700,376501,376502,"v=32"
4758,2,0,u-read,6700,376502,376503,"v=32"
4759,2,0,u-read,6700,376503,376504,"v=32"
4760,2,0,u-read,6700,376504,376505,"v=32"
4761,2,0,u-read,6700,376505,376506,"v=32"
4762,2,0,u-read,6700,376508,376508,"v=32"
4763,2,0,u-read,6700,376509,376509,"v=32"
4764,2,0,u-read,6700,376510,376510,"v=32"
4765,2,0,u-read,6700,376511,376512,"v=32"
4766,1,0,u-write,6700,376421,376512,"v=32"
4767,3,0,u-read,6700,376475,376514,"v=32"
4768,3,0,u-read,6700,376516,376517,"v=32"
4769,3,0,u-read,6700,376518,376519,"v=32"
4770,3,0,u-read,6700,376520,376525,"v=49"
4771,3,0,u-read,6700,376526,376527,"v=49"
4772,3,0,u-read,6700,376528,376529,"v=49"
4773,3,0,u-read,6700,376529,376530,"v=49"
4774,3,0,u-read,6700,376530,376531,"v=49"
4775,3,0,u-read,6700,376531,376532,"v=49"
4776,3,0,u-read,6700,376533,376533,"v=49"
4777,3,0,u-read,6700,376534,376534,"v=49"
4778,3,0,u-read,6700,376535,376535,"v=49"
4779,3,0,u-read,6700,376536,376536,"v=49"
4780,3,0,u-read,6700,376537,376537,"v=49"
4781,3,0,u-read,6700,376538,376538,"v=49"
4782,3,0,u-read,6700,376539,376539,"v=49"
4783,3,0,u-read,6700,376540,376541,"v=49"
4784,3,0,u-read,6700,376541,376542,"v=49"
4785,3,0,u-read,6700,376542,376543,"v=49"
4786,3,0,u-read,6700,376543,376544,"v=49"
4787,3,0,u-read,6700,376544,376545,"v=49"
4788,3,0,u-read,6700,376545,376546,"v=49"
4789,3,0,u-read,6700,376546,376547,"v=49"
4790,3,0,u-read,6700,376547,376548,"v=49"
4791,3,0,u-read,6700,376548,376549,"v=49"
4792,3,0,u-read,6700,376549,376550,"v=49"
4793,3,0,u-read,6700,376550,376551,"v=49"
4794,3,0,u-read,6700,376552,376553,"v=49"
4795,0,0,u-write,6700,376468,376554,"v=49"
4796,2,0,u-read,6700,376555,376556,"v=49"
4797,2,0,u-read,6700,376559,376560,"v=49"
4798,2,0,u-read,6700,376561,376561,"v=49"
4799,2,0,u-read,6700,376563,376566,"v=34"
4800,2,0,u-read,6700,376567,376568,"v=34"
4801,2,0,u-read,6700,376569,376569,"v=34"
4802,2,0,u-read,6700,376571,376572,"v=34"
4803,2,0,u-read,6700,376572,376573,"v=34"
4804,2,0,u-read,6700,376573,376574,"v=34"
4805,2,0,u-read,6700,376574,376575,"v=34"
4806,2,0,u-read,6700,376575,376576,"v=34"
4807,2,0,u-read,6700,376576,376577,"v=34"
4808,2,0,u-read,6700,376577,376578,"v=34"
4809,2,0,u-read,6700,376578,376579,"v=34"
4810,2,0,u-read,6700,376580,376580,"v=34"
4811,2,0,u-read,6700,376581,376581,"v=34"
4812,2,0,u-read,6700,376582,376582,"v=34"
4813,2,0,u-read,6700,376583,376583,"v=34"
4814,2,0,u-read,6700,376584,376584,"v=34"
4815,2,0,u-read,6700,376585,376585,"v=34"
4816,2,0,u-read,6700,376585,376586,"v=34"
4817,2,0,u-read,6700,376587,376587,"v=34"
4818,2,0,u-read,6700,376588,376588,"v=34"
4819,2,0,u-read,6700,376589,376589,"v=34"
4820,2,0,u-read,6700,376590,376590,"v=34"
4821,2,0,u-read,6700,376591,376591,"v=34"
4822,2,0,u-read,6700,376592,376592,"v=34"
4823,2,0,u-read,6700,376593,376593,"v=34"
4824,2,0,u-read,6700,376594,376594,"v=34"
4825,2,0,u-read,6700,376595,376596,"v=34"
4826,1,0,u-write,6700,376515,376598,"v=34"
4827,3,0,u-read,6700,376599,376600,"v=34"
4828,3,0,u-read,6700,376603,376604,"v=34"
4829,3,0,u-read,6700,376605,376606,"v=34"
4830,3,0,u-read,6700,376607,376610,"v=51"
4831,3,0,u-read,6700,376611,376612,"v=51"
4832,3,0,u-read,6700,376613,376614,"v=51"
4833,3,0,u-read,6700,376616,376616,"v=51"
4834,3,0,u-read,6700,376617,376617,"v=51"
4835,3,0,u-read,6700,376618,376619,"v=51"
4836,3,0,u-read,6700,376619,376620,"v=51"
4837,3,0,u-read,6700,376620,376621,"v=51"
4838,3,0,u-read,6700,376621,376622,"v=51"
4839,3,0,u-read,6700,376622,376623,"v=51"
4840,3,0,u-read,6700,376623,376624,"v=51"
4841,3,0,u-read,6700,376624,376625,"v=51"
4842,3,0,u-read,6700,376625,376626,"v=51"
4843,3,0,u-read,6700,376626,376627,"v=51"
4844,3,0,u-read,6700,376627,376628,"v=51"
4845,3,0,u-read,6700,376628,376629,"v=51"
4846,3,0,u-read,6700,376629,376630,"v=51"
4847,3,0,u-read,6700,376630,376631,"v=51"
4848,3,0,u-read,6700,376631,376632,"v=51"
4849,3,0,u-read,6700,376632,376633,"v=51"
4850,3,0,u-read,6700,376633,376634,"v=51"
4851,3,0,u-read,6700,376634,376635,"v=51"
4852,3,0,u-read,6700,376635,376636,"v=51"
4853,3,0,u-read,6700,376636,376637,"v=51"
4854,3,0,u-read,6700,376637,376638,"v=51"
4855,3,0,u-read,6700,376639,376639,"v=51"
4856,0,0,u-write,6700,376558,376639,"v=51"
4857,2,0,u-read,6700,376640,376642,"v=51"
4858,2,0,u-read,6700,376646,376647,"v=51"
4859,2,0,u-read,6700,376648,376648,"v=51"
4860,2,0,u-read,6700,376650,376650,"v=51"
4861,2,0,u-read,6700,376651,376656,"v=36"
4862,2,0,u-read,6700,376657,376658,"v=36"
4863,2,0,u-read,6700,376659,376659,"v=36"
4864,2,0,u-read,6700,376660,376660,"v=36"
4865,2,0,u-read,6700,376661,376661,"v=36"
4866,2,0,u-read,6700,376662,376662,"v=36"
4867,2,0,u-read,6700,376663,376663,"v=36"
4868,2,0,u-read,6700,376664,376664,"v=36"
4869,2,0,u-read,6700,376665,376666,"v=36"
4870,2,0,u-read,6700,376666,376667,"v=36"
4871,2,0,u-read,6700,376667,376668,"v=36"
4872,2,0,u-read,6700,376668,376669,"v=36"
4873,2,0,u-read,6700,376669,376670,"v=36"
4874,2,0,u-read,6700,376670,376671,"v=36"
4875,2,0,u-read,6700,376671,376672,"v=36"
4876,2,0,u-read,6700,376672,376673,"v=36"
4877,2,0,u-read,6700,376673,376674,"v=36"
4878,2,0,u-read,6700,376674,376675,"v=36"
4879,2,0,u-read,6700,376675,376676,"v=36"
4880,2,0,u-read,6700,376676,376677,"v=36"
4881,2,0,u-read,6700,376677,376678,"v=36"
4882,2,0,u-read,6700,376678,376679,"v=36"
4883,2,0,u-read,6700,376679,376680,"v=36"
4884,2,0,u-read,6700,376680,376681,"v=36"
4885,2,0,u-read,6700,376681,376682,"v=36"
4886,2,0,u-read,6700,376682,376683,"v=36"
4887,2,0,u-read,6700,376683,376684,"v=36"
4888,2,0,u-read,6700,376684,376685,"v=36"
4889,2,0,u-read,6700,376685,376686,"v=36"
4890,2,0,u-read,6700,376688,376688,"v=36"
4891,2,0,u-read,6700,376689,376689,"v=36"
4892,2,0,u-read,6700,376690,376690,"v=36"
4893,2,0,u-read,6700,376691,376691,"v=36"
4894,2,0,u-read,6700,376692,376692,"v=36"
4895,1,0,u-write,6700,376602,376693,"v=36"
4896,3,0,u-read,6700,376694,376695,"v=36"
4897,3,0,u-read,6700,376698,376699,"v=36"
4898,3,0,u-read,6700,376700,376701,"v=36"
4899,3,0,u-read,6700,376702,376706,"v=53"
4900,3,0,u-read,6700,376707,376708,"v=53"
4901,3,0,u-read,6700,376709,376709,"v=53"
4902,3,0,u-read,6700,376711,376712,"v=53"
4903,3,0,u-read,6700,376712,376713,"v=53"
4904,3,0,u-read,6700,376713,376714,"v=53"
4905,3,0,u-read,6700,376715,376715,"v=53"
4906,3,0,u-read,6700,376716,376716,"v=53"
4907,3,0,u-read,6700,376717,376717,"v=53"
4908,3,0,u-read,6700,376718,376718,"v=53"
4909,3,0,u-read,6700,376719,376720,"v=53"
4910,3,0,u-read,6700,376720,376721,"v=53"
4911,3,0,u-read,6700,376721,376722,"v=53"
4912,3,0,u-read,6700,376722,376723,"v=53"
4913,3,0,u-read,6700,376723,376724,"v=53"
4914,3,0,u-read,6700,376724,376725,"v=53"
4915,3,0,u-read,6700,376725,376726,"v=53"
4916,3,0,u-read,6700,376726,376727,"v=53"
4917,3,0,u-read,6700,376727,376728,"v=53"
4918,3,0,u-read,6700,376728,376729,"v=53"
4919,3,0,u-read,6700,376729,376730,"v=53"
4920,3,0,u-read,6700,376730,376731,"v=53"
4921,3,0,u-read,6700,376731,376732,"v=53"
4922,3,0,u-read,6700,376735,376736,"v=53"
4923,0,0,u-write,6700,376645,376737,"v=53"
4924,2,0,u-read,6700,376737,376739,"v=53"
4925,2,0,u-read,6700,376741,376742,"v=53"
4926,2,0,u-read,6700,376743,376744,"v=53"
4927,2,0,u-read,6700,376745,376750,"v=38"
4928,2,0,u-read,6700,376751,376752,"v=38"
4929,2,0,u-read,6700,376753,376754,"v=38"
4930,2,0,u-read,6700,376754,376755,"v=38"
4931,2,0,u-read,6700,376755,376756,"v=38"
4932,2,0,u-read,6700,376756,376757,"v=38"
4933,2,0,u-read,6700,376757,376758,"v=38"
4934,2,0,u-read,6700,376758,376759,"v=38"
4935,2,0,u-read,6700,376759,376760,"v=38"
4936,2,0,u-read,6700,376760,376761,"v=38"
4937,2,0,u-read,6700,376762,376762,"v=38"
4938,2,0,u-read,6700,376763,376763,"v=38"
4939,2,0,u-read,6700,376764,376764,"v=38"
4940,2,0,u-read,6700,376765,376765,"v=38"
4941,2,0,u-read,6700,376766,376766,"v=38"
4942,2,0,u-read,6700,376767,376767,"v=38"
4943,2,0,u-read,6700,376768,376768,"v=38"
4944,2,0,u-read,6700,376769,376770,"v=38"
4945,2,0,u-read,6700,376770,376771,"v=38"
4946,2,0,u-read,6700,376771,376772,"v=38"
4947,2,0,u-read,6700,376772,376773,"v=38"
4948,2,0,u-read,6700,376773,376774,"v=38"
4949,2,0,u-read,6700,376774,376775,"v=38"
4950,2,0,u-read,6700,376775,376776,"v=38"
4951,2,0,u-read,6700,376776,376777,"v=38"
4952,2,0,u-read,6700,376777,376778,"v=38"
4953,2,0,u-read,6700,376778,376779,"v=38"
4954,2,0,u-read,6700,376781,376782,"v=38"
4955,1,0,u-write,6700,376697,376782,"v=38"
4956,3,0,u-read,6700,376783,376785,"v=38"
4957,2,0,u-read,6700,376789,376790,"v=38"
4958,2,0,u-read,6700,376791,376795,"v=40"
4959,2,0,u-read,6700,376796,376797,"v=40"
4960,2,0,u-read,6700,376798,376798,"v=40"
4961,2,0,u-read,6700,376800,376800,"v=40"
4962,2,0,u-read,6700,376802,376803,"v=40"
4963,2,0,u-read,6700,376803,376804,"v=40"
4964,2,0,u-read,6700,376804,376805,"v=40"
4965,2,0,u-read,6700,376805,376806,"v=40"
4966,2,0,u-read,6700,376806,376807,"v=40"
4967,2,0,u-read,6700,376807,376808,"v=40"
4968,2,0,u-read,6700,376808,376809,"v=40"
4969,2,0,u-read,6700,376809,376810,"v=40"
4970,2,0,u-read,6700,376811,376811,"v=40"
4971,2,0,u-read,6700,376812,376812,"v=40"
4972,2,0,u-read,6700,376813,376813,"v=40"
4973,2,0,u-read,6700,376814,376814,"v=40"
4974,2,0,u-read,6700,376815,376815,"v=40"
4975,2,0,u-read,6700,376816,376816,"v=40"
4976,2,0,u-read,6700,376817,376817,"v=40"
4977,2,0,u-read,6700,376818,376818,"v=40"
4978,2,0,u-read,6700,376819,376819,"v=40"
4979,1,0,u-write,6700,376786,376820,"v=40"
4980,3,0,u-read,6700,376820,376822,"v=40"
4981,3,0,u-read,6700,376824,376825,"v=40"
4982,3,0,u-read,6700,376827,376827,"v=40"
4983,3,0,u-read,6700,376828,376832,"v=55"
4984,3,0,u-read,6700,376833,376833,"v=55"
4985,3,0,u-read,6700,376835,376835,"v=55"
4986,3,0,u-read,6700,376838,376839,"v=55"
4987,3,0,u-read,6700,376840,376840,"v=55"
4988,3,0,u-read,6700,376841,376841,"v=55"
4989,3,0,u-read,6700,376842,376842,"v=55"
4990,3,0,u-read,6700,376843,376844,"v=55"
4991,3,0,u-read,6700,376844,376844,"v=55"
4992,3,0,u-read,6700,376845,376846,"v=55"
4993,3,0,u-read,6700,376846,376847,"v=55"
4994,3,0,u-read,6700,376847,376848,"v=55"
4995,3,0,u-read,6700,376848,376849,"v=55"
4996,3,0,u-read,6700,376849,376850,"v=55"
4997,3,0,u-read,6700,376850,376851,"v=55"
4998,3,0,u-read,6700,376851,376852,"v=55"
4999,3,0,u-read,6700,376852,376853,"v=55"
5000,3,0,u-read,6700,376853,376854,"v=55"
5001,3,0,u-read,6700,376854,376855,"v=55"
5002,3,0,u-read,6700,376855,376856,"v=55"
5003,3,0,u-read,6700,376856,376857,"v=55"
5004,3,0,u-read,6700,376857,376858,"v=55"
5005,3,0,u-read,6700,376858,376859,"v=55"
5006,3,0,u-read,6700,376859,376860,"v=55"
5007,3,0,u-read,6700,376860,376861,"v=55"
5008,3,0,u-read,6700,376861,376862,"v=55"
5009,3,0,u-read,6700,376862,376863,"v=55"
5010,3,0,u-read,6700,376863,376864,"v=55"
5011,3,0,u-read,6700,376864,376865,"v=55"
5012,3,0,u-read,6700,376865,376866,"v=55"
5013,3,0,u-read,6700,376866,376867,"v=55"
5014,0,0,u-write,6700,376740,376867,"v=55"
5015,2,0,u-read,6700,376868,376870,"v=55"
5016,2,0,u-read,6700,376872,376873,"v=55"
5017,2,0,u-read,6700,376874,376875,"v=55"
5018,2,0,u-read,6700,376878,376879,"v=42"
5019,2,0,u-read,6700,376880,376881,"v=42"
5020,2,0,u-read,6700,376882,376883,"v=42"
5021,2,0,u-read,6700,376884,376884,"v=42"
5022,2,0,u-read,6700,376885,376886,"v=42"
5023,2,0,u-read,6700,376888,376889,"v=42"
5024,2,0,u-read,6700,376889,376890,"v=42"
5025,2,0,u-read,6700,376890,376891,"v=42"
5026,2,0,u-read,6700,376891,376892,"v=42"
5027,2,0,u-read,6700,376892,376893,"v=42"
5028,2,0,u-read,6700,376893,376894,"v=42"
5029,2,0,u-read,6700,376894,376895,"v=42"
5030,2,0,u-read,6700,376895,376896,"v=42"
5031,2,0,u-read,6700,376896,376897,"v=42"
5032,2,0,u-read,6700,376897,376898,"v=42"
5033,2,0,u-read,6700,376898,376899,"v=42"
5034,2,0,u-read,6700,376899,376900,"v=42"
5035,2,0,u-read,6700,376900,376901,"v=42"
5036,2,0,u-read,6700,376901,376902,"v=42"
5037,2,0,u-read,6700,376902,376903,"v=42"
5038,2,0,u-read,6700,376903,376904,"v=42"
5039,2,0,u-read,6700,376904,376905,"v=42"
5040,2,0,u-read,6700,376905,376906,"v=42"
5041,2,0,u-read,6700,376906,376907,"v=42"
5042,2,0,u-read,6700,376908,376908,"v=42"
5043,2,0,u-read,6700,376909,376909,"v=42"
5044,2,0,u-read,6700,376910,376910,"v=42"
5045,2,0,u-read,6700,376911,376911,"v=42"
5046,2,0,u-read,6700,376912,376912,"v=42"
5047,2,0,u-read,6700,376913,376913,"v=42"
5048,1,0,u-write,6700,376824,376914,"v=42"
5049,3,0,u-read,6700,376915,376916,"v=42"
5050,3,0,u-read,6700,376920,376921,"v=42"
5051,3,0,u-read,6700,376923,376923,"v=42"
5052,3,0,u-read,6700,376924,376929,"v=57"
5053,3,0,u-read,6700,376930,376931,"v=57"
5054,3,0,u-read,6700,376932,376933,"v=57"
5055,3,0,u-read,6700,376933,376934,"v=57"
5056,3,0,u-read,6700,376934,376935,"v=57"
5057,3,0,u-read,6700,376936,376936,"v=57"
5058,3,0,u-read,6700,376937,376937,"v=57"
5059,3,0,u-read,6700,376938,376938,"v=57"
5060,3,0,u-read,6700,376939,376939,"v=57"
5061,3,0,u-read,6700,376940,376940,"v=57"
5062,3,0,u-read,6700,376941,376941,"v=57"
5063,3,0,u-read,6700,376942,376943,"v=57"
5064,3,0,u-read,6700,376943,376944,"v=57"
5065,3,0,u-read,6700,376944,376945,"v=57"
5066,3,0,u-read,6700,376945,376946,"v=57"
5067,3,0,u-read,6700,376946,376946,"v=57"
5068,3,0,u-read,6700,376947,376947,"v=57"
5069,3,0,u-read,6700,376948,376948,"v=57"
5070,3,0,u-read,6700,376949,376950,"v=57"
5071,3,0,u-read,6700,376950,376951,"v=57"
5072,3,0,u-read,6700,376951,376952,"v=57"
5073,3,0,u-read,6700,376952,376953,"v=57"
5074,3,0,u-read,6700,376953,376954,"v=57"
5075,3,0,u-read,6700,376954,376955,"v=57"
5076,3,0,u-read,6700,376955,376956,"v=57"
5077,3,0,u-read,6700,376956,376957,"v=57"
5078,3,0,u-read,6700,376957,376958,"v=57"
5079,3,0,u-read,6700,376958,376959,"v=57"
5080,3,0,u-read,6700,376959,376960,"v=57"
5081,3,0,u-read,6700,376960,376961,"v=57"
5082,0,0,u-write,6700,376871,376961,"v=57"
5083,2,0,u-read,6700,376963,376965,"v=57"
5084,2,0,u-read,6700,376967,376968,"v=57"
5085,2,0,u-read,6700,376969,376970,"v=57"
5086,2,0,u-read,6700,376971,376976,"v=44"
5087,2,0,u-read,6700,376977,376978,"v=44"
5088,2,0,u-read,6700,376979,376980,"v=44"
5089,2,0,u-read,6700,376980,376981,"v=44"
5090,2,0,u-read,6700,376981,376982,"v=44"
5091,2,0,u-read,6700,376982,376983,"v=44"
5092,2,0,u-read,6700,376983,376984,"v=44"
5093,2,0,u-read,6700,376984,376985,"v=44"
5094,2,0,u-read,6700,376985,376986,"v=44"
5095,2,0,u-read,6700,376986,376987,"v=44"
5096,2,0,u-read,6700,376987,376988,"v=44"
5097,2,0,u-read,6700,376988,376989,"v=44"
5098,2,0,u-read,6700,376989,376990,"v=44"
5099,2,0,u-read,6700,376990,376991,"v=44"
5100,2,0,u-read,6700,376991,376992,"v=44"
5101,2,0,u-read,6700,376992,376993,"v=44"
5102,2,0,u-read,6700,376993,376994,"v=44"
5103,2,0,u-read,6700,376995,376995,"v=44"
5104,2,0,u-read,6700,376996,376997,"v=44"
5105,2,0,u-read,6700,376997,376998,"v=44"
5106,2,0,u-read,6700,376998,376999,"v=44"
5107,2,0,u-read,6700,376999,377000,"v=44"
5108,2,0,u-read,6700,377000,377001,"v=44"
5109,2,0,u-read,6700,377001,377002,"v=44"
5110,2,0,u-read,6700,377002,377003,"v=44"
5111,2,0,u-read,6700,377003,377004,"v=44"
5112,2,0,u-read,6700,377004,377005,"v=44"
5113,2,0,u-read,6700,377005,377006,"v=44"
5114,2,0,u-read,6700,377007,377008,"v=44"
5115,2,0,u-read,6700,377008,377009,"v=44"
5116,2,0,u-read,6700,377009,377010,"v=44"
5117,2,0,u-read,6700,377010,377011,"v=44"
5118,1,0,u-write,6700,376920,377012,"v=44"
5119,3,0,u-read,6700,377013,377014,"v=44"
5120,3,0,u-read,6700,377016,377017,"v=44"
5121,3,0,u-read,6700,377018,377019,"v=44"
5122,3,0,u-read,6700,377020,377025,"v=59"
5123,3,0,u-read,6700,377026,377027,"v=59"
5124,3,0,u-read,6700,377028,377029,"v=59"
5125,3,0,u-read,6700,377029,377030,"v=59"
5126,3,0,u-read,6700,377030,377031,"v=59"
5127,3,0,u-read,6700,377031,377032,"v=59"
5128,3,0,u-read,6700,377032,377033,"v=59"
5129,3,0,u-read,6700,377033,377034,"v=59"
5130,3,0,u-read,6700,377034,377035,"v=59"
5131,3,0,u-read,6700,377035,377036,"v=59"
5132,3,0,u-read,6700,377036,377037,"v=59"
5133,3,0,u-read,6700,377037,377038,"v=59"
5134,3,0,u-read,6700,377038,377039,"v=59"
5135,3,0,u-read,6700,377039,377040,"v=59"
5136,3,0,u-read,6700,377040,377041,"v=59"
5137,3,0,u-read,6700,377041,377042,"v=59"
5138,3,0,u-read,6700,377042,377043,"v=59"
5139,3,0,u-read,6700,377043,377044,"v=59"
5140,3,0,u-read,6700,377044,377045,"v=59"
5141,3,0,u-read,6700,377046,377046,"v=59"
5142,3,0,u-read,6700,377047,377047,"v=59"
5143,3,0,u-read,6700,377048,377048,"v=59"
5144,3,0,u-read,6700,377049,377049,"v=59"
5145,3,0,u-read,6700,377049,377050,"v=59"
5146,3,0,u-read,6700,377052,377053,"v=59"
5147,3,0,u-read,6700,377053,377054,"v=59"
5148,3,0,u-read,6700,377054,377055,"v=59"
5149,3,0,u-read,6700,377055,377056,"v=59"
5150,3,0,u-read,6700,377056,377057,"v=59"
5151,3,0,u-read,6700,377057,377058,"v=59"
5152,0,0,u-write,6700,376966,377059,"v=59"
5153,3,0,u-read,6700,377059,377060,"v=59"
5154,2,0,u-read,6700,377060,377061,"v=59"
5155,2,0,u-read,6700,377064,377065,"v=59"
5156,2,0,u-read,6700,377066,377067,"v=59"
5157,2,0,u-read,6700,377068,377068,"v=59"
5158,2,0,u-read,6700,377070,377073,"v=46"
5159,2,0,u-read,6700,377074,377075,"v=46"
5160,2,0,u-read,6700,377076,377077,"v=46"
5161,2,0,u-read,6700,377078,377078,"v=46"
5162,2,0,u-read,6700,377079,377079,"v=46"
5163,2,0,u-read,6700,377080,377080,"v=46"
5164,2,0,u-read,6700,377081,377081,"v=46"
5165,2,0,u-read,6700,377082,377082,"v=46"
5166,2,0,u-read,6700,377083,377083,"v=46"
5167,2,0,u-read,6700,377084,377085,"v=46"
5168,2,0,u-read,6700,377085,377086,"v=46"
5169,2,0,u-read,6700,377086,377087,"v=46"
5170,2,0,u-read,6700,377087,377088,"v=46"
5171,2,0,u-read,6700,377088,377089,"v=46"
5172,2,0,u-read,6700,377089,377090,"v=46"
5173,2,0,u-read,6700,377090,377091,"v=46"
5174,2,0,u-read,6700,377091,377092,"v=46"
5175,2,0,u-read,6700,377092,377093,"v=46"
5176,2,0,u-read,6700,377093,377094,"v=46"
5177,2,0,u-read,6700,377094,377095,"v=46"
5178,2,0,u-read,6700,377096,377097,"v=46"
5179,2,0,u-read,6700,377097,377098,"v=46"
5180,2,0,u-read,6700,377098,377099,"v=46"
5181,2,0,u-read,6700,377099,377100,"v=46"
5182,2,0,u-read,6700,377100,377101,"v=46"
5183,2,0,u-read,6700,377101,377102,"v=46"
5184,2,0,u-read,6700,377102,377103,"v=46"
5185,2,0,u-read,6700,377103,377104,"v=46"
5186,2,0,u-read,6700,377104,377105,"v=46"
5187,2,0,u-read,6700,377105,377106,"v=46"
5188,2,0,u-read,6700,377106,377107,"v=46"
5189,1,0,u-write,6700,377015,377108,"v=46"
5190,3,0,u-read,6700,377109,377110,"v=46"
5191,3,0,u-read,6700,377113,377114,"v=46"
5192,3,0,u-read,6700,377115,377116,"v=46"
5193,3,0,u-read,6700,377117,377120,"v=61"
5194,3,0,u-read,6700,377121,377122,"v=61"
5195,3,0,u-read,6700,377123,377124,"v=61"
5196,3,0,u-read,6700,377126,377126,"v=61"
5197,3,0,u-read,6700,377127,377128,"v=61"
5198,3,0,u-read,6700,377128,377129,"v=61"
5199,3,0,u-read,6700,377129,377130,"v=61"
5200,3,0,u-read,6700,377130,377131,"v=61"
5201,3,0,u-read,6700,377131,377132,"v=61"
5202,3,0,u-read,6700,377132,377133,"v=61"
5203,3,0,u-read,6700,377133,377134,"v=61"
5204,3,0,u-read,6700,377134,377135,"v=61"
5205,3,0,u-read,6700,377135,377136,"v=61"
5206,3,0,u-read,6700,377136,377137,"v=61"
5207,3,0,u-read,6700,377137,377138,"v=61"
5208,3,0,u-read,6700,377138,377139,"v=61"
5209,3,0,u-read,6700,377139,377140,"v=61"
5210,3,0,u-read,6700,377142,377143,"v=61"
5211,3,0,u-read,6700,377143,377144,"v=61"
5212,3,0,u-read,6700,377144,377145,"v=61"
5213,3,0,u-read,6700,377145,377146,"v=61"
5214,3,0,u-read,6700,377146,377147,"v=61"
5215,3,0,u-read,6700,377147,377148,"v=61"
5216,3,0,u-read,6700,377148,377149,"v=61"
5217,3,0,u-read,6700,377149,377150,"v=61"
5218,3,0,u-read,6700,377150,377151,"v=61"
5219,3,0,u-read,6700,377151,377152,"v=61"
5220,3,0,u-read,6700,377152,377153,"v=61"
5221,0,0,u-write,6700,377063,377153,"v=61"
5222,2,0,u-read,6700,377154,377155,"v=61"
5223,2,0,u-read,6700,377158,377159,"v=61"
5224,2,0,u-read,6700,377160,377161,"v=61"
5225,2,0,u-read,6700,377162,377166,"v=48"
5226,2,0,u-read,6700,377167,377168,"v=48"
5227,2,0,u-read,6700,377169,377170,"v=48"
5228,2,0,u-read,6700,377171,377172,"v=48"
5229,2,0,u-read,6700,377172,377173,"v=48"
5230,2,0,u-read,6700,377173,377174,"v=48"
5231,2,0,u-read,6700,377174,377175,"v=48"
5232,2,0,u-read,6700,377175,377176,"v=48"
5233,2,0,u-read,6700,377176,377177,"v=48"
5234,2,0,u-read,6700,377177,377178,"v=48"
5235,2,0,u-read,6700,377178,377179,"v=48"
5236,2,0,u-read,6700,377179,377180,"v=48"
5237,2,0,u-read,6700,377180,377181,"v=48"
5238,2,0,u-read,6700,377181,377182,"v=48"
5239,2,0,u-read,6700,377183,377183,"v=48"
5240,2,0,u-read,6700,377184,377184,"v=48"
5241,2,0,u-read,6700,377185,377185,"v=48"
5242,2,0,u-read,6700,377187,377188,"v=48"
5243,2,0,u-read,6700,377188,377189,"v=48"
5244,2,0,u-read,6700,377189,377190,"v=48"
5245,2,0,u-read,6700,377190,377191,"v=48"
5246,2,0,u-read,6700,377191,377192,"v=48"
5247,2,0,u-read,6700,377192,377193,"v=48"
5248,2,0,u-read,6700,377194,377194,"v=48"
5249,2,0,u-read,6700,377195,377195,"v=48"
5250,2,0,u-read,6700,377195,377196,"v=48"
5251,2,0,u-read,6700,377196,377197,"v=48"
5252,2,0,u-read,6700,377197,377198,"v=48"
5253,2,0,u-read,6700,377198,377199,"v=48"
5254,2,0,u-read,6700,377199,377200,"v=48"
5255,2,0,u-read,6700,377200,377201,"v=48"
5256,2,0,u-read,6700,377201,377202,"v=48"
5257,1,0,u-write,6700,377112,377202,"v=48"
5258,3,0,u-read,6700,377203,377205,"v=48"
5259,3,0,u-read,6700,377207,377208,"v=48"
5260,3,0,u-read,6700,377209,377210,"v=48"
5261,3,0,u-read,6700,377211,377212,"v=48"
5262,3,0,u-read,6700,377213,377217,"v=63"
5263,3,0,u-read,6700,377218,377218,"v=63"
5264,3,0,u-read,6700,377220,377221,"v=63"
5265,3,0,u-read,6700,377221,377222,"v=63"
5266,3,0,u-read,6700,377222,377223,"v=63"
5267,3,0,u-read,6700,377224,377224,"v=63"
5268,3,0,u-read,6700,377225,377225,"v=63"
5269,3,0,u-read,6700,377226,377226,"v=63"
5270,3,0,u-read,6700,377227,377227,"v=63"
5271,3,0,u-read,6700,377228,377228,"v=63"
5272,3,0,u-read,6700,377229,377229,"v=63"
5273,3,0,u-read,6700,377230,377230,"v=63"
5274,3,0,u-read,6700,377232,377233,"v=63"
5275,3,0,u-read,6700,377233,377234,"v=63"
5276,3,0,u-read,6700,377234,377235,"v=63"
5277,3,0,u-read,6700,377235,377236,"v=63"
5278,3,0,u-read,6700,377236,377237,"v=63"
5279,3,0,u-read,6700,377237,377238,"v=63"
5280,3,0,u-read,6700,377238,377239,"v=63"
5281,3,0,u-read,6700,377239,377240,"v=63"
5282,3,0,u-read,6700,377240,377241,"v=63"
5283,3,0,u-read,6700,377241,377242,"v=63"
5284,3,0,u-read,6700,377242,377243,"v=63"
5285,3,0,u-read,6700,377244,377244,"v=63"
5286,3,0,u-read,6700,377245,377245,"v=63"
5287,3,0,u-read,6700,377246,377246,"v=63"
5288,3,0,u-read,6700,377247,377247,"v=63"
5289,3,0,u-read,6700,377248,377248,"v=63"
5290,3,0,u-read,6700,377249,377249,"v=63"
5291,3,0,u-read,6700,377250,377250,"v=63"
5292,3,0,u-read,6700,377251,377251,"v=63"
5293,3,0,u-read,6700,377252,377252,"v=63"
5294,3,0,u-read,6700,377253,377254,"v=63"
5295,0,0,u-write,6700,377157,377254,"v=63"
5296,2,0,u-read,6700,377255,377256,"v=63"
5297,2,0,u-read,6700,377259,377264,"v=63"
5298,2,0,u-read,6700,377265,377266,"v=63"
5299,2,0,u-read,6700,377267,377268,"v=63"
5300,2,0,u-read,6700,377269,377270,"v=63"
5301,3,0,u-read,6700,377270,377279,"v=50"
5302,3,0,u-read,6700,377279,377280,"v=50"
5303,3,0,u-read,6700,377281,377281,"v=50"
5304,3,0,u-read,6700,377282,377299,"v=50"
5305,2,0,u-read,6700,377270,377303,"v=50"
5306,3,0,u-read,6700,377306,377307,"v=50"
5307,2,0,u-read,6700,377307,377308,"v=50"
5308,3,0,u-read,6700,377309,377310,"v=50"
5309,2,0,u-read,6700,377310,377311,"v=50"
5310,3,0,u-read,6700,377312,377312,"v=50"
5311,2,0,u-read,6700,377313,377314,"v=50"
5312,3,0,u-read,6700,377314,377315,"v=50"
5313,2,0,u-read,6700,377316,377317,"v=50"
5314,3,0,u-read,6700,377317,377318,"v=50"
5315,2,0,u-read,6700,377319,377319,"v=50"
5316,3,0,u-read,6700,377320,377321,"v=50"
5317,2,0,u-read,6700,377321,377322,"v=50"
5318,3,0,u-read,6700,377323,377323,"v=50"
5319,2,0,u-read,6700,377324,377325,"v=50"
5320,3,0,u-read,6700,377325,377326,"v=50"
5321,1,0,u-write,6700,377206,377327,"v=50"
5322,2,0,u-read,6700,377337,377339,"v=50"
5323,3,0,u-read,6700,377338,377346,"v=65"
5324,3,0,u-read,6700,377347,377348,"v=65"
5325,3,0,u-read,6700,377348,377349,"v=65"
5326,3,0,u-read,6700,377349,377350,"v=65"
5327,3,0,u-read,6700,377350,377366,"v=65"
5328,2,0,u-read,6700,377339,377386,"v=65"
5329,3,0,u-read,6700,377388,377389,"v=65"
5330,2,0,u-read,6700,377389,377390,"v=65"
5331,3,0,u-read,6700,377391,377392,"v=65"
5332,2,0,u-read,6700,377393,377394,"v=65"
5333,3,0,u-read,6700,377394,377395,"v=65"
5334,2,0,u-read,6700,377396,377397,"v=65"
5335,3,0,u-read,6700,377397,377398,"v=65"
5336,2,0,u-read,6700,377399,377399,"v=65"
5337,3,0,u-read,6700,377400,377401,"v=65"
5338,2,0,u-read,6700,377404,377405,"v=65"
5339,3,0,u-read,6700,377406,377406,"v=65"
5340,2,0,u-read,6700,377407,377408,"v=65"
5341,3,0,u-read,6700,377409,377409,"v=65"
5342,2,0,u-read,6700,377410,377411,"v=65"
5343,3,0,u-read,6700,377411,377412,"v=65"
5344,0,0,u-write,6700,377258,377413,"v=65"
5345,2,0,u-read,6700,377413,377414,"v=65"
5346,3,0,u-read,6700,377414,377415,"v=65"
5347,2,0,u-read,6700,377416,377416,"v=65"
5348,3,0,u-read,6700,377417,377418,"v=65"
5349,2,0,u-read,6700,377418,377419,"v=65"
5350,3,0,u-read,6700,377420,377421,"v=65"
5351,2,0,u-read,6700,377421,377422,"v=65"
5352,3,0,u-read,6700,377422,377423,"v=65"
5353,2,0,u-read,6700,377424,377424,"v=65"
5354,2,0,u-read,6700,377426,377429,"v=52"
5355,3,0,u-read,6700,377425,377430,"v=52"
5356,2,0,u-read,6700,377430,377431,"v=52"
5357,3,0,u-read,6700,377432,377433,"v=52"
5358,2,0,u-read,6700,377433,377434,"v=52"
5359,3,0,u-read,6700,377435,377436,"v=52"
5360,2,0,u-read,6700,377436,377437,"v=52"
5361,3,0,u-read,6700,377438,377438,"v=52"
5362,2,0,u-read,6700,377439,377440,"v=52"
5363,3,0,u-read,6700,377440,377441,"v=52"
5364,2,0,u-read,6700,377441,377442,"v=52"
5365,3,0,u-read,6700,377443,377443,"v=52"
5366,2,0,u-read,6700,377444,377445,"v=52"
5367,3,0,u-read,6700,377445,377446,"v=52"
5368,2,0,u-read,6700,377447,377447,"v=52"
5369,3,0,u-read,6700,377448,377449,"v=52"
5370,2,0,u-read,6700,377451,377451,"v=52"
5371,3,0,u-read,6700,377452,377453,"v=52"
5372,2,0,u-read,6700,377453,377454,"v=52"
5373,3,0,u-read,6700,377454,377455,"v=52"
5374,2,0,u-read,6700,377456,377456,"v=52"
5375,3,0,u-read,6700,377457,377458,"v=52"
5376,2,0,u-read,6700,377458,377459,"v=52"
5377,1,0,u-write,6700,377329,377460,"v=52"
5378,3,0,u-read,6700,377460,377461,"v=52"
5379,2,0,u-read,6700,377461,377462,"v=52"
5380,3,0,u-read,6700,377463,377463,"v=52"
5381,2,0,u-read,6700,377464,377465,"v=52"
5382,3,0,u-read,6700,377466,377466,"v=52"
5383,2,0,u-read,6700,377467,377468,"v=52"
5384,2,0,u-read,6700,377469,377470,"v=67"
5385,3,0,u-read,6700,377468,377472,"v=67"
5386,2,0,u-read,6700,377472,377473,"v=67"
5387,3,0,u-read,6700,377474,377474,"v=67"
5388,2,0,u-read,6700,377475,377476,"v=67"
5389,3,0,u-read,6700,377476,377477,"v=67"
5390,2,0,u-read,6700,377477,377478,"v=67"
5391,3,0,u-read,6700,377479,377479,"v=67"
5392,2,0,u-read,6700,377480,377481,"v=67"
5393,3,0,u-read,6700,377481,377482,"v=67"
5394,2,0,u-read,6700,377482,377483,"v=67"
5395,3,0,u-read,6700,377484,377485,"v=67"
5396,2,0,u-read,6700,377485,377486,"v=67"
5397,3,0,u-read,6700,377486,377487,"v=67"
5398,2,0,u-read,6700,377488,377488,"v=67"
5399,3,0,u-read,6700,377489,377490,"v=67"
5400,2,0,u-read,6700,377490,377491,"v=67"
5401,3,0,u-read,6700,377492,377493,"v=67"
5402,2,0,u-read,6700,377504,377505,"v=67"
5403,3,0,u-read,6700,377506,377507,"v=67"
5404,2,0,u-read,6700,377507,377508,"v=67"
5405,2,0,u-read,6700,377509,377512,"v=54"
5406,3,0,u-read,6700,377509,377513,"v=54"
5407,2,0,u-read,6700,377514,377515,"v=54"
5408,3,0,u-read,6700,377515,377516,"v=54"
5409,2,0,u-read,6700,377516,377517,"v=54"
5410,3,0,u-read,6700,377518,377519,"v=54"
5411,2,0,u-read,6700,377519,377520,"v=54"
5412,3,0,u-read,6700,377520,377521,"v=54"
5413,2,0,u-read,6700,377522,377522,"v=54"
5414,3,0,u-read,6700,377523,377524,"v=54"
5415,2,0,u-read,6700,377524,377525,"v=54"
5416,3,0,u-read,6700,377526,377526,"v=54"
5417,2,0,u-read,6700,377527,377528,"v=54"
5418,3,0,u-read,6700,377528,377529,"v=54"
5419,2,0,u-read,6700,377529,377530,"v=54"
5420,3,0,u-read,6700,377531,377531,"v=54"
5421,2,0,u-read,6700,377532,377533,"v=54"
5422,3,0,u-read,6700,377534,377534,"v=54"
5423,2,0,u-read,6700,377535,377536,"v=54"
5424,3,0,u-read,6700,377536,377537,"v=54"
5425,2,0,u-read,6700,377537,377538,"v=54"
5426,3,0,u-read,6700,377539,377539,"v=54"
5427,2,0,u-read,6700,377540,377541,"v=54"
5428,1,0,u-write,6700,377503,377542,"v=54"
5429,3,0,u-read,6700,377541,377542,"v=54"
5430,0,0,u-write,6700,377462,377500,"v=67"
5431,2,0,u-read,6700,377543,377544,"v=54"
5432,3,0,u-read,6700,377544,377545,"v=54"
5433,2,0,u-read,6700,377546,377547,"v=54"
5434,3,0,u-read,6700,377549,377550,"v=54"
5435,2,0,u-read,6700,377551,377551,"v=54"
5436,3,0,u-read,6700,377552,377552,"v=54"
5437,2,0,u-read,6700,377553,377554,"v=54"
5438,3,0,u-read,6700,377554,377555,"v=54"
5439,2,0,u-read,6700,377556,377558,"v=56"
5440,3,0,u-read,6700,377556,377560,"v=56"
5441,2,0,u-read,6700,377560,377561,"v=56"
5442,3,0,u-read,6700,377562,377562,"v=56"
5443,2,0,u-read,6700,377563,377564,"v=56"
5444,3,0,u-read,6700,377564,377565,"v=56"
5445,2,0,u-read,6700,377566,377566,"v=56"
5446,3,0,u-read,6700,377567,377568,"v=56"
5447,2,0,u-read,6700,377568,377569,"v=56"
5448,3,0,u-read,6700,377570,377570,"v=56"
5449,2,0,u-read,6700,377571,377572,"v=56"
5450,3,0,u-read,6700,377572,377573,"v=56"
5451,2,0,u-read,6700,377573,377574,"v=56"
5452,3,0,u-read,6700,377575,377575,"v=56"
5453,2,0,u-read,6700,377576,377577,"v=56"
5454,3,0,u-read,6700,377577,377578,"v=56"
5455,2,0,u-read,6700,377579,377579,"v=56"
5456,3,0,u-read,6700,377580,377581,"v=56"
5457,2,0,u-read,6700,377581,377582,"v=56"
5458,3,0,u-read,6700,377583,377583,"v=56"
5459,2,0,u-read,6700,377584,377585,"v=56"
5460,3,0,u-read,6700,377585,377586,"v=56"
5461,2,0,u-read,6700,377586,377587,"v=56"
5462,1,0,u-write,6700,377545,377588,"v=56"
5463,3,0,u-read,6700,377588,377588,"v=56"
5464,2,0,u-read,6700,377589,377590,"v=56"
5465,3,0,u-read,6700,377590,377591,"v=56"
5466,2,0,u-read,6700,377593,377594,"v=56"
5467,3,0,u-read,6700,377595,377598,"v=69"
5468,2,0,u-read,6700,377596,377599,"v=69"
5469,3,0,u-read,6700,377600,377600,"v=69"
5470,2,0,u-read,6700,377601,377602,"v=69"
5471,3,0,u-read,6700,377602,377603,"v=69"
5472,2,0,u-read,6700,377604,377604,"v=69"
5473,3,0,u-read,6700,377605,377606,"v=69"
5474,2,0,u-read,6700,377606,377607,"v=69"
5475,3,0,u-read,6700,377608,377608,"v=69"
5476,2,0,u-read,6700,377609,377609,"v=69"
5477,3,0,u-read,6700,377610,377611,"v=69"
5478,2,0,u-read,6700,377611,377612,"v=69"
5479,3,0,u-read,6700,377613,377613,"v=69"
5480,2,0,u-read,6700,377614,377615,"v=69"
5481,3,0,u-read,6700,377615,377616,"v=69"
5482,2,0,u-read,6700,377617,377617,"v=69"
5483,3,0,u-read,6700,377618,377619,"v=69"
5484,2,0,u-read,6700,377619,377620,"v=69"
5485,3,0,u-read,6700,377621,377621,"v=69"
5486,2,0,u-read,6700,377622,377623,"v=69"
5487,3,0,u-read,6700,377623,377624,"v=69"
5488,2,0,u-read,6700,377625,377625,"v=69"
5489,3,0,u-read,6700,377626,377627,"v=69"
5490,0,0,u-write,6700,377589,377628,"v=69"
5491,2,0,u-read,6700,377627,377628,"v=69"
5492,3,0,u-read,6700,377629,377629,"v=69"
5493,2,0,u-read,6700,377630,377631,"v=69"
5494,3,0,u-read,6700,377631,377632,"v=69"
5495,2,0,u-read,6700,377633,377634,"v=69"
5496,2,0,u-read,6700,377635,377637,"v=58"
5497,3,0,u-read,6700,377634,377639,"v=58"
5498,2,0,u-read,6700,377641,377642,"v=58"
5499,3,0,u-read,6700,377642,377643,"v=58"
5500,2,0,u-read,6700,377644,377644,"v=58"
5501,3,0,u-read,6700,377645,377645,"v=58"
5502,2,0,u-read,6700,377646,377647,"v=58"
5503,3,0,u-read,6700,377647,377648,"v=58"
5504,2,0,u-read,6700,377649,377649,"v=58"
5505,3,0,u-read,6700,377650,377651,"v=58"
5506,2,0,u-read,6700,377651,377652,"v=58"
5507,3,0,u-read,6700,377652,377653,"v=58"
5508,2,0,u-read,6700,377654,377654,"v=58"
5509,3,0,u-read,6700,377655,377656,"v=58"
5510,2,0,u-read,6700,377656,377657,"v=58"
5511,3,0,u-read,6700,377658,377659,"v=58"
5512,2,0,u-read,6700,377659,377660,"v=58"
5513,3,0,u-read,6700,377661,377661,"v=58"
5514,2,0,u-read,6700,377662,377663,"v=58"
5515,3,0,u-read,6700,377663,377664,"v=58"
5516,2,0,u-read,6700,377664,377665,"v=58"
5517,3,0,u-read,6700,377666,377666,"v=58"
5518,2,0,u-read,6700,377667,377668,"v=58"
5519,3,0,u-read,6700,377668,377669,"v=58"
5520,1,0,u-write,6700,377629,377670,"v=58"
5521,2,0,u-read,6700,377669,377670,"v=58"
5522,3,0,u-read,6700,377671,377672,"v=58"
5523,2,0,u-read,6700,377672,377673,"v=58"
5524,3,0,u-read,6700,377674,377675,"v=58"
5525,2,0,u-read,6700,377675,377676,"v=58"
5526,2,0,u-read,6700,377677,377680,"v=71"
5527,3,0,u-read,6700,377676,377681,"v=71"
5528,2,0,u-read,6700,377681,377682,"v=71"
5529,3,0,u-read,6700,377683,377683,"v=71"
5530,2,0,u-read,6700,377685,377690,"v=71"
5531,3,0,u-read,6700,377691,377692,"v=71"
5532,2,0,u-read,6700,377692,377693,"v=71"
5533,3,0,u-read,6700,377694,377695,"v=71"
5534,2,0,u-read,6700,377695,377696,"v=71"
5535,3,0,u-read,6700,377696,377697,"v=71"
5536,2,0,u-read,6700,377698,377698,"v=71"
5537,3,0,u-read,6700,377699,377700,"v=71"
5538,2,0,u-read,6700,377700,377701,"v=71"
5539,3,0,u-read,6700,377701,377702,"v=71"
5540,2,0,u-read,6700,377703,377704,"v=71"
5541,3,0,u-read,6700,377704,377705,"v=71"
5542,2,0,u-read,6700,377705,377706,"v=71"
5543,3,0,u-read,6700,377707,377707,"v=71"
5544,2,0,u-read,6700,377708,377709,"v=71"
5545,0,0,u-write,6700,377671,377709,"v=71"
5546,3,0,u-read,6700,377709,377710,"v=71"
5547,2,0,u-read,6700,377711,377711,"v=71"
5548,3,0,u-read,6700,377712,377714,"v=71"
5549,2,0,u-read,6700,377714,377715,"v=71"
5550,3,0,u-read,6700,377715,377716,"v=71"
5551,2,0,u-read,6700,377717,377719,"v=60"
5552,3,0,u-read,6700,377718,377721,"v=60"
5553,2,0,u-read,6700,377721,377722,"v=60"
5554,3,0,u-read,6700,377723,377723,"v=60"
5555,2,0,u-read,6700,377724,377725,"v=60"
5556,3,0,u-read,6700,377725,377726,"v=60"
5557,2,0,u-read,6700,377727,377727,"v=60"
5558,3,0,u-read,6700,377728,377729,"v=60"
5559,2,0,u-read,6700,377729,377730,"v=60"
5560,3,0,u-read,6700,377730,377731,"v=60"
5561,2,0,u-read,6700,377732,377732,"v=60"
5562,3,0,u-read,6700,377735,377735,"v=60"
5563,2,0,u-read,6700,377736,377737,"v=60"
5564,3,0,u-read,6700,377737,377738,"v=60"
5565,2,0,u-read,6700,377738,377739,"v=60"
5566,3,0,u-read,6700,377740,377741,"v=60"
5567,2,0,u-read,6700,377741,377742,"v=60"
5568,3,0,u-read,6700,377742,377743,"v=60"
5569,2,0,u-read,6700,377744,377745,"v=60"
5570,3,0,u-read,6700,377745,377746,"v=60"
5571,2,0,u-read,6700,377747,377747,"v=60"
5572,3,0,u-read,6700,377748,377749,"v=60"
5573,2,0,u-read,6700,377749,377750,"v=60"
5574,1,0,u-write,6700,377710,377750,"v=60"
5575,3,0,u-read,6700,377750,377751,"v=60"
5576,2,0,u-read,6700,377752,377753,"v=60"
5577,3,0,u-read,6700,377753,377754,"v=60"
5578,2,0,u-read,6700,377755,377756,"v=60"
5579,3,0,u-read,6700,377757,377757,"v=60"
5580,2,0,u-read,6700,377758,377760,"v=73"
5581,3,0,u-read,6700,377759,377762,"v=73"
5582,2,0,u-read,6700,377762,377763,"v=73"
5583,3,0,u-read,6700,377764,377765,"v=73"
5584,2,0,u-read,6700,377765,377766,"v=73"
5585,3,0,u-read,6700,377767,377767,"v=73"
5586,2,0,u-read,6700,377768,377769,"v=73"
5587,3,0,u-read,6700,377769,377770,"v=73"
5588,2,0,u-read,6700,377770,377771,"v=73"
5589,3,0,u-read,6700,377772,377772,"v=73"
5590,2,0,u-read,6700,377773,377774,"v=73"
5591,3,0,u-read,6700,377774,377775,"v=73"
5592,2,0,u-read,6700,377775,377776,"v=73"
5593,3,0,u-read,6700,377777,377777,"v=73"
5594,2,0,u-read,6700,377781,377781,"v=73"
5595,3,0,u-read,6700,377782,377783,"v=73"
5596,2,0,u-read,6700,377783,377784,"v=73"
5597,3,0,u-read,6700,377785,377786,"v=73"
5598,2,0,u-read,6700,377786,377787,"v=73"
5599,3,0,u-read,6700,377787,377788,"v=73"
5600,2,0,u-read,6700,377789,377790,"v=73"
5601,3,0,u-read,6700,377790,377791,"v=73"
5602,2,0,u-read,6700,377792,377792,"v=73"
5603,3,0,u-read,6700,377793,377794,"v=73"
5604,2,0,u-read,6700,377794,377795,"v=73"
5605,3,0,u-read,6700,377796,377796,"v=73"
5606,0,0,u-write,6700,377752,377797,"v=73"
5607,2,0,u-read,6700,377797,377798,"v=73"
5608,3,0,u-read,6700,377798,377799,"v=73"
5609,2,0,u-read,6700,377800,377800,"v=73"
5610,3,0,u-read,6700,377801,377802,"v=73"
5611,2,0,u-read,6700,377802,377803,"v=73"
5612,3,0,u-read,6700,377804,377804,"v=73"
5613,2,0,u-read,6700,377805,377806,"v=73"
5614,3,0,u-read,6700,377806,377809,"v=62"
5615,2,0,u-read,6700,377807,377810,"v=62"
5616,3,0,u-read,6700,377811,377812,"v=62"
5617,2,0,u-read,6700,377812,377813,"v=62"
5618,3,0,u-read,6700,377813,377814,"v=62"
5619,2,0,u-read,6700,377815,377815,"v=62"
5620,3,0,u-read,6700,377816,377817,"v=62"
5621,2,0,u-read,6700,377817,377818,"v=62"
5622,3,0,u-read,6700,377819,377819,"v=62"
5623,2,0,u-read,6700,377820,377821,"v=62"
5624,3,0,u-read,6700,377821,377822,"v=62"
5625,2,0,u-read,6700,377823,377823,"v=62"
5626,3,0,u-read,6700,377825,377826,"v=62"
5627,2,0,u-read,6700,377827,377828,"v=62"
5628,3,0,u-read,6700,377828,377829,"v=62"
5629,2,0,u-read,6700,377830,377830,"v=62"
5630,3,0,u-read,6700,377831,377832,"v=62"
5631,2,0,u-read,6700,377833,377833,"v=62"
5632,3,0,u-read,6700,377834,377835,"v=62"
5633,2,0,u-read,6700,377835,377836,"v=62"
5634,3,0,u-read,6700,377836,377837,"v=62"
5635,2,0,u-read,6700,377838,377838,"v=62"
5636,3,0,u-read,6700,377839,377840,"v=62"
5637,2,0,u-read,6700,377840,377841,"v=62"
5638,1,0,u-write,6700,377799,377841,"v=62"
5639,3,0,u-read,6700,377842,377842,"v=62"
5640,2,0,u-read,6700,377843,377844,"v=62"
5641,2,0,u-read,6700,377845,377846,"v=62"
5642,3,0,u-read,6700,377844,377847,"v=62"
5643,3,0,u-read,6700,377849,377851,"v=75"
5644,2,0,u-read,6700,377848,377852,"v=75"
5645,3,0,u-read,6700,377853,377854,"v=75"
5646,2,0,u-read,6700,377854,377855,"v=75"
5647,3,0,u-read,6700,377856,377856,"v=75"
5648,2,0,u-read,6700,377857,377858,"v=75"
5649,3,0,u-read,6700,377858,377859,"v=75"
5650,2,0,u-read,6700,377860,377860,"v=75"
5651,3,0,u-read,6700,377861,377862,"v=75"
5652,2,0,u-read,6700,377862,377863,"v=75"
5653,3,0,u-read,6700,377864,377864,"v=75"
5654,2,0,u-read,6700,377865,377866,"v=75"
5655,3,0,u-read,6700,377866,377867,"v=75"
5656,2,0,u-read,6700,377867,377868,"v=75"
5657,3,0,u-read,6700,377869,377870,"v=75"
5658,2,0,u-read,6700,377872,377873,"v=75"
5659,3,0,u-read,6700,377873,377874,"v=75"
5660,2,0,u-read,6700,377875,377875,"v=75"
5661,3,0,u-read,6700,377876,377877,"v=75"
5662,2,0,u-read,6700,377877,377878,"v=75"
5663,3,0,u-read,6700,377879,377879,"v=75"
5664,2,0,u-read,6700,377880,377881,"v=75"
5665,0,0,u-write,6700,377843,377882,"v=75"
5666,3,0,u-read,6700,377881,377882,"v=75"
5667,2,0,u-read,6700,377883,377883,"v=75"
5668,3,0,u-read,6700,377884,377885,"v=75"
5669,2,0,u-read,6700,377885,377886,"v=75"
5670,3,0,u-read,6700,377887,377888,"v=75"
5671,2,0,u-read,6700,377888,377889,"v=75"
5672,3,0,u-read,6700,377889,377892,"v=64"
5673,2,0,u-read,6700,377890,377894,"v=64"
5674,3,0,u-read,6700,377894,377895,"v=64"
5675,2,0,u-read,6700,377895,377896,"v=64"
5676,3,0,u-read,6700,377897,377898,"v=64"
5677,2,0,u-read,6700,377898,377899,"v=64"
5678,3,0,u-read,6700,377900,377900,"v=64"
5679,2,0,u-read,6700,377901,377901,"v=64"
5680,3,0,u-read,6700,377902,377903,"v=64"
5681,2,0,u-read,6700,377903,377904,"v=64"
5682,3,0,u-read,6700,377905,377905,"v=64"
5683,2,0,u-read,6700,377906,377907,"v=64"
5684,3,0,u-read,6700,377907,377908,"v=64"
5685,2,0,u-read,6700,377908,377909,"v=64"
5686,3,0,u-read,6700,377910,377911,"v=64"
5687,2,0,u-read,6700,377911,377912,"v=64"
5688,3,0,u-read,6700,377912,377913,"v=64"
5689,2,0,u-read,6700,377914,377915,"v=64"
5690,3,0,u-read,6700,377917,377917,"v=64"
5691,2,0,u-read,6700,377918,377919,"v=64"
5692,3,0,u-read,6700,377919,377920,"v=64"
5693,2,0,u-read,6700,377921,377921,"v=64"
5694,3,0,u-read,6700,377922,377922,"v=64"
5695,2,0,u-read,6700,377923,377924,"v=64"
5696,1,0,u-write,6700,377883,377924,"v=64"
5697,3,0,u-read,6700,377924,377925,"v=64"
5698,2,0,u-read,6700,377926,377927,"v=64"
5699,3,0,u-read,6700,377927,377928,"v=64"
5700,2,0,u-read,6700,377929,377930,"v=64"
5701,3,0,u-read,6700,377930,377931,"v=64"
5702,3,0,u-read,6700,377932,377935,"v=77"
5703,2,0,u-read,6700,377931,377937,"v=77"
5704,3,0,u-read,6700,377937,377938,"v=77"
5705,2,0,u-read,6700,377939,377940,"v=77"
5706,3,0,u-read,6700,377940,377941,"v=77"
5707,2,0,u-read,6700,377942,377942,"v=77"
5708,3,0,u-read,6700,377943,377944,"v=77"
5709,2,0,u-read,6700,377944,377945,"v=77"
5710,3,0,u-read,6700,377945,377946,"v=77"
5711,2,0,u-read,6700,377947,377947,"v=77"
5712,3,0,u-read,6700,377948,377949,"v=77"
5713,2,0,u-read,6700,377949,377950,"v=77"
5714,3,0,u-read,6700,377950,377951,"v=77"
5715,2,0,u-read,6700,377952,377952,"v=77"
5716,3,0,u-read,6700,377953,377954,"v=77"
5717,2,0,u-read,6700,377954,377955,"v=77"
5718,3,0,u-read,6700,377956,377956,"v=77"
5719,2,0,u-read,6700,377957,377958,"v=77"
5720,3,0,u-read,6700,377958,377959,"v=77"
5721,2,0,u-read,6700,377960,377960,"v=77"
5722,3,0,u-read,6700,377962,377963,"v=77"
5723,2,0,u-read,6700,377963,377964,"v=77"
5724,3,0,u-read,6700,377965,377966,"v=77"
5725,2,0,u-read,6700,377966,377967,"v=77"
5726,0,0,u-write,6700,377926,377968,"v=77"
5727,3,0,u-read,6700,377968,377968,"v=77"
5728,2,0,u-read,6700,377969,377970,"v=77"
5729,2,0,u-read,6700,377971,377972,"v=77"
5730,3,0,u-read,6700,377970,377974,"v=77"
5731,3,0,u-read,6700,377975,377977,"v=66"
5732,2,0,u-read,6700,377974,377979,"v=66"
5733,3,0,u-read,6700,377979,377980,"v=66"
5734,2,0,u-read,6700,377981,377981,"v=66"
5735,3,0,u-read,6700,377982,377983,"v=66"
5736,2,0,u-read,6700,377983,377984,"v=66"
5737,3,0,u-read,6700,377984,377985,"v=66"
5738,2,0,u-read,6700,377986,377986,"v=66"
5739,3,0,u-read,6700,377987,377988,"v=66"
5740,2,0,u-read,6700,377988,377989,"v=66"
5741,3,0,u-read,6700,377990,377990,"v=66"
5742,2,0,u-read,6700,377991,377991,"v=66"
5743,3,0,u-read,6700,377992,377993,"v=66"
5744,2,0,u-read,6700,377993,377994,"v=66"
5745,3,0,u-read,6700,377995,377995,"v=66"
5746,2,0,u-read,6700,377996,377997,"v=66"
5747,3,0,u-read,6700,377997,377998,"v=66"
5748,2,0,u-read,6700,377999,377999,"v=66"
5749,3,0,u-read,6700,378000,378001,"v=66"
5750,2,0,u-read,6700,378001,378002,"v=66"
5751,3,0,u-read,6700,378003,378003,"v=66"
5752,2,0,u-read,6700,378004,378005,"v=66"
5753,3,0,u-read,6700,378005,378006,"v=66"
5754,2,0,u-read,6700,378008,378009,"v=66"
5755,1,0,u-write,6700,377932,378009,"v=66"
5756,3,0,u-read,6700,378009,378010,"v=66"
5757,2,0,u-read,6700,378011,378012,"v=66"
5758,3,0,u-read,6700,378012,378013,"v=66"
5759,2,0,u-read,6700,378014,378015,"v=66"
5760,3,0,u-read,6700,378015,378016,"v=66"
5761,2,0,u-read,6700,378016,378019,"v=79"
5762,3,0,u-read,6700,378017,378020,"v=79"
5763,2,0,u-read,6700,378021,378022,"v=79"
5764,3,0,u-read,6700,378022,378023,"v=79"
5765,2,0,u-read,6700,378024,378024,"v=79"
5766,3,0,u-read,6700,378025,378026,"v=79"
5767,2,0,u-read,6700,378026,378027,"v=79"
5768,3,0,u-read,6700,378027,378028,"v=79"
5769,2,0,u-read,6700,378029,378029,"v=79"
5770,3,0,u-read,6700,378030,378031,"v=79"
5771,2,0,u-read,6700,378031,378032,"v=79"
5772,3,0,u-read,6700,378032,378033,"v=79"
5773,2,0,u-read,6700,378034,378034,"v=79"
5774,3,0,u-read,6700,378035,378036,"v=79"
5775,2,0,u-read,6700,378036,378037,"v=79"
5776,3,0,u-read,6700,378038,378038,"v=79"
5777,2,0,u-read,6700,378039,378040,"v=79"
5778,3,0,u-read,6700,378040,378041,"v=79"
5779,2,0,u-read,6700,378042,378043,"v=79"
5780,3,0,u-read,6700,378043,378044,"v=79"
5781,2,0,u-read,6700,378045,378045,"v=79"
5782,3,0,u-read,6700,378046,378047,"v=79"
5783,2,0,u-read,6700,378047,378048,"v=79"
5784,3,0,u-read,6700,378048,378049,"v=79"
5785,0,0,u-write,6700,378011,378050,"v=79"
5786,2,0,u-read,6700,378050,378050,"v=79"
5787,3,0,u-read,6700,378053,378053,"v=79"
5788,2,0,u-read,6700,378054,378055,"v=79"
5789,3,0,u-read,6700,378056,378057,"v=79"
5790,2,0,u-read,6700,378057,378058,"v=79"
5791,3,0,u-read,6700,378058,378059,"v=79"
5792,3,0,u-read,6700,378061,378062,"v=68"
5793,2,0,u-read,6700,378060,378063,"v=68"
5794,3,0,u-read,6700,378064,378065,"v=68"
5795,2,0,u-read,6700,378065,378066,"v=68"
5796,3,0,u-read,6700,378067,378067,"v=68"
5797,2,0,u-read,6700,378068,378069,"v=68"
5798,3,0,u-read,6700,378069,378070,"v=68"
5799,2,0,u-read,6700,378070,378071,"v=68"
5800,3,0,u-read,6700,378072,378073,"v=68"
5801,2,0,u-read,6700,378073,378074,"v=68"
5802,3,0,u-read,6700,378074,378075,"v=68"
5803,2,0,u-read,6700,378076,378076,"v=68"
5804,3,0,u-read,6700,378077,378078,"v=68"
5805,2,0,u-read,6700,378078,378079,"v=68"
5806,3,0,u-read,6700,378080,378080,"v=68"
5807,2,0,u-read,6700,378081,378082,"v=68"
5808,3,0,u-read,6700,378082,378083,"v=68"
5809,2,0,u-read,6700,378084,378085,"v=68"
5810,3,0,u-read,6700,378085,378086,"v=68"
5811,2,0,u-read,6700,378087,378087,"v=68"
5812,3,0,u-read,6700,378088,378089,"v=68"
5813,2,0,u-read,6700,378089,378090,"v=68"
5814,3,0,u-read,6700,378091,378091,"v=68"
5815,2,0,u-read,6700,378092,378093,"v=68"
5816,3,0,u-read,6700,378093,378094,"v=68"
5817,1,0,u-write,6700,378053,378095,"v=68"
5818,2,0,u-read,6700,378094,378095,"v=68"
5819,3,0,u-read,6700,378097,378098,"v=68"
5820,2,0,u-read,6700,378099,378099,"v=68"
5821,3,0,u-read,6700,378100,378101,"v=68"
5822,2,0,u-read,6700,378101,378102,"v=68"
5823,3,0,u-read,6700,378102,378103,"v=68"
5824,2,0,u-read,6700,378104,378104,"v=68"
5825,3,0,u-read,6700,378105,378106,"v=68"
5826,2,0,u-read,6700,378106,378107,"v=68"
5827,3,0,u-read,6700,378108,378108,"v=68"
5828,2,0,u-read,6700,378109,378109,"v=68"
5829,3,0,u-read,6700,378110,378111,"v=68"
5830,2,0,u-read,6700,378111,378112,"v=68"
5831,3,0,u-read,6700,378113,378113,"v=68"
5832,2,0,u-read,6700,378114,378115,"v=68"
5833,3,0,u-read,6700,378116,378116,"v=68"
5834,2,0,u-read,6700,378117,378117,"v=68"
5835,3,0,u-read,6700,378118,378119,"v=68"
5836,2,0,u-read,6700,378120,378120,"v=68"
5837,3,0,u-read,6700,378121,378122,"v=68"
5838,2,0,u-read,6700,378122,378123,"v=68"
5839,3,0,u-read,6700,378124,378124,"v=68"
5840,2,0,u-read,6700,378125,378126,"v=68"
5841,3,0,u-read,6700,378126,378127,"v=68"
5842,2,0,u-read,6700,378128,378128,"v=68"
5843,3,0,u-read,6700,378129,378130,"v=68"
5844,2,0,u-read,6700,378130,378131,"v=68"
5845,3,0,u-read,6700,378132,378133,"v=68"
5846,2,0,u-read,6700,378133,378134,"v=68"
5847,3,0,u-read,6700,378134,378135,"v=68"
5848,2,0,u-read,6700,378136,378136,"v=68"
5849,3,0,u-read,6700,378137,378138,"v=68"
5850,2,0,u-read,6700,378140,378141,"v=70"
5851,3,0,u-read,6700,378142,378143,"v=70"
5852,2,0,u-read,6700,378143,378144,"v=70"
5853,3,0,u-read,6700,378144,378145,"v=70"
5854,2,0,u-read,6700,378146,378146,"v=70"
5855,3,0,u-read,6700,378147,378148,"v=70"
5856,2,0,u-read,6700,378148,378149,"v=70"
5857,3,0,u-read,6700,378150,378150,"v=70"
5858,2,0,u-read,6700,378151,378152,"v=70"
5859,3,0,u-read,6700,378152,378153,"v=70"
5860,2,0,u-read,6700,378154,378154,"v=70"
5861,3,0,u-read,6700,378155,378156,"v=70"
5862,2,0,u-read,6700,378156,378157,"v=70"
5863,3,0,u-read,6700,378158,378158,"v=70"
5864,2,0,u-read,6700,378159,378160,"v=70"
5865,3,0,u-read,6700,378160,378161,"v=70"
5866,2,0,u-read,6700,378162,378162,"v=70"
5867,3,0,u-read,6700,378163,378164,"v=70"
5868,2,0,u-read,6700,378164,378165,"v=70"
5869,3,0,u-read,6700,378165,378166,"v=70"
5870,2,0,u-read,6700,378167,378167,"v=70"
5871,3,0,u-read,6700,378168,378169,"v=70"
5872,2,0,u-read,6700,378169,378170,"v=70"
5873,3,0,u-read,6700,378171,378171,"v=70"
5874,2,0,u-read,6700,378172,378173,"v=70"
5875,3,0,u-read,6700,378173,378174,"v=70"
5876,1,0,u-write,6700,378129,378175,"v=70"
5877,2,0,u-read,6700,378174,378175,"v=70"
5878,3,0,u-read,6700,378176,378177,"v=70"
5879,3,0,u-read,6700,378178,378179,"v=70"
5880,2,0,u-read,6700,378177,378181,"v=-1"
5881,2,0,u-read,6700,378182,378185,"v=72"
5882,3,0,u-read,6700,378181,378187,"v=72"
5883,2,0,u-read,6700,378188,378189,"v=72"
5884,3,0,u-read,6700,378189,378190,"v=72"
5885,2,0,u-read,6700,378191,378191,"v=72"
5886,3,0,u-read,6700,378192,378193,"v=72"
5887,2,0,u-read,6700,378193,378194,"v=72"
5888,3,0,u-read,6700,378195,378196,"v=72"
5889,2,0,u-read,6700,378196,378197,"v=72"
5890,3,0,u-read,6700,378197,378198,"v=72"
5891,2,0,u-read,6700,378199,378199,"v=72"
5892,3,0,u-read,6700,378200,378201,"v=72"
5893,2,0,u-read,6700,378201,378202,"v=72"
5894,3,0,u-read,6700,378203,378203,"v=72"
5895,2,0,u-read,6700,378204,378205,"v=72"
5896,3,0,u-read,6700,378205,378206,"v=72"
5897,2,0,u-read,6700,378206,378207,"v=72"
5898,3,0,u-read,6700,378208,378209,"v=72"
5899,2,0,u-read,6700,378209,378210,"v=72"
5900,3,0,u-read,6700,378210,378211,"v=72"
5901,2,0,u-read,6700,378212,378212,"v=72"
5902,3,0,u-read,6700,378213,378214,"v=72"
5903,2,0,u-read,6700,378214,378215,"v=72"
5904,3,0,u-read,6700,378215,378216,"v=72"
5905,1,0,u-write,6700,378176,378217,"v=72"
5906,2,0,u-read,6700,378217,378218,"v=72"
5907,3,0,u-read,6700,378218,378219,"v=72"
5908,2,0,u-read,6700,378220,378221,"v=72"
5909,3,0,u-read,6700,378221,378222,"v=72"
5910,2,0,u-read,6700,378222,378223,"v=72"
5911,3,0,u-read,6700,378224,378226,"v=74"
5912,2,0,u-read,6700,378224,378228,"v=74"
5913,3,0,u-read,6700,378228,378229,"v=74"
5914,2,0,u-read,6700,378231,378232,"v=74"
5915,3,0,u-read,6700,378232,378233,"v=74"
5916,2,0,u-read,6700,378234,378235,"v=74"
5917,3,0,u-read,6700,378235,378236,"v=74"
5918,2,0,u-read,6700,378236,378237,"v=74"
5919,3,0,u-read,6700,378238,378238,"v=74"
5920,2,0,u-read,6700,378239,378240,"v=74"
5921,3,0,u-read,6700,378240,378241,"v=74"
5922,2,0,u-read,6700,378242,378242,"v=74"
5923,3,0,u-read,6700,378243,378243,"v=74"
5924,2,0,u-read,6700,378244,378245,"v=74"
5925,3,0,u-read,6700,378245,378246,"v=74"
5926,2,0,u-read,6700,378247,378247,"v=74"
5927,3,0,u-read,6700,378248,378249,"v=74"
5928,2,0,u-read,6700,378249,378250,"v=74"
5929,3,0,u-read,6700,378250,378251,"v=74"
5930,2,0,u-read,6700,378252,378252,"v=74"
5931,3,0,u-read,6700,378253,378254,"v=74"
5932,2,0,u-read,6700,378254,378255,"v=74"
5933,3,0,u-read,6700,378255,378256,"v=74"
5934,2,0,u-read,6700,378257,378257,"v=74"
5935,1,0,u-write,6700,378218,378258,"v=74"
5936,3,0,u-read,6700,378258,378259,"v=74"
5937,2,0,u-read,6700,378259,378260,"v=74"
5938,3,0,u-read,6700,378261,378262,"v=74"
5939,2,0,u-read,6700,378263,378264,"v=74"
5940,2,0,u-read,6700,378265,378267,"v=76"
5941,3,0,u-read,6700,378264,378269,"v=76"
5942,2,0,u-read,6700,378269,378270,"v=76"
5943,3,0,u-read,6700,378271,378271,"v=76"
5944,2,0,u-read,6700,378272,378273,"v=76"
5945,3,0,u-read,6700,378273,378274,"v=76"
5946,2,0,u-read,6700,378276,378277,"v=76"
5947,3,0,u-read,6700,378277,378278,"v=76"
5948,2,0,u-read,6700,378279,378279,"v=76"
5949,3,0,u-read,6700,378280,378281,"v=76"
5950,2,0,u-read,6700,378281,378282,"v=76"
5951,3,0,u-read,6700,378282,378283,"v=76"
5952,2,0,u-read,6700,378284,378284,"v=76"
5953,3,0,u-read,6700,378285,378286,"v=76"
5954,2,0,u-read,6700,378286,378287,"v=76"
5955,3,0,u-read,6700,378288,378288,"v=76"
5956,2,0,u-read,6700,378289,378290,"v=76"
5957,3,0,u-read,6700,378290,378291,"v=76"
5958,2,0,u-read,6700,378291,378292,"v=76"
5959,3,0,u-read,6700,378293,378293,"v=76"
5960,2,0,u-read,6700,378294,378295,"v=76"
5961,3,0,u-read,6700,378295,378296,"v=76"
5962,2,0,u-read,6700,378296,378297,"v=76"
5963,3,0,u-read,6700,378298,378298,"v=76"
5964,1,0,u-write,6700,378259,378300,"v=76"
5965,2,0,u-read,6700,378299,378300,"v=76"
5966,3,0,u-read,6700,378300,378301,"v=76"
5967,2,0,u-read,6700,378302,378303,"v=76"
5968,3,0,u-read,6700,378303,378304,"v=76"
5969,2,0,u-read,6700,378305,378306,"v=76"
5970,3,0,u-read,6700,378306,378307,"v=76"
5971,3,0,u-read,6700,378308,378310,"v=78"
5972,2,0,u-read,6700,378308,378311,"v=78"
5973,3,0,u-read,6700,378312,378312,"v=78"
5974,2,0,u-read,6700,378313,378314,"v=78"
5975,3,0,u-read,6700,378314,378315,"v=78"
5976,2,0,u-read,6700,378315,378316,"v=78"
5977,3,0,u-read,6700,378317,378317,"v=78"
5978,2,0,u-read,6700,378319,378320,"v=78"
5979,3,0,u-read,6700,378321,378321,"v=78"
5980,2,0,u-read,6700,378322,378323,"v=78"
5981,3,0,u-read,6700,378323,378324,"v=78"
5982,2,0,u-read,6700,378325,378325,"v=78"
5983,3,0,u-read,6700,378326,378327,"v=78"
5984,2,0,u-read,6700,378327,378328,"v=78"
5985,3,0,u-read,6700,378328,378329,"v=78"
5986,2,0,u-read,6700,378330,378330,"v=78"
5987,3,0,u-read,6700,378331,378332,"v=78"
5988,2,0,u-read,6700,378332,378333,"v=78"
5989,3,0,u-read,6700,378334,378334,"v=78"
5990,2,0,u-read,6700,378335,378336,"v=78"
5991,3,0,u-read,6700,378336,378337,"v=78"
5992,2,0,u-read,6700,378337,378338,"v=78"
5993,3,0,u-read,6700,378339,378339,"v=78"
5994,2,0,u-read,6700,378340,378341,"v=78"
5995,1,0,u-write,6700,378301,378341,"v=78"
5996,3,0,u-read,6700,378341,378342,"v=78"
5997,2,0,u-read,6700,378343,378344,"v=78"
5998,3,0,u-read,6700,378344,378345,"v=78"
5999,2,0,u-read,6700,378345,378346,"v=78"
6000,3,0,u-read,6700,378347,378347,"v=78"
6001,2,0,u-read,6700,378348,378349,"v=78"
6002,3,0,u-read,6700,378349,378350,"v=78"
6003,2,0,u-read,6700,378351,378352,"v=78"
6004,3,0,u-read,6700,378352,378353,"v=78"
6005,2,0,u-read,6700,378354,378354,"v=78"
6006,3,0,u-read,6700,378355,378356,"v=78"
6007,2,0,u-read,6700,378356,378357,"v=78"
6008,3,0,u-read,6700,378358,378358,"v=78"
6009,2,0,u-read,6700,378359,378360,"v=78"
6010,0,3,commit,serial-hist,380717,380748,"ok=true"
6011,1,1,commit,serial-hist,380749,380773,"ok=true"
6012,2,2,commit,serial-hist,380774,380830,"ok=true"
6013,0,2,commit,serial-hist,383181,383241,"ok=true"
6014,1,3,commit,serial-hist,383241,383277,"ok=true"
6015,2,1,commit,serial-hist,383277,383335,"ok=true"
6016,0,1,commit,first,385495,385533,"ok=true"
6017,1,2,commit,second,385534,385567,"ok=true"
6018,0,1,commit,first,386553,386589,"ok=true"
6019,1,2,commit,second,386589,386621,"ok=true"
6020,0,1,commit,first,387615,387645,"ok=true"
6021,1,2,commit,second,387646,387672,"ok=true"
6022,0,1,commit,first,388574,388607,"ok=true"
6023,1,2,commit,second,388607,388635,"ok=true"
6024,0,1,commit,rand-commit,389687,389742,"ok=true"
6025,1,2,commit,rand-commit,389742,389781,"ok=true"
6026,2,3,commit,rand-commit,389781,389886,"ok=true"
6027,0,2,commit,rand-commit,392116,392295,"ok=true"
6028,1,1,commit,rand-commit,392296,392461,"ok=true"
6029,2,3,commit,rand-commit,392462,392560,"ok=true"
6030,0,1,commit,rand-commit,394847,394956,"ok=true"
6031,1,2,commit,rand-commit,394957,395019,"ok=true"
6032,2,3,commit,rand-commit,395019,395087,"ok=true"
6033,0,1,commit,rand-commit,397468,397564,"ok=true"
6034,1,2,commit,rand-commit,397565,397669,"ok=true"
6035,2,3,commit,rand-commit,397670,397804,"ok=true"
6036,0,1,commit,rand-commit,400094,400122,"ok=true"
6037,1,2,commit,rand-commit,400122,400142,"ok=true"
6038,2,3,commit,rand-commit,400142,400185,"ok=true"
6039,0,1,commit,rand-commit,402744,402810,"ok=true"
6040,1,2,commit,rand-commit,402811,402856,"ok=true"
6041,2,3,commit,rand-commit,402857,402896,"ok=true"
