seq,ts_us,thread,op,coll,idx,ver,num,txn,result
7734,1789699290233795,0,rollback,bench,397,3,0,285,ok
7734,1789699290233797,0,rollback,bench,838,8,0,285,ok
7734,1789699290233797,0,rollback,bench,131,8,0,285,ok
7734,1789699290233797,0,rollback,bench,117,7,0,285,ok
7734,1789699290233798,0,rollback,bench,589,5,0,285,ok
7739,1789699290233800,0,rollback,bench,798,8,0,286,ok
7742,1789699290234769,0,rollback,bench,313,10,0,288,ok
7742,1789699290234770,0,rollback,bench,377,6,0,288,ok
7742,1789699290234771,0,rollback,bench,498,3,0,288,ok
7764,1789699290243829,0,rollback,bench,222,8,0,296,ok
7764,1789699290243830,0,rollback,bench,826,10,0,296,ok
7764,1789699290243831,0,rollback,bench,11,8,0,296,ok
7764,1789699290243831,0,rollback,bench,748,9,0,296,ok
7764,1789699290243831,0,rollback,bench,857,9,0,296,ok
7807,1789699290259480,0,rollback,bench,656,13,0,309,ok
7807,1789699290259481,0,rollback,bench,917,3,0,309,ok
7807,1789699290259481,0,rollback,bench,208,2,0,309,ok
7807,1789699290259482,0,rollback,bench,760,7,0,309,ok
7824,1789699290264537,0,rollback,bench,315,8,0,314,ok
7845,1789699290271919,0,rollback,bench,180,7,0,321,ok
7846,1789699290271947,0,rollback,bench,388,9,0,322,ok
7846,1789699290271948,0,rollback,bench,722,9,0,322,ok
7846,1789699290271948,0,rollback,bench,215,6,0,322,ok
7846,1789699290271948,0,rollback,bench,430,8,0,322,ok
7846,1789699290271949,0,rollback,bench,414,5,0,322,ok
7852,1789699290272262,0,rollback,bench,660,4,0,324,ok
7853,1789699290272286,0,rollback,bench,719,4,0,325,ok
7853,1789699290272287,0,rollback,bench,369,10,0,325,ok
7853,1789699290272287,0,rollback,bench,803,10,0,325,ok
7853,1789699290272288,0,rollback,bench,145,9,0,325,ok
7869,1789699290276589,0,rollback,bench,136,8,0,330,ok
7869,1789699290276590,0,rollback,bench,840,8,0,330,ok
7869,1789699290276590,0,rollback,bench,185,8,0,330,ok
7888,1789699290282728,0,rollback,bench,755,7,0,337,ok
7888,1789699290282729,0,rollback,bench,432,2,0,337,ok
7888,1789699290282731,0,rollback,bench,367,6,0,337,ok
7888,1789699290282731,0,rollback,bench,950,6,0,337,ok
7888,1789699290282732,0,rollback,bench,747,6,0,337,ok
7893,1789699290282736,0,rollback,bench,305,9,0,338,ok
7907,1789699290288427,0,rollback,bench,210,11,0,344,ok
7907,1789699290288428,0,rollback,bench,324,7,0,344,ok
7912,1789699290289589,0,rollback,bench,461,3,0,346,ok
7923,1789699290293497,0,rollback,bench,103,7,0,350,ok
7924,1789699290293501,0,rollback,bench,886,6,0,351,ok
7924,1789699290293502,0,rollback,bench,608,6,0,351,ok
7926,1789699290293506,0,rollback,bench,489,8,0,352,ok
7926,1789699290293506,0,rollback,bench,81,8,0,352,ok
7928,1789699290293530,0,rollback,bench,48,8,0,353,ok
7928,1789699290293530,0,rollback,bench,275,6,0,353,ok
7928,1789699290293530,0,rollback,bench,176,4,0,353,ok
7928,1789699290293531,0,rollback,bench,469,5,0,353,ok
7970,1789699290308211,0,rollback,bench,866,10,0,363,ok
7970,1789699290308212,0,rollback,bench,525,5,0,363,ok
7970,1789699290308212,0,rollback,bench,164,12,0,363,ok
7970,1789699290308213,0,rollback,bench,424,8,0,363,ok
7974,1789699290308223,0,rollback,bench,741,6,0,364,ok
7974,1789699290308224,0,rollback,bench,703,3,0,364,ok
7974,1789699290308224,0,rollback,bench,305,9,0,364,ok
7977,1789699290308230,0,rollback,bench,163,6,0,365,ok
7977,1789699290308231,0,rollback,bench,533,8,0,365,ok
7977,1789699290308231,0,rollback,bench,4,7,0,365,ok
7980,1789699290308233,0,rollback,bench,555,10,0,366,ok
7981,1789699290308242,0,rollback,bench,191,10,0,367,ok
7981,1789699290308243,0,rollback,bench,151,14,0,367,ok
7981,1789699290308243,0,rollback,bench,493,13,0,367,ok
7981,1789699290308244,0,rollback,bench,736,8,0,367,ok
8062,1789699290336159,0,rollback,bench,538,14,0,388,ok
8062,1789699290336160,0,rollback,bench,662,8,0,388,ok
8062,1789699290336161,0,rollback,bench,371,11,0,388,ok
8068,1789699290337133,0,rollback,bench,714,7,0,390,ok
8068,1789699290337134,0,rollback,bench,384,14,0,390,ok
8074,1789699290338423,0,rollback,bench,989,4,0,392,ok
8074,1789699290338424,0,rollback,bench,26,9,0,392,ok
8092,1789699290343796,0,rollback,bench,649,7,0,399,ok
8092,1789699290343797,0,rollback,bench,365,10,0,399,ok
8092,1789699290343797,0,rollback,bench,201,4,0,399,ok
8092,1789699290343798,0,rollback,bench,972,7,0,399,ok
8098,1789699290344447,0,rollback,bench,803,10,0,401,ok
8098,1789699290344448,0,rollback,bench,627,6,0,401,ok
8098,1789699290344448,0,rollback,bench,233,8,0,401,ok
8098,1789699290344449,0,rollback,bench,704,6,0,401,ok
8098,1789699290344449,0,rollback,bench,916,13,0,401,ok
8112,1789699290347492,0,rollback,bench,827,9,0,406,ok
8112,1789699290347493,0,rollback,bench,250,6,0,406,ok
8112,1789699290347494,0,rollback,bench,762,5,0,406,ok
8135,1789699290354251,0,rollback,bench,685,6,0,414,ok
8135,1789699290354252,0,rollback,bench,272,6,0,414,ok
8149,1789699290358324,0,rollback,bench,193,8,0,418,ok
8150,1789699290358342,0,rollback,bench,253,9,0,419,ok
8150,1789699290358343,0,rollback,bench,890,7,0,419,ok
8150,1789699290358343,0,rollback,bench,181,8,0,419,ok
8150,1789699290358343,0,rollback,bench,487,7,0,419,ok
8159,1789699290360157,0,rollback,bench,428,12,0,422,ok
8184,1789699290368410,0,rollback,bench,136,8,0,430,ok
8184,1789699290368411,0,rollback,bench,115,12,0,430,ok
8184,1789699290368412,0,rollback,bench,655,8,0,430,ok
8184,1789699290368412,0,rollback,bench,193,8,0,430,ok
8184,1789699290368412,0,rollback,bench,392,6,0,430,ok
8199,1789699290371809,0,rollback,bench,842,5,0,434,ok
8199,1789699290371810,0,rollback,bench,903,7,0,434,ok
8199,1789699290371810,0,rollback,bench,855,5,0,434,ok
8199,1789699290371811,0,rollback,bench,269,4,0,434,ok
8217,1789699290376451,0,rollback,bench,835,11,0,439,ok
8217,1789699290376452,0,rollback,bench,714,7,0,439,ok
8217,1789699290376453,0,rollback,bench,890,7,0,439,ok
8220,1789699290376457,0,rollback,bench,144,6,0,440,ok
8220,1789699290376458,0,rollback,bench,810,9,0,440,ok
8222,1789699290376460,0,rollback,bench,430,8,0,441,ok
8223,1789699290376465,0,rollback,bench,316,7,0,442,ok
8223,1789699290376466,0,rollback,bench,386,14,0,442,ok
8223,1789699290376466,0,rollback,bench,943,8,0,442,ok
8246,1789699290383600,0,rollback,bench,794,7,0,450,ok
8246,1789699290383601,0,rollback,bench,152,6,0,450,ok
8246,1789699290383601,0,rollback,bench,718,6,0,450,ok
8246,1789699290383601,0,rollback,bench,143,5,0,450,ok
8269,1789699290390491,0,rollback,bench,916,14,0,458,ok
8269,1789699290390492,0,rollback,bench,156,6,0,458,ok
8269,1789699290390493,0,rollback,bench,53,6,0,458,ok
8269,1789699290390493,0,rollback,bench,398,7,0,458,ok
8277,1789699290391876,0,rollback,bench,353,6,0,461,ok
8277,1789699290391877,0,rollback,bench,630,9,0,461,ok
8281,1789699290392519,0,rollback,bench,429,5,0,463,ok
8302,1789699290400205,0,rollback,bench,410,10,0,471,ok
8302,1789699290400206,0,rollback,bench,761,9,0,471,ok
8305,1789699290400830,0,rollback,bench,406,10,0,473,ok
8305,1789699290400831,0,rollback,bench,672,8,0,473,ok
8305,1789699290400831,0,rollback,bench,957,6,0,473,ok
8310,1789699290401490,0,rollback,bench,205,12,0,475,ok
8310,1789699290401491,0,rollback,bench,151,16,0,475,ok
8310,1789699290401491,0,rollback,bench,662,8,0,475,ok
8310,1789699290401492,0,rollback,bench,295,8,0,475,ok
8314,1789699290401496,0,rollback,bench,436,13,0,476,ok
8314,1789699290401496,0,rollback,bench,859,12,0,476,ok
8329,1789699290406033,0,rollback,bench,584,10,0,480,ok
8329,1789699290406034,0,rollback,bench,103,8,0,480,ok
8329,1789699290406034,0,rollback,bench,576,9,0,480,ok
8329,1789699290406035,0,rollback,bench,882,5,0,480,ok
8337,1789699290407342,0,rollback,bench,880,4,0,482,ok
8337,1789699290407343,0,rollback,bench,582,8,0,482,ok
8337,1789699290407344,0,rollback,bench,646,5,0,482,ok
8347,1789699290409821,0,rollback,bench,770,7,0,486,ok
8347,1789699290409821,0,rollback,bench,574,11,0,486,ok
8347,1789699290409822,0,rollback,bench,176,4,0,486,ok
8347,1789699290409822,0,rollback,bench,997,11,0,486,ok
8347,1789699290409823,0,rollback,bench,160,6,0,486,ok
8354,1789699290410494,0,rollback,bench,60,11,0,488,ok
8354,1789699290410495,0,rollback,bench,396,7,0,488,ok
8354,1789699290410495,0,rollback,bench,157,9,0,488,ok
8354,1789699290410496,0,rollback,bench,971,8,0,488,ok
8362,1789699290418283,0,rollback,bench,25,5,0,490,ok
8362,1789699290418285,0,rollback,bench,819,6,0,490,ok
8362,1789699290418299,0,rollback,bench,813,10,0,490,ok
8378,1789699290425275,0,rollback,bench,621,8,0,496,ok
8378,1789699290425277,0,rollback,bench,230,9,0,496,ok
8378,1789699290425277,0,rollback,bench,829,10,0,496,ok
8393,1789699290432114,0,rollback,bench,418,7,0,502,ok
8393,1789699290432115,0,rollback,bench,627,6,0,502,ok
8407,1789699290437810,0,rollback,bench,424,9,0,506,ok
8407,1789699290437811,0,rollback,bench,23,4,0,506,ok
8407,1789699290437812,0,rollback,bench,478,7,0,506,ok
8407,1789699290437812,0,rollback,bench,567,7,0,506,ok
8415,1789699290439556,0,rollback,bench,333,10,0,510,ok
8415,1789699290439557,0,rollback,bench,61,5,0,510,ok
8415,1789699290439557,0,rollback,bench,724,4,0,510,ok
8415,1789699290439558,0,rollback,bench,552,6,0,510,ok
8415,1789699290439558,0,rollback,bench,493,13,0,510,ok
8424,1789699290441586,0,rollback,bench,29,3,0,512,ok
8460,1789699290457831,0,rollback,bench,712,8,0,525,ok
8460,1789699290457832,0,rollback,bench,774,7,0,525,ok
8460,1789699290457833,0,rollback,bench,548,7,0,525,ok
8463,1789699290457845,0,rollback,bench,887,7,0,526,ok
8463,1789699290457846,0,rollback,bench,819,6,0,526,ok
8463,1789699290457846,0,rollback,bench,868,9,0,526,ok
8463,1789699290457846,0,rollback,bench,728,16,0,526,ok
8463,1789699290457847,0,rollback,bench,131,9,0,526,ok
8482,1789699290464598,0,rollback,bench,195,7,0,531,ok
8483,1789699290464620,0,rollback,bench,752,5,0,532,ok
8483,1789699290464621,0,rollback,bench,479,5,0,532,ok
8483,1789699290464621,0,rollback,bench,729,7,0,532,ok
8489,1789699290465896,0,rollback,bench,32,9,0,535,ok
8489,1789699290465897,0,rollback,bench,142,8,0,535,ok
8489,1789699290465897,0,rollback,bench,432,3,0,535,ok
8489,1789699290465898,0,rollback,bench,337,9,0,535,ok
8489,1789699290465898,0,rollback,bench,327,10,0,535,ok
8517,1789699290475904,0,rollback,bench,902,9,0,543,ok
8517,1789699290475905,0,rollback,bench,493,13,0,543,ok
8517,1789699290475905,0,rollback,bench,261,5,0,543,ok
8543,1789699290485123,0,rollback,bench,906,9,0,553,ok
8543,1789699290485125,0,rollback,bench,952,10,0,553,ok
8543,1789699290485125,0,rollback,bench,40,9,0,553,ok
8553,1789699290488257,0,rollback,bench,514,12,0,557,ok
8553,1789699290488258,0,rollback,bench,184,9,0,557,ok
8553,1789699290488259,0,rollback,bench,221,11,0,557,ok
8553,1789699290488259,0,rollback,bench,733,6,0,557,ok
8553,1789699290488260,0,rollback,bench,573,6,0,557,ok
8565,1789699290491054,0,rollback,bench,9,7,0,561,ok
8565,1789699290491055,0,rollback,bench,513,11,0,561,ok
8569,1789699290491801,0,rollback,bench,1,10,0,563,ok
8569,1789699290491802,0,rollback,bench,665,4,0,563,ok
8571,1789699290491824,0,rollback,bench,176,4,0,564,ok
8571,1789699290491825,0,rollback,bench,214,10,0,564,ok
8571,1789699290491825,0,rollback,bench,35,4,0,564,ok
8571,1789699290491825,0,rollback,bench,49,7,0,564,ok
8585,1789699290495316,0,rollback,bench,624,8,0,569,ok
8585,1789699290495317,0,rollback,bench,607,8,0,569,ok
8585,1789699290495317,0,rollback,bench,177,10,0,569,ok
8585,1789699290495317,0,rollback,bench,16,6,0,569,ok
8585,1789699290495318,0,rollback,bench,511,8,0,569,ok
8593,1789699290496605,0,rollback,bench,112,10,0,571,ok
8593,1789699290496606,0,rollback,bench,474,8,0,571,ok
8605,1789699290500175,0,rollback,bench,4,11,0,575,ok
8605,1789699290500176,0,rollback,bench,7,7,0,575,ok
8607,1789699290500178,0,rollback,bench,81,8,0,576,ok
8615,1789699290502983,0,rollback,bench,207,8,0,579,ok
8615,1789699290502984,0,rollback,bench,709,12,0,579,ok
8615,1789699290502985,0,rollback,bench,378,12,0,579,ok
8615,1789699290502985,0,rollback,bench,641,7,0,579,ok
8654,1789699290516124,0,rollback,bench,730,3,0,590,ok
8654,1789699290516125,0,rollback,bench,872,6,0,590,ok
8654,1789699290516125,0,rollback,bench,930,3,0,590,ok
8683,1789699290525803,0,rollback,bench,134,7,0,597,ok
8683,1789699290525804,0,rollback,bench,429,6,0,597,ok
8683,1789699290525805,0,rollback,bench,754,12,0,597,ok
8697,1789699290529789,0,rollback,bench,509,7,0,604,ok
8697,1789699290529790,0,rollback,bench,770,7,0,604,ok
8697,1789699290529791,0,rollback,bench,216,10,0,604,ok
8697,1789699290529791,0,rollback,bench,987,14,0,604,ok
8697,1789699290529791,0,rollback,bench,172,10,0,604,ok
8707,1789699290531890,0,rollback,bench,42,11,0,606,ok
8707,1789699290531891,0,rollback,bench,546,3,0,606,ok
8707,1789699290531892,0,rollback,bench,695,10,0,606,ok
8707,1789699290531892,0,rollback,bench,401,8,0,606,ok
8720,1789699290535086,0,rollback,bench,350,4,0,609,ok
8720,1789699290535087,0,rollback,bench,608,6,0,609,ok
8720,1789699290535087,0,rollback,bench,682,10,0,609,ok
8720,1789699290535088,0,rollback,bench,525,7,0,609,ok
8724,1789699290535090,0,rollback,bench,831,6,0,610,ok
8738,1789699290540231,0,rollback,bench,709,12,0,616,ok
8738,1789699290540231,0,rollback,bench,455,6,0,616,ok
8738,1789699290540232,0,rollback,bench,155,16,0,616,ok
8738,1789699290540232,0,rollback,bench,330,10,0,616,ok
8738,1789699290540233,0,rollback,bench,452,4,0,616,ok
8749,1789699290542384,0,rollback,bench,191,10,0,619,ok
8754,1789699290543810,0,rollback,bench,444,6,0,621,ok
8754,1789699290543811,0,rollback,bench,290,9,0,621,ok
8761,1789699290545484,0,rollback,bench,686,5,0,624,ok
8761,1789699290545485,0,rollback,bench,928,8,0,624,ok
8773,1789699290549585,0,rollback,bench,177,10,0,628,ok
8780,1789699290551680,0,rollback,bench,512,7,0,631,ok
8780,1789699290551681,0,rollback,bench,200,12,0,631,ok
8780,1789699290551681,0,rollback,bench,551,8,0,631,ok
8780,1789699290551682,0,rollback,bench,195,8,0,631,ok
8780,1789699290551682,0,rollback,bench,221,11,0,631,ok
8796,1789699290555776,0,rollback,bench,754,12,0,636,ok
8820,1789699290563847,0,rollback,bench,964,4,0,644,ok
8820,1789699290563848,0,rollback,bench,217,7,0,644,ok
8834,1789699290567870,0,rollback,bench,873,6,0,648,ok
8834,1789699290567871,0,rollback,bench,705,11,0,648,ok
8869,1789699290579914,0,rollback,bench,318,5,0,660,ok
8869,1789699290579915,0,rollback,bench,670,10,0,660,ok
8869,1789699290579916,0,rollback,bench,469,7,0,660,ok
8879,1789699290582276,0,rollback,bench,394,7,0,663,ok
8915,1789699290595499,0,rollback,bench,568,11,0,675,ok
8915,1789699290595500,0,rollback,bench,936,11,0,675,ok
8915,1789699290595501,0,rollback,bench,277,8,0,675,ok
8915,1789699290595501,0,rollback,bench,773,8,0,675,ok
8922,1789699290596528,0,rollback,bench,310,12,0,677,ok
8931,1789699290599311,0,rollback,bench,857,10,0,681,ok
8931,1789699290599312,0,rollback,bench,531,5,0,681,ok
8931,1789699290599313,0,rollback,bench,276,6,0,681,ok
8931,1789699290599313,0,rollback,bench,305,9,0,681,ok
8931,1789699290599313,0,rollback,bench,696,8,0,681,ok
8936,1789699290599316,0,rollback,bench,887,7,0,682,ok
8958,1789699290607163,0,rollback,bench,301,7,0,690,ok
8958,1789699290607164,0,rollback,bench,17,7,0,690,ok
8958,1789699290607165,0,rollback,bench,424,9,0,690,ok
8958,1789699290607165,0,rollback,bench,381,5,0,690,ok
9015,1789699290625968,0,rollback,bench,456,12,0,710,ok
9015,1789699290625969,0,rollback,bench,335,10,0,710,ok
9015,1789699290625969,0,rollback,bench,995,6,0,710,ok
9015,1789699290625969,0,rollback,bench,483,8,0,710,ok
9040,1789699290635615,0,rollback,bench,893,10,0,716,ok
9040,1789699290635616,0,rollback,bench,623,11,0,716,ok
9040,1789699290635617,0,rollback,bench,92,5,0,716,ok
9040,1789699290635617,0,rollback,bench,512,7,0,716,ok
9040,1789699290635618,0,rollback,bench,746,8,0,716,ok
9045,1789699290635620,0,rollback,bench,22,4,0,717,ok
9082,1789699290657357,0,rollback,bench,463,13,0,730,ok
9082,1789699290657358,0,rollback,bench,590,13,0,730,ok
9095,1789699290662006,0,rollback,bench,272,6,0,734,ok
9095,1789699290662007,0,rollback,bench,616,12,0,734,ok
9095,1789699290662007,0,rollback,bench,83,10,0,734,ok
9095,1789699290662008,0,rollback,bench,675,12,0,734,ok
9103,1789699290663615,0,rollback,bench,250,6,0,737,ok
9115,1789699290668128,0,rollback,bench,489,9,0,741,ok
9115,1789699290668129,0,rollback,bench,775,9,0,741,ok
9115,1789699290668129,0,rollback,bench,21,10,0,741,ok
9115,1789699290668130,0,rollback,bench,235,10,0,741,ok
9115,1789699290668130,0,rollback,bench,839,11,0,741,ok
9130,1789699290672007,0,rollback,bench,547,3,0,745,ok
9130,1789699290672007,0,rollback,bench,775,9,0,745,ok
9130,1789699290672008,0,rollback,bench,98,10,0,745,ok
9156,1789699290681502,0,rollback,bench,952,10,0,754,ok
9156,1789699290681503,0,rollback,bench,828,8,0,754,ok
9156,1789699290681504,0,rollback,bench,107,9,0,754,ok
9156,1789699290681504,0,rollback,bench,28,11,0,754,ok
9156,1789699290681504,0,rollback,bench,235,10,0,754,ok
9161,1789699290681524,0,rollback,bench,999,3,0,755,ok
9161,1789699290681524,0,rollback,bench,607,8,0,755,ok
9161,1789699290681524,0,rollback,bench,121,16,0,755,ok
9161,1789699290681525,0,rollback,bench,545,12,0,755,ok
9161,1789699290681525,0,rollback,bench,1,10,0,755,ok
9170,1789699290682993,0,rollback,bench,203,4,0,757,ok
9171,1789699290683018,0,rollback,bench,380,10,0,758,ok
9171,1789699290683018,0,rollback,bench,804,12,0,758,ok
9171,1789699290683018,0,rollback,bench,606,7,0,758,ok
9171,1789699290683019,0,rollback,bench,143,6,0,758,ok
9176,1789699290683357,0,rollback,bench,109,12,0,760,ok
9176,1789699290683357,0,rollback,bench,314,8,0,760,ok
9176,1789699290683358,0,rollback,bench,993,14,0,760,ok
9176,1789699290683358,0,rollback,bench,520,5,0,760,ok
9185,1789699290685197,0,rollback,bench,300,5,0,763,ok
9185,1789699290685198,0,rollback,bench,539,16,0,763,ok
9213,1789699290694859,0,rollback,bench,285,9,0,772,ok
9224,1789699290698539,0,rollback,bench,624,9,0,778,ok
9224,1789699290698540,0,rollback,bench,875,9,0,778,ok
9224,1789699290698540,0,rollback,bench,414,5,0,778,ok
9224,1789699290698540,0,rollback,bench,922,12,0,778,ok
9224,1789699290698541,0,rollback,bench,812,11,0,778,ok
9236,1789699290701169,0,rollback,bench,740,8,0,781,ok
9236,1789699290701170,0,rollback,bench,238,9,0,781,ok
9236,1789699290701170,0,rollback,bench,516,6,0,781,ok
9261,1789699290709855,0,rollback,bench,310,13,0,789,ok
9261,1789699290709857,0,rollback,bench,169,6,0,789,ok
9261,1789699290709857,0,rollback,bench,632,14,0,789,ok
9261,1789699290709857,0,rollback,bench,309,5,0,789,ok
9278,1789699290714690,0,rollback,bench,243,13,0,794,ok
9278,1789699290714691,0,rollback,bench,490,5,0,794,ok
9278,1789699290714692,0,rollback,bench,225,10,0,794,ok
9289,1789699290717778,0,rollback,bench,513,11,0,798,ok
9289,1789699290717780,0,rollback,bench,662,9,0,798,ok
9289,1789699290717780,0,rollback,bench,936,11,0,798,ok
9299,1789699290720241,0,rollback,bench,128,7,0,803,ok
9299,1789699290720242,0,rollback,bench,879,10,0,803,ok
9299,1789699290720243,0,rollback,bench,102,7,0,803,ok
9299,1789699290720243,0,rollback,bench,397,4,0,803,ok
9314,1789699290724378,0,rollback,bench,64,9,0,807,ok
9320,1789699290726223,0,rollback,bench,661,6,0,810,ok
9320,1789699290726223,0,rollback,bench,23,5,0,810,ok
9320,1789699290726224,0,rollback,bench,602,8,0,810,ok
9320,1789699290726224,0,rollback,bench,223,13,0,810,ok
9320,1789699290726225,0,rollback,bench,494,12,0,810,ok
9343,1789699290732506,0,rollback,bench,509,7,0,817,ok
9343,1789699290732507,0,rollback,bench,764,13,0,817,ok
9343,1789699290732508,0,rollback,bench,116,7,0,817,ok
9357,1789699290736780,0,rollback,bench,33,10,0,821,ok
9357,1789699290736781,0,rollback,bench,729,10,0,821,ok
9377,1789699290743683,0,rollback,bench,741,6,0,828,ok
9413,1789699290756542,0,rollback,bench,94,7,0,839,ok
9413,1789699290756543,0,rollback,bench,768,9,0,839,ok
9413,1789699290756544,0,rollback,bench,640,6,0,839,ok
9416,1789699290756558,0,rollback,bench,84,8,0,840,ok
9416,1789699290756558,0,rollback,bench,366,3,0,840,ok
9416,1789699290756559,0,rollback,bench,133,12,0,840,ok
9416,1789699290756559,0,rollback,bench,42,13,0,840,ok
9416,1789699290756560,0,rollback,bench,170,14,0,840,ok
9424,1789699290757842,0,rollback,bench,388,10,0,842,ok
9448,1789699290765676,0,rollback,bench,271,9,0,851,ok
9457,1789699290768597,0,rollback,bench,235,10,0,854,ok
9457,1789699290768598,0,rollback,bench,399,9,0,854,ok
9457,1789699290768599,0,rollback,bench,448,15,0,854,ok
9457,1789699290768599,0,rollback,bench,362,4,0,854,ok
9475,1789699290773851,0,rollback,bench,519,6,0,861,ok
9475,1789699290773852,0,rollback,bench,984,17,0,861,ok
9475,1789699290773852,0,rollback,bench,17,7,0,861,ok
9475,1789699290773853,0,rollback,bench,608,6,0,861,ok
9475,1789699290773853,0,rollback,bench,322,10,0,861,ok
9500,1789699290781070,0,rollback,bench,595,12,0,868,ok
9500,1789699290781070,0,rollback,bench,270,10,0,868,ok
9502,1789699290781094,0,rollback,bench,483,10,0,869,ok
9502,1789699290781094,0,rollback,bench,991,6,0,869,ok
9502,1789699290781095,0,rollback,bench,470,14,0,869,ok
9502,1789699290781095,0,rollback,bench,870,5,0,869,ok
9502,1789699290781095,0,rollback,bench,206,6,0,869,ok
9507,1789699290781107,0,rollback,bench,924,8,0,870,ok
9507,1789699290781107,0,rollback,bench,153,9,0,870,ok
9507,1789699290781108,0,rollback,bench,362,4,0,870,ok
9507,1789699290781108,0,rollback,bench,318,5,0,870,ok
9507,1789699290781108,0,rollback,bench,376,13,0,870,ok
9534,1789699290788966,0,rollback,bench,96,6,0,877,ok
9534,1789699290788967,0,rollback,bench,778,7,0,877,ok
9534,1789699290788967,0,rollback,bench,99,11,0,877,ok
9538,1789699290789306,0,rollback,bench,784,7,0,879,ok
9538,1789699290789307,0,rollback,bench,728,16,0,879,ok
9538,1789699290789307,0,rollback,bench,209,11,0,879,ok
9543,1789699290790021,0,rollback,bench,782,9,0,882,ok
9543,1789699290790022,0,rollback,bench,674,11,0,882,ok
9543,1789699290790022,0,rollback,bench,837,4,0,882,ok
9554,1789699290793125,0,rollback,bench,21,10,0,888,ok
9554,1789699290793126,0,rollback,bench,951,3,0,888,ok
9554,1789699290793127,0,rollback,bench,987,14,0,888,ok
9554,1789699290793127,0,rollback,bench,580,8,0,888,ok
9554,1789699290793127,0,rollback,bench,732,7,0,888,ok
9559,1789699290793135,0,rollback,bench,948,7,0,889,ok
9559,1789699290793136,0,rollback,bench,890,8,0,889,ok
9559,1789699290793136,0,rollback,bench,213,9,0,889,ok
9559,1789699290793137,0,rollback,bench,76,6,0,889,ok
9563,1789699290793147,0,rollback,bench,415,4,0,890,ok
9563,1789699290793148,0,rollback,bench,973,13,0,890,ok
9563,1789699290793148,0,rollback,bench,250,6,0,890,ok
9563,1789699290793148,0,rollback,bench,838,10,0,890,ok
9563,1789699290793149,0,rollback,bench,63,15,0,890,ok
9568,1789699290793152,0,rollback,bench,497,10,0,891,ok
9568,1789699290793152,0,rollback,bench,527,10,0,891,ok
9580,1789699290796858,0,rollback,bench,108,13,0,895,ok
9583,1789699290797528,0,rollback,bench,667,8,0,897,ok
9583,1789699290797529,0,rollback,bench,165,10,0,897,ok
9583,1789699290797529,0,rollback,bench,342,6,0,897,ok
9583,1789699290797530,0,rollback,bench,117,10,0,897,ok
9601,1789699290802588,0,rollback,bench,240,10,0,902,ok
9605,1789699290803708,0,rollback,bench,381,6,0,906,ok
9605,1789699290803709,0,rollback,bench,913,4,0,906,ok
9605,1789699290803710,0,rollback,bench,423,13,0,906,ok
9605,1789699290803710,0,rollback,bench,94,7,0,906,ok
9605,1789699290803710,0,rollback,bench,3,6,0,906,ok
9622,1789699290808061,0,rollback,bench,738,7,0,911,ok
9622,1789699290808062,0,rollback,bench,749,8,0,911,ok
9622,1789699290808062,0,rollback,bench,764,13,0,911,ok
9627,1789699290808781,0,rollback,bench,170,15,0,913,ok
9627,1789699290808782,0,rollback,bench,89,7,0,913,ok
9629,1789699290808798,0,rollback,bench,700,7,0,914,ok
9629,1789699290808799,0,rollback,bench,257,11,0,914,ok
9629,1789699290808799,0,rollback,bench,659,3,0,914,ok
9629,1789699290808800,0,rollback,bench,260,9,0,914,ok
9629,1789699290808800,0,rollback,bench,799,9,0,914,ok
9639,1789699290810555,0,rollback,bench,522,11,0,917,ok
9639,1789699290810556,0,rollback,bench,52,8,0,917,ok
9639,1789699290810556,0,rollback,bench,542,11,0,917,ok
9653,1789699290814744,0,rollback,bench,400,5,0,921,ok
9653,1789699290814745,0,rollback,bench,432,4,0,921,ok
9653,1789699290814746,0,rollback,bench,784,7,0,921,ok
9685,1789699290826138,0,rollback,bench,142,8,0,930,ok
9685,1789699290826139,0,rollback,bench,478,7,0,930,ok
9685,1789699290826139,0,rollback,bench,558,10,0,930,ok
9685,1789699290826140,0,rollback,bench,246,10,0,930,ok
9712,1789699290835072,0,rollback,bench,332,7,0,938,ok
9712,1789699290835073,0,rollback,bench,104,6,0,938,ok
9712,1789699290835073,0,rollback,bench,122,10,0,938,ok
9712,1789699290835074,0,rollback,bench,397,4,0,938,ok
9717,1789699290835441,0,rollback,bench,62,10,0,940,ok
9730,1789699290840234,0,rollback,bench,417,9,0,944,ok
9730,1789699290840235,0,rollback,bench,540,3,0,944,ok
9730,1789699290840235,0,rollback,bench,655,8,0,944,ok
9730,1789699290840245,0,rollback,bench,734,9,0,944,ok
9734,1789699290840248,0,rollback,bench,768,9,0,945,ok
9740,1789699290841909,0,rollback,bench,122,10,0,948,ok
9740,1789699290841910,0,rollback,bench,450,13,0,948,ok
9748,1789699290844057,0,rollback,bench,400,5,0,951,ok
9749,1789699290844076,0,rollback,bench,434,5,0,952,ok
9749,1789699290844076,0,rollback,bench,301,7,0,952,ok
9749,1789699290844077,0,rollback,bench,855,9,0,952,ok
9749,1789699290844077,0,rollback,bench,826,11,0,952,ok
9753,1789699290844087,0,rollback,bench,618,13,0,953,ok
9753,1789699290844087,0,rollback,bench,569,9,0,953,ok
9753,1789699290844088,0,rollback,bench,884,13,0,953,ok
9753,1789699290844088,0,rollback,bench,195,9,0,953,ok
9753,1789699290844088,0,rollback,bench,458,9,0,953,ok
9780,1789699290852400,0,rollback,bench,740,8,0,962,ok
9780,1789699290852400,0,rollback,bench,717,13,0,962,ok
9780,1789699290852401,0,rollback,bench,323,13,0,962,ok
9780,1789699290852401,0,rollback,bench,898,11,0,962,ok
9780,1789699290852402,0,rollback,bench,46,12,0,962,ok
9786,1789699290852788,0,rollback,bench,934,10,0,964,ok
9786,1789699290852789,0,rollback,bench,463,14,0,964,ok
9786,1789699290852790,0,rollback,bench,224,13,0,964,ok
9786,1789699290852790,0,rollback,bench,581,14,0,964,ok
9796,1789699290855127,0,rollback,bench,474,9,0,967,ok
9805,1789699290858219,0,rollback,bench,19,9,0,970,ok
9805,1789699290858219,0,rollback,bench,149,8,0,970,ok
9805,1789699290858220,0,rollback,bench,910,8,0,970,ok
9805,1789699290858220,0,rollback,bench,437,9,0,970,ok
9815,1789699290860244,0,rollback,bench,850,11,0,973,ok
9815,1789699290860245,0,rollback,bench,734,9,0,973,ok
9815,1789699290860246,0,rollback,bench,60,12,0,973,ok
9815,1789699290860246,0,rollback,bench,682,10,0,973,ok
9826,1789699290881511,0,rollback,bench,815,8,0,977,ok
9826,1789699290881513,0,rollback,bench,970,8,0,977,ok
9826,1789699290881513,0,rollback,bench,299,5,0,977,ok
9826,1789699290881514,0,rollback,bench,458,9,0,977,ok
9826,1789699290881514,0,rollback,bench,350,5,0,977,ok
9843,1789699290887156,0,rollback,bench,976,6,0,981,ok
9843,1789699290887158,0,rollback,bench,14,7,0,981,ok
9845,1789699290887160,0,rollback,bench,369,15,0,982,ok
9846,1789699290887162,0,rollback,bench,683,7,0,983,ok
9853,1789699290889761,0,rollback,bench,496,18,0,987,ok
9853,1789699290889762,0,rollback,bench,616,12,0,987,ok
9853,1789699290889762,0,rollback,bench,918,12,0,987,ok
9865,1789699290893723,0,rollback,bench,205,14,0,991,ok
9865,1789699290893724,0,rollback,bench,335,10,0,991,ok
9865,1789699290893725,0,rollback,bench,504,10,0,991,ok
9865,1789699290893725,0,rollback,bench,78,7,0,991,ok
9865,1789699290893725,0,rollback,bench,345,7,0,991,ok
9870,1789699290893728,0,rollback,bench,248,8,0,992,ok
9899,1789699290906144,0,rollback,bench,127,13,0,1002,ok
9899,1789699290906145,0,rollback,bench,632,14,0,1002,ok
9899,1789699290906145,0,rollback,bench,224,13,0,1002,ok
9899,1789699290906146,0,rollback,bench,889,16,0,1002,ok
9906,1789699290907340,0,rollback,bench,585,7,0,1004,ok
9906,1789699290907341,0,rollback,bench,865,10,0,1004,ok
9906,1789699290907341,0,rollback,bench,24,7,0,1004,ok
9909,1789699290907346,0,rollback,bench,748,9,0,1005,ok
9909,1789699290907346,0,rollback,bench,289,10,0,1005,ok
9921,1789699290911108,0,rollback,bench,816,6,0,1009,ok
9921,1789699290911108,0,rollback,bench,167,10,0,1009,ok
9921,1789699290911109,0,rollback,bench,458,9,0,1009,ok
9928,1789699290912722,0,rollback,bench,234,11,0,1011,ok
9949,1789699290920761,0,rollback,bench,822,12,0,1017,ok
9974,1789699290930867,0,rollback,bench,414,5,0,1025,ok
9974,1789699290930868,0,rollback,bench,529,14,0,1025,ok
9974,1789699290930869,0,rollback,bench,454,2,0,1025,ok
9974,1789699290930869,0,rollback,bench,204,18,0,1025,ok
9974,1789699290930870,0,rollback,bench,971,9,0,1025,ok
9986,1789699290933620,0,rollback,bench,442,11,0,1028,ok
9986,1789699290933621,0,rollback,bench,816,6,0,1028,ok
9986,1789699290933622,0,rollback,bench,797,5,0,1028,ok
9994,1789699290935904,0,rollback,bench,201,7,0,1030,ok
9994,1789699290935905,0,rollback,bench,83,10,0,1030,ok
9994,1789699290935905,0,rollback,bench,81,12,0,1030,ok
9998,1789699290936271,0,rollback,bench,366,4,0,1032,ok
9998,1789699290936271,0,rollback,bench,964,4,0,1032,ok
10008,1789699290939329,0,rollback,bench,502,11,0,1037,ok
10008,1789699290939330,0,rollback,bench,200,12,0,1037,ok
10008,1789699290939330,0,rollback,bench,572,12,0,1037,ok
10011,1789699290939337,0,rollback,bench,209,11,0,1038,ok
10011,1789699290939338,0,rollback,bench,991,6,0,1038,ok
10011,1789699290939338,0,rollback,bench,885,6,0,1038,ok
10022,1789699290942375,0,rollback,bench,836,5,0,1041,ok
10022,1789699290942376,0,rollback,bench,366,4,0,1041,ok
10022,1789699290942376,0,rollback,bench,144,11,0,1041,ok
10022,1789699290942377,0,rollback,bench,800,9,0,1041,ok
10036,1789699290946986,0,rollback,bench,945,8,0,1047,ok
10036,1789699290946987,0,rollback,bench,263,8,0,1047,ok
10036,1789699290946987,0,rollback,bench,160,6,0,1047,ok
10046,1789699290950433,0,rollback,bench,118,12,0,1050,ok
10046,1789699290950434,0,rollback,bench,326,8,0,1050,ok
10046,1789699290950434,0,rollback,bench,456,13,0,1050,ok
10046,1789699290950435,0,rollback,bench,868,9,0,1050,ok
10055,1789699290952398,0,rollback,bench,315,10,0,1052,ok
10055,1789699290952399,0,rollback,bench,120,8,0,1052,ok
10055,1789699290952400,0,rollback,bench,712,9,0,1052,ok
10055,1789699290952400,0,rollback,bench,389,7,0,1052,ok
10055,1789699290952401,0,rollback,bench,224,13,0,1052,ok
10073,1789699290957970,0,rollback,bench,236,15,0,1056,ok
10073,1789699290957971,0,rollback,bench,467,13,0,1056,ok
10073,1789699290957972,0,rollback,bench,348,12,0,1056,ok
10073,1789699290957972,0,rollback,bench,978,11,0,1056,ok
10077,1789699290957974,0,rollback,bench,875,11,0,1057,ok
10092,1789699290963197,0,rollback,bench,514,12,0,1062,ok
10093,1789699290963218,0,rollback,bench,417,9,0,1063,ok
10093,1789699290963219,0,rollback,bench,698,4,0,1063,ok
10093,1789699290963219,0,rollback,bench,543,11,0,1063,ok
10093,1789699290963219,0,rollback,bench,96,7,0,1063,ok
10104,1789699290966336,0,rollback,bench,479,8,0,1066,ok
10104,1789699290966337,0,rollback,bench,117,10,0,1066,ok
10104,1789699290966337,0,rollback,bench,962,10,0,1066,ok
10104,1789699290966338,0,rollback,bench,32,10,0,1066,ok
10104,1789699290966338,0,rollback,bench,565,8,0,1066,ok
10116,1789699290969190,0,rollback,bench,705,11,0,1069,ok
10116,1789699290969191,0,rollback,bench,41,8,0,1069,ok
10116,1789699290969192,0,rollback,bench,765,6,0,1069,ok
10116,1789699290969192,0,rollback,bench,722,9,0,1069,ok
10132,1789699290973611,0,rollback,bench,397,4,0,1074,ok
10132,1789699290973611,0,rollback,bench,860,12,0,1074,ok
10132,1789699290973612,0,rollback,bench,400,5,0,1074,ok
10132,1789699290973612,0,rollback,bench,415,4,0,1074,ok
10132,1789699290973613,0,rollback,bench,849,10,0,1074,ok
10137,1789699290973620,0,rollback,bench,71,8,0,1075,ok
10137,1789699290973620,0,rollback,bench,197,7,0,1075,ok
10137,1789699290973620,0,rollback,bench,664,6,0,1075,ok
10145,1789699290975411,0,rollback,bench,960,10,0,1077,ok
10145,1789699290975412,0,rollback,bench,292,9,0,1077,ok
10151,1789699290977071,0,rollback,bench,558,10,0,1079,ok
10151,1789699290977073,0,rollback,bench,468,15,0,1079,ok
10151,1789699290977073,0,rollback,bench,288,9,0,1079,ok
10151,1789699290977074,0,rollback,bench,432,4,0,1079,ok
10177,1789699290985068,0,rollback,bench,178,6,0,1088,ok
10177,1789699290985069,0,rollback,bench,772,14,0,1088,ok
10179,1789699290985088,0,rollback,bench,578,12,0,1089,ok
10179,1789699290985089,0,rollback,bench,557,8,0,1089,ok
10179,1789699290985089,0,rollback,bench,656,14,0,1089,ok
10179,1789699290985089,0,rollback,bench,389,7,0,1089,ok
10188,1789699290986859,0,rollback,bench,476,8,0,1091,ok
10188,1789699290986860,0,rollback,bench,803,11,0,1091,ok
10188,1789699290986860,0,rollback,bench,170,16,0,1091,ok
10188,1789699290986861,0,rollback,bench,650,9,0,1091,ok
10199,1789699290989381,0,rollback,bench,78,7,0,1095,ok
10199,1789699290989382,0,rollback,bench,532,7,0,1095,ok
10199,1789699290989383,0,rollback,bench,462,6,0,1095,ok
10199,1789699290989383,0,rollback,bench,0,7,0,1095,ok
10222,1789699290996224,0,rollback,bench,419,9,0,1103,ok
10222,1789699290996235,0,rollback,bench,210,13,0,1103,ok
10226,1789699290996940,0,rollback,bench,538,16,0,1105,ok
10226,1789699290996941,0,rollback,bench,920,7,0,1105,ok
10226,1789699290996941,0,rollback,bench,832,8,0,1105,ok
10226,1789699290996941,0,rollback,bench,640,6,0,1105,ok
10226,1789699290996941,0,rollback,bench,584,13,0,1105,ok
10235,1789699290998439,0,rollback,bench,724,4,0,1107,ok
10235,1789699290998440,0,rollback,bench,722,9,0,1107,ok
10235,1789699290998440,0,rollback,bench,336,9,0,1107,ok
10235,1789699290998440,0,rollback,bench,360,8,0,1107,ok
10239,1789699290998449,0,rollback,bench,652,18,0,1108,ok
10239,1789699290998450,0,rollback,bench,334,7,0,1108,ok
10239,1789699290998450,0,rollback,bench,417,9,0,1108,ok
10239,1789699290998450,0,rollback,bench,727,9,0,1108,ok
10248,1789699291000602,0,rollback,bench,187,9,0,1111,ok
10248,1789699291000603,0,rollback,bench,520,5,0,1111,ok
10274,1789699291009881,0,rollback,bench,17,8,0,1119,ok
10274,1789699291009882,0,rollback,bench,981,11,0,1119,ok
10274,1789699291009883,0,rollback,bench,204,19,0,1119,ok
10274,1789699291009883,0,rollback,bench,645,13,0,1119,ok
10279,1789699291010499,0,rollback,bench,539,16,0,1121,ok
10279,1789699291010500,0,rollback,bench,28,12,0,1121,ok
10281,1789699291010504,0,rollback,bench,108,14,0,1122,ok
10281,1789699291010504,0,rollback,bench,267,7,0,1122,ok
10294,1789699291014522,0,rollback,bench,223,15,0,1127,ok
10294,1789699291014523,0,rollback,bench,300,6,0,1127,ok
10296,1789699291014528,0,rollback,bench,707,9,0,1128,ok
10296,1789699291014528,0,rollback,bench,886,6,0,1128,ok
10302,1789699291016149,0,rollback,bench,47,7,0,1130,ok
10302,1789699291016149,0,rollback,bench,197,8,0,1130,ok
10302,1789699291016150,0,rollback,bench,499,2,0,1130,ok
10302,1789699291016150,0,rollback,bench,617,8,0,1130,ok
10302,1789699291016151,0,rollback,bench,293,8,0,1130,ok
10307,1789699291016153,0,rollback,bench,102,8,0,1131,ok
10316,1789699291019396,0,rollback,bench,446,7,0,1134,ok
10316,1789699291019397,0,rollback,bench,61,8,0,1134,ok
10316,1789699291019397,0,rollback,bench,20,11,0,1134,ok
10316,1789699291019397,0,rollback,bench,492,8,0,1134,ok
10316,1789699291019398,0,rollback,bench,244,8,0,1134,ok
10321,1789699291019401,0,rollback,bench,869,8,0,1135,ok
10326,1789699291021023,0,rollback,bench,256,11,0,1137,ok
10326,1789699291021024,0,rollback,bench,159,13,0,1137,ok
10350,1789699291029625,0,rollback,bench,782,10,0,1148,ok
10350,1789699291029626,0,rollback,bench,935,10,0,1148,ok
10350,1789699291029626,0,rollback,bench,667,9,0,1148,ok
10350,1789699291029627,0,rollback,bench,643,6,0,1148,ok
10350,1789699291029627,0,rollback,bench,323,13,0,1148,ok
10362,1789699291032708,0,rollback,bench,711,10,0,1151,ok
10362,1789699291032709,0,rollback,bench,913,5,0,1151,ok
10362,1789699291032710,0,rollback,bench,398,9,0,1151,ok
10376,1789699291036549,0,rollback,bench,885,7,0,1155,ok
10393,1789699291042573,0,rollback,bench,820,3,0,1162,ok
10393,1789699291042573,0,rollback,bench,360,8,0,1162,ok
10393,1789699291042574,0,rollback,bench,789,12,0,1162,ok
10393,1789699291042574,0,rollback,bench,432,4,0,1162,ok
10421,1789699291052384,0,rollback,bench,636,9,0,1170,ok
10421,1789699291052385,0,rollback,bench,661,6,0,1170,ok
10428,1789699291054134,0,rollback,bench,428,14,0,1174,ok
10428,1789699291054135,0,rollback,bench,917,5,0,1174,ok
10428,1789699291054136,0,rollback,bench,52,8,0,1174,ok
10428,1789699291054136,0,rollback,bench,229,9,0,1174,ok
10428,1789699291054136,0,rollback,bench,784,8,0,1174,ok
10436,1789699291055198,0,rollback,bench,333,11,0,1177,ok
10436,1789699291055199,0,rollback,bench,442,11,0,1177,ok
10436,1789699291055200,0,rollback,bench,14,7,0,1177,ok
10436,1789699291055200,0,rollback,bench,947,7,0,1177,ok
10440,1789699291055202,0,rollback,bench,298,7,0,1178,ok
10456,1789699291060308,0,rollback,bench,548,9,0,1183,ok
10461,1789699291061736,0,rollback,bench,74,8,0,1185,ok
10461,1789699291061737,0,rollback,bench,883,8,0,1185,ok
10461,1789699291061737,0,rollback,bench,707,9,0,1185,ok
10473,1789699291065022,0,rollback,bench,46,12,0,1189,ok
10473,1789699291065023,0,rollback,bench,172,13,0,1189,ok
10475,1789699291065027,0,rollback,bench,587,12,0,1190,ok
10475,1789699291065028,0,rollback,bench,265,10,0,1190,ok
10478,1789699291065373,0,rollback,bench,259,10,0,1192,ok
10478,1789699291065374,0,rollback,bench,284,7,0,1192,ok
10478,1789699291065374,0,rollback,bench,195,9,0,1192,ok
10478,1789699291065374,0,rollback,bench,295,13,0,1192,ok
10478,1789699291065375,0,rollback,bench,515,13,0,1192,ok
10496,1789699291070102,0,rollback,bench,338,8,0,1198,ok
10496,1789699291070103,0,rollback,bench,141,8,0,1198,ok
10508,1789699291073605,0,rollback,bench,742,7,0,1201,ok
10508,1789699291073606,0,rollback,bench,862,9,0,1201,ok
10508,1789699291073606,0,rollback,bench,121,17,0,1201,ok
10508,1789699291073606,0,rollback,bench,548,9,0,1201,ok
10535,1789699291081872,0,rollback,bench,500,7,0,1208,ok
10535,1789699291081873,0,rollback,bench,281,9,0,1208,ok
10535,1789699291081874,0,rollback,bench,39,5,0,1208,ok
10541,1789699291082956,0,rollback,bench,858,8,0,1210,ok
10541,1789699291082957,0,rollback,bench,708,6,0,1210,ok
10541,1789699291082957,0,rollback,bench,923,8,0,1210,ok
10541,1789699291082958,0,rollback,bench,774,10,0,1210,ok
10541,1789699291082958,0,rollback,bench,924,8,0,1210,ok
10550,1789699291084377,0,rollback,bench,286,7,0,1212,ok
10550,1789699291084378,0,rollback,bench,111,10,0,1212,ok
10550,1789699291084378,0,rollback,bench,659,3,0,1212,ok
10550,1789699291084379,0,rollback,bench,737,11,0,1212,ok
10550,1789699291084379,0,rollback,bench,431,12,0,1212,ok
10559,1789699291085766,0,rollback,bench,882,6,0,1214,ok
10559,1789699291085767,0,rollback,bench,351,8,0,1214,ok
10559,1789699291085768,0,rollback,bench,74,8,0,1214,ok
10559,1789699291085768,0,rollback,bench,943,11,0,1214,ok
10559,1789699291085768,0,rollback,bench,696,12,0,1214,ok
10564,1789699291085773,0,rollback,bench,775,9,0,1215,ok
10564,1789699291085773,0,rollback,bench,379,7,0,1215,ok
10571,1789699291087777,0,rollback,bench,645,13,0,1218,ok
10571,1789699291087778,0,rollback,bench,60,12,0,1218,ok
10571,1789699291087779,0,rollback,bench,686,7,0,1218,ok
10571,1789699291087779,0,rollback,bench,889,16,0,1218,ok
10571,1789699291087780,0,rollback,bench,285,12,0,1218,ok
10584,1789699291090441,0,rollback,bench,35,5,0,1222,ok
10584,1789699291090442,0,rollback,bench,172,13,0,1222,ok
10587,1789699291090834,0,rollback,bench,98,12,0,1224,ok
10587,1789699291090834,0,rollback,bench,993,14,0,1224,ok
10587,1789699291090835,0,rollback,bench,658,7,0,1224,ok
10587,1789699291090835,0,rollback,bench,383,12,0,1224,ok
10595,1789699291092188,0,rollback,bench,372,11,0,1226,ok
10595,1789699291092189,0,rollback,bench,343,12,0,1226,ok
10595,1789699291092190,0,rollback,bench,291,9,0,1226,ok
10607,1789699291095283,0,rollback,bench,366,5,0,1230,ok
10607,1789699291095284,0,rollback,bench,794,7,0,1230,ok
10607,1789699291095284,0,rollback,bench,921,10,0,1230,ok
10607,1789699291095284,0,rollback,bench,789,13,0,1230,ok
10607,1789699291095285,0,rollback,bench,492,8,0,1230,ok
10617,1789699291097036,0,rollback,bench,798,8,0,1232,ok
10617,1789699291097037,0,rollback,bench,182,6,0,1232,ok
10617,1789699291097037,0,rollback,bench,724,5,0,1232,ok
10617,1789699291097038,0,rollback,bench,491,13,0,1232,ok
10652,1789699291113947,0,rollback,bench,980,5,0,1243,ok
10652,1789699291113948,0,rollback,bench,302,10,0,1243,ok
10652,1789699291113949,0,rollback,bench,131,10,0,1243,ok
10652,1789699291113949,0,rollback,bench,605,10,0,1243,ok
10656,1789699291113961,0,rollback,bench,243,13,0,1244,ok
10656,1789699291113961,0,rollback,bench,720,9,0,1244,ok
10656,1789699291113962,0,rollback,bench,546,4,0,1244,ok
10656,1789699291113962,0,rollback,bench,674,12,0,1244,ok
10656,1789699291113962,0,rollback,bench,623,11,0,1244,ok
10679,1789699291120490,0,rollback,bench,146,10,0,1251,ok
10679,1789699291120491,0,rollback,bench,942,8,0,1251,ok
10679,1789699291120492,0,rollback,bench,258,10,0,1251,ok
10679,1789699291120492,0,rollback,bench,679,14,0,1251,ok
10679,1789699291120492,0,rollback,bench,361,11,0,1251,ok
10693,1789699291123813,0,rollback,bench,136,10,0,1255,ok
10693,1789699291123814,0,rollback,bench,849,11,0,1255,ok
10693,1789699291123814,0,rollback,bench,711,10,0,1255,ok
10696,1789699291123828,0,rollback,bench,628,11,0,1256,ok
10696,1789699291123829,0,rollback,bench,526,7,0,1256,ok
10698,1789699291123834,0,rollback,bench,501,9,0,1257,ok
10698,1789699291123835,0,rollback,bench,571,12,0,1257,ok
10698,1789699291123835,0,rollback,bench,311,15,0,1257,ok
10717,1789699291130126,0,rollback,bench,150,9,0,1263,ok
10717,1789699291130127,0,rollback,bench,546,4,0,1263,ok
10717,1789699291130127,0,rollback,bench,321,11,0,1263,ok
10717,1789699291130127,0,rollback,bench,178,7,0,1263,ok
10731,1789699291134022,0,rollback,bench,747,9,0,1266,ok
10731,1789699291134023,0,rollback,bench,309,6,0,1266,ok
10731,1789699291134023,0,rollback,bench,576,10,0,1266,ok
10731,1789699291134024,0,rollback,bench,914,10,0,1266,ok
10731,1789699291134024,0,rollback,bench,910,8,0,1266,ok
10768,1789699291145758,0,rollback,bench,705,12,0,1277,ok
10768,1789699291145759,0,rollback,bench,79,9,0,1277,ok
10768,1789699291145759,0,rollback,bench,782,10,0,1277,ok
10768,1789699291145760,0,rollback,bench,470,14,0,1277,ok
10768,1789699291145760,0,rollback,bench,216,11,0,1277,ok
10784,1789699291149667,0,rollback,bench,974,7,0,1281,ok
10784,1789699291149668,0,rollback,bench,104,7,0,1281,ok
10811,1789699291158956,0,rollback,bench,245,10,0,1292,ok
10812,1789699291158983,0,rollback,bench,517,14,0,1293,ok
10812,1789699291158983,0,rollback,bench,780,9,0,1293,ok
10812,1789699291158983,0,rollback,bench,849,11,0,1293,ok
10812,1789699291158984,0,rollback,bench,147,7,0,1293,ok
10812,1789699291158984,0,rollback,bench,837,5,0,1293,ok
10826,1789699291162497,0,rollback,bench,735,10,0,1297,ok
10826,1789699291162498,0,rollback,bench,540,3,0,1297,ok
10833,1789699291164342,0,rollback,bench,158,7,0,1300,ok
10833,1789699291164343,0,rollback,bench,262,9,0,1300,ok
10833,1789699291164344,0,rollback,bench,957,6,0,1300,ok
10833,1789699291164344,0,rollback,bench,162,11,0,1300,ok
10833,1789699291164344,0,rollback,bench,456,13,0,1300,ok
10851,1789699291168956,0,rollback,bench,352,8,0,1304,ok
10851,1789699291168957,0,rollback,bench,674,12,0,1304,ok
10853,1789699291168983,0,rollback,bench,699,7,0,1305,ok
10853,1789699291168984,0,rollback,bench,867,20,0,1305,ok
10853,1789699291168984,0,rollback,bench,90,6,0,1305,ok
10853,1789699291168985,0,rollback,bench,790,9,0,1305,ok
10853,1789699291168985,0,rollback,bench,55,7,0,1305,ok
10858,1789699291168989,0,rollback,bench,593,9,0,1306,ok
10858,1789699291168990,0,rollback,bench,456,13,0,1306,ok
10860,1789699291168992,0,rollback,bench,920,8,0,1307,ok
10890,1789699291180161,0,rollback,bench,830,10,0,1320,ok
10890,1789699291180162,0,rollback,bench,219,10,0,1320,ok
10890,1789699291180163,0,rollback,bench,443,10,0,1320,ok
10890,1789699291180163,0,rollback,bench,700,8,0,1320,ok
10890,1789699291180164,0,rollback,bench,456,13,0,1320,ok
10899,1789699291181539,0,rollback,bench,579,8,0,1322,ok
10899,1789699291181540,0,rollback,bench,956,6,0,1322,ok
10899,1789699291181541,0,rollback,bench,763,14,0,1322,ok
10899,1789699291181541,0,rollback,bench,389,7,0,1322,ok
10899,1789699291181542,0,rollback,bench,686,7,0,1322,ok
10908,1789699291182960,0,rollback,bench,324,7,0,1325,ok
10908,1789699291182961,0,rollback,bench,820,3,0,1325,ok
10908,1789699291182962,0,rollback,bench,958,11,0,1325,ok
10908,1789699291182962,0,rollback,bench,158,8,0,1325,ok
10908,1789699291182962,0,rollback,bench,731,9,0,1325,ok
10929,1789699291188667,0,rollback,bench,179,5,0,1333,ok
10929,1789699291188668,0,rollback,bench,920,8,0,1333,ok
10929,1789699291188669,0,rollback,bench,507,6,0,1333,ok
10938,1789699291190704,0,rollback,bench,55,7,0,1336,ok
10938,1789699291190705,0,rollback,bench,895,7,0,1336,ok
10938,1789699291190706,0,rollback,bench,306,6,0,1336,ok
10980,1789699291205265,0,rollback,bench,8,12,0,1349,ok
10980,1789699291205266,0,rollback,bench,7,8,0,1349,ok
10980,1789699291205267,0,rollback,bench,88,12,0,1349,ok
10983,1789699291205277,0,rollback,bench,648,11,0,1350,ok
10983,1789699291205278,0,rollback,bench,923,8,0,1350,ok
10983,1789699291205278,0,rollback,bench,991,7,0,1350,ok
10983,1789699291205278,0,rollback,bench,104,7,0,1350,ok
11005,1789699291212054,0,rollback,bench,824,10,0,1359,ok
11005,1789699291212055,0,rollback,bench,711,10,0,1359,ok
11005,1789699291212056,0,rollback,bench,249,7,0,1359,ok
11005,1789699291212056,0,rollback,bench,842,6,0,1359,ok
11005,1789699291212056,0,rollback,bench,375,9,0,1359,ok
11010,1789699291212064,0,rollback,bench,410,12,0,1360,ok
11010,1789699291212064,0,rollback,bench,202,10,0,1360,ok
11010,1789699291212065,0,rollback,bench,157,10,0,1360,ok
11018,1789699291213876,0,rollback,bench,930,5,0,1362,ok
11018,1789699291213876,0,rollback,bench,359,9,0,1362,ok
11018,1789699291213877,0,rollback,bench,88,12,0,1362,ok
11022,1789699291214216,0,rollback,bench,708,6,0,1364,ok
11022,1789699291214217,0,rollback,bench,68,12,0,1364,ok
11053,1789699291224281,0,rollback,bench,351,8,0,1374,ok
11060,1789699291226848,0,rollback,bench,21,10,0,1377,ok
11061,1789699291226851,0,rollback,bench,165,13,0,1378,ok
11065,1789699291227932,0,rollback,bench,270,13,0,1380,ok
11065,1789699291227933,0,rollback,bench,848,8,0,1380,ok
11065,1789699291227933,0,rollback,bench,957,6,0,1380,ok
11065,1789699291227933,0,rollback,bench,943,12,0,1380,ok
11082,1789699291232474,0,rollback,bench,992,8,0,1386,ok
11082,1789699291232474,0,rollback,bench,101,10,0,1386,ok
11085,1789699291232880,0,rollback,bench,145,13,0,1388,ok
11085,1789699291232881,0,rollback,bench,15,8,0,1388,ok
11085,1789699291232881,0,rollback,bench,129,8,0,1388,ok
11085,1789699291232881,0,rollback,bench,547,5,0,1388,ok
11098,1789699291236296,0,rollback,bench,698,4,0,1391,ok
11098,1789699291236297,0,rollback,bench,952,13,0,1391,ok
11118,1789699291243070,0,rollback,bench,938,9,0,1397,ok
11118,1789699291243071,0,rollback,bench,344,15,0,1397,ok
11148,1789699291253430,0,rollback,bench,299,5,0,1406,ok
11148,1789699291253431,0,rollback,bench,848,8,0,1406,ok
11148,1789699291253432,0,rollback,bench,520,6,0,1406,ok
11158,1789699291256220,0,rollback,bench,938,9,0,1410,ok
11159,1789699291256226,0,rollback,bench,450,14,0,1411,ok
11159,1789699291256226,0,rollback,bench,530,5,0,1411,ok
11169,1789699291259403,0,rollback,bench,919,9,0,1414,ok
11169,1789699291259404,0,rollback,bench,179,5,0,1414,ok
11169,1789699291259405,0,rollback,bench,55,7,0,1414,ok
11172,1789699291259409,0,rollback,bench,475,8,0,1415,ok
11172,1789699291259409,0,rollback,bench,412,11,0,1415,ok
11174,1789699291259411,0,rollback,bench,7,8,0,1416,ok
11175,1789699291259418,0,rollback,bench,116,7,0,1417,ok
11175,1789699291259418,0,rollback,bench,981,11,0,1417,ok
11175,1789699291259418,0,rollback,bench,18,10,0,1417,ok
11178,1789699291259421,0,rollback,bench,857,11,0,1418,ok
11191,1789699291264434,0,rollback,bench,984,22,0,1423,ok
11199,1789699291267253,0,rollback,bench,948,8,0,1427,ok
11199,1789699291267254,0,rollback,bench,226,12,0,1427,ok
11199,1789699291267255,0,rollback,bench,809,10,0,1427,ok
11203,1789699291267557,0,rollback,bench,894,14,0,1429,ok
11203,1789699291267557,0,rollback,bench,6,6,0,1429,ok
11203,1789699291267558,0,rollback,bench,914,10,0,1429,ok
11203,1789699291267558,0,rollback,bench,130,8,0,1429,ok
11203,1789699291267558,0,rollback,bench,903,7,0,1429,ok
11220,1789699291272046,0,rollback,bench,120,11,0,1433,ok
11220,1789699291272047,0,rollback,bench,396,9,0,1433,ok
11245,1789699291279930,0,rollback,bench,351,8,0,1442,ok
11245,1789699291279931,0,rollback,bench,827,11,0,1442,ok
11245,1789699291279932,0,rollback,bench,590,15,0,1442,ok
11254,1789699291282295,0,rollback,bench,555,11,0,1445,ok
11254,1789699291282296,0,rollback,bench,281,9,0,1445,ok
11261,1789699291284817,0,rollback,bench,856,15,0,1450,ok
11279,1789699291291147,0,rollback,bench,474,10,0,1455,ok
11279,1789699291291148,0,rollback,bench,69,11,0,1455,ok
11279,1789699291291149,0,rollback,bench,349,10,0,1455,ok
11279,1789699291291149,0,rollback,bench,840,11,0,1455,ok
11290,1789699291293856,0,rollback,bench,181,9,0,1458,ok
11290,1789699291293857,0,rollback,bench,369,17,0,1458,ok
11290,1789699291293857,0,rollback,bench,248,9,0,1458,ok
11290,1789699291293857,0,rollback,bench,28,12,0,1458,ok
11290,1789699291293858,0,rollback,bench,457,15,0,1458,ok
11297,1789699291294822,0,rollback,bench,123,6,0,1460,ok
11297,1789699291294834,0,rollback,bench,738,7,0,1460,ok
11297,1789699291294834,0,rollback,bench,504,12,0,1460,ok
11297,1789699291294834,0,rollback,bench,914,10,0,1460,ok
11297,1789699291294835,0,rollback,bench,962,11,0,1460,ok
11313,1789699291298788,0,rollback,bench,684,8,0,1465,ok
11313,1789699291298789,0,rollback,bench,32,10,0,1465,ok
11315,1789699291298792,0,rollback,bench,918,13,0,1466,ok
11316,1789699291298806,0,rollback,bench,385,8,0,1467,ok
11316,1789699291298807,0,rollback,bench,244,8,0,1467,ok
11316,1789699291298808,0,rollback,bench,39,5,0,1467,ok
11316,1789699291298808,0,rollback,bench,553,11,0,1467,ok
11341,1789699291306685,0,rollback,bench,467,13,0,1475,ok
11341,1789699291306686,0,rollback,bench,915,10,0,1475,ok
11341,1789699291306687,0,rollback,bench,876,12,0,1475,ok
11341,1789699291306687,0,rollback,bench,131,10,0,1475,ok
11341,1789699291306687,0,rollback,bench,24,12,0,1475,ok
11365,1789699291314255,0,rollback,bench,167,10,0,1481,ok
11365,1789699291314257,0,rollback,bench,599,14,0,1481,ok
11365,1789699291314257,0,rollback,bench,234,11,0,1481,ok
11365,1789699291314257,0,rollback,bench,428,16,0,1481,ok
11365,1789699291314258,0,rollback,bench,767,11,0,1481,ok
11370,1789699291314262,0,rollback,bench,568,11,0,1482,ok
11370,1789699291314262,0,rollback,bench,281,9,0,1482,ok
11378,1789699291316751,0,rollback,bench,725,13,0,1485,ok
11378,1789699291316752,0,rollback,bench,402,11,0,1485,ok
11378,1789699291316752,0,rollback,bench,360,8,0,1485,ok
11378,1789699291316753,0,rollback,bench,252,10,0,1485,ok
11378,1789699291316753,0,rollback,bench,201,8,0,1485,ok
11383,1789699291316757,0,rollback,bench,240,10,0,1486,ok
11383,1789699291316758,0,rollback,bench,704,7,0,1486,ok
11387,1789699291317467,0,rollback,bench,119,7,0,1488,ok
11391,1789699291318516,0,rollback,bench,823,14,0,1490,ok
11391,1789699291318517,0,rollback,bench,815,9,0,1490,ok
11391,1789699291318517,0,rollback,bench,555,11,0,1490,ok
11426,1789699291335062,0,rollback,bench,511,9,0,1501,ok
11426,1789699291335063,0,rollback,bench,880,7,0,1501,ok
11426,1789699291335064,0,rollback,bench,619,9,0,1501,ok
11426,1789699291335064,0,rollback,bench,20,12,0,1501,ok
11426,1789699291335064,0,rollback,bench,763,14,0,1501,ok
11433,1789699291335869,0,rollback,bench,394,7,0,1503,ok
11433,1789699291335870,0,rollback,bench,379,8,0,1503,ok
11433,1789699291335871,0,rollback,bench,885,7,0,1503,ok
11433,1789699291335871,0,rollback,bench,926,11,0,1503,ok
11440,1789699291337033,0,rollback,bench,568,11,0,1505,ok
11440,1789699291337034,0,rollback,bench,360,8,0,1505,ok
11440,1789699291337035,0,rollback,bench,975,10,0,1505,ok
11444,1789699291337409,0,rollback,bench,193,10,0,1507,ok
11444,1789699291337410,0,rollback,bench,67,10,0,1507,ok
11446,1789699291337430,0,rollback,bench,437,9,0,1508,ok
11446,1789699291337430,0,rollback,bench,617,8,0,1508,ok
11446,1789699291337430,0,rollback,bench,519,8,0,1508,ok
11449,1789699291337439,0,rollback,bench,69,11,0,1509,ok
11449,1789699291337439,0,rollback,bench,556,8,0,1509,ok
11449,1789699291337440,0,rollback,bench,749,10,0,1509,ok
11449,1789699291337440,0,rollback,bench,246,11,0,1509,ok
11484,1789699291349565,0,rollback,bench,210,14,0,1519,ok
11484,1789699291349566,0,rollback,bench,832,9,0,1519,ok
11484,1789699291349567,0,rollback,bench,708,6,0,1519,ok
11484,1789699291349567,0,rollback,bench,261,5,0,1519,ok
11490,1789699291350230,0,rollback,bench,851,9,0,1521,ok
11490,1789699291350231,0,rollback,bench,860,12,0,1521,ok
11490,1789699291350232,0,rollback,bench,721,11,0,1521,ok
11490,1789699291350232,0,rollback,bench,21,10,0,1521,ok
11490,1789699291350232,0,rollback,bench,321,13,0,1521,ok
11500,1789699291352791,0,rollback,bench,380,12,0,1525,ok
11501,1789699291352794,0,rollback,bench,150,9,0,1526,ok
11505,1789699291353960,0,rollback,bench,684,9,0,1528,ok
11505,1789699291353961,0,rollback,bench,448,17,0,1528,ok
11507,1789699291353965,0,rollback,bench,317,11,0,1529,ok
11507,1789699291353965,0,rollback,bench,321,13,0,1529,ok
11521,1789699291358815,0,rollback,bench,403,10,0,1533,ok
11521,1789699291358816,0,rollback,bench,297,7,0,1533,ok
11521,1789699291358817,0,rollback,bench,807,13,0,1533,ok
11521,1789699291358817,0,rollback,bench,699,9,0,1533,ok
11521,1789699291358817,0,rollback,bench,881,11,0,1533,ok
11534,1789699291362160,0,rollback,bench,953,11,0,1536,ok
11534,1789699291362161,0,rollback,bench,768,11,0,1536,ok
11534,1789699291362162,0,rollback,bench,154,13,0,1536,ok
11534,1789699291362162,0,rollback,bench,320,14,0,1536,ok
11538,1789699291362180,0,rollback,bench,451,7,0,1537,ok
11538,1789699291362181,0,rollback,bench,963,14,0,1537,ok
11538,1789699291362181,0,rollback,bench,384,18,0,1537,ok
11538,1789699291362181,0,rollback,bench,603,10,0,1537,ok
11538,1789699291362181,0,rollback,bench,454,2,0,1537,ok
11563,1789699291371133,0,rollback,bench,845,7,0,1544,ok
11563,1789699291371133,0,rollback,bench,835,13,0,1544,ok
11563,1789699291371134,0,rollback,bench,549,12,0,1544,ok
11574,1789699291374534,0,rollback,bench,456,14,0,1547,ok
11574,1789699291374535,0,rollback,bench,408,12,0,1547,ok
11574,1789699291374535,0,rollback,bench,363,8,0,1547,ok
11586,1789699291378773,0,rollback,bench,660,5,0,1551,ok
11586,1789699291378773,0,rollback,bench,647,8,0,1551,ok
11588,1789699291378796,0,rollback,bench,250,7,0,1552,ok
11588,1789699291378796,0,rollback,bench,489,11,0,1552,ok
11588,1789699291378797,0,rollback,bench,902,10,0,1552,ok
11611,1789699291388677,0,rollback,bench,422,8,0,1559,ok
11611,1789699291388678,0,rollback,bench,478,8,0,1559,ok
11611,1789699291388679,0,rollback,bench,904,5,0,1559,ok
11611,1789699291388679,0,rollback,bench,867,20,0,1559,ok
11624,1789699291392902,0,rollback,bench,591,7,0,1564,ok
11624,1789699291392903,0,rollback,bench,632,17,0,1564,ok
11624,1789699291392903,0,rollback,bench,719,7,0,1564,ok
11632,1789699291395374,0,rollback,bench,641,9,0,1568,ok
11632,1789699291395374,0,rollback,bench,20,13,0,1568,ok
11632,1789699291395375,0,rollback,bench,67,10,0,1568,ok
11632,1789699291395375,0,rollback,bench,109,12,0,1568,ok
11639,1789699291396817,0,rollback,bench,657,8,0,1570,ok
11639,1789699291396818,0,rollback,bench,349,11,0,1570,ok
11663,1789699291406403,0,rollback,bench,104,7,0,1578,ok
11663,1789699291406404,0,rollback,bench,469,9,0,1578,ok
11663,1789699291406405,0,rollback,bench,777,8,0,1578,ok
11663,1789699291406405,0,rollback,bench,572,13,0,1578,ok
11663,1789699291406405,0,rollback,bench,32,10,0,1578,ok
11677,1789699291410133,0,rollback,bench,313,11,0,1581,ok
11677,1789699291410134,0,rollback,bench,755,13,0,1581,ok
11677,1789699291410135,0,rollback,bench,681,15,0,1581,ok
11677,1789699291410135,0,rollback,bench,733,8,0,1581,ok
11687,1789699291412476,0,rollback,bench,159,14,0,1585,ok
11687,1789699291412476,0,rollback,bench,841,11,0,1585,ok
11687,1789699291412477,0,rollback,bench,870,6,0,1585,ok
11697,1789699291415194,0,rollback,bench,529,17,0,1588,ok
11697,1789699291415195,0,rollback,bench,223,15,0,1588,ok
11739,1789699291435908,0,rollback,bench,787,9,0,1602,ok
11739,1789699291435910,0,rollback,bench,571,13,0,1602,ok
11741,1789699291435941,0,rollback,bench,709,13,0,1603,ok
11741,1789699291435942,0,rollback,bench,552,9,0,1603,ok
11741,1789699291435942,0,rollback,bench,599,14,0,1603,ok
11741,1789699291435942,0,rollback,bench,448,17,0,1603,ok
11741,1789699291435943,0,rollback,bench,872,10,0,1603,ok
11749,1789699291437194,0,rollback,bench,314,12,0,1605,ok
11749,1789699291437195,0,rollback,bench,478,8,0,1605,ok
11765,1789699291443263,0,rollback,bench,222,15,0,1610,ok
11776,1789699291447564,0,rollback,bench,140,11,0,1615,ok
11782,1789699291450097,0,rollback,bench,683,7,0,1617,ok
11782,1789699291450098,0,rollback,bench,234,11,0,1617,ok
11784,1789699291450123,0,rollback,bench,897,7,0,1618,ok
11784,1789699291450123,0,rollback,bench,736,9,0,1618,ok
11784,1789699291450124,0,rollback,bench,924,9,0,1618,ok
11784,1789699291450124,0,rollback,bench,886,7,0,1618,ok
11784,1789699291450124,0,rollback,bench,393,10,0,1618,ok
11798,1789699291453580,0,rollback,bench,66,12,0,1621,ok
11798,1789699291453580,0,rollback,bench,8,12,0,1621,ok
11798,1789699291453581,0,rollback,bench,687,6,0,1621,ok
11798,1789699291453581,0,rollback,bench,93,10,0,1621,ok
11814,1789699291458135,0,rollback,bench,93,10,0,1626,ok
11814,1789699291458146,0,rollback,bench,353,7,0,1626,ok
11814,1789699291458146,0,rollback,bench,842,6,0,1626,ok
11814,1789699291458147,0,rollback,bench,972,11,0,1626,ok
11822,1789699291459563,0,rollback,bench,533,13,0,1629,ok
11822,1789699291459564,0,rollback,bench,910,9,0,1629,ok
11822,1789699291459564,0,rollback,bench,62,11,0,1629,ok
11822,1789699291459565,0,rollback,bench,580,9,0,1629,ok
11822,1789699291459565,0,rollback,bench,199,3,0,1629,ok
11829,1789699291460330,0,rollback,bench,871,14,0,1631,ok
11830,1789699291460345,0,rollback,bench,901,6,0,1632,ok
11830,1789699291460345,0,rollback,bench,861,15,0,1632,ok
11830,1789699291460346,0,rollback,bench,115,18,0,1632,ok
11830,1789699291460346,0,rollback,bench,277,13,0,1632,ok
11834,1789699291460354,0,rollback,bench,303,7,0,1633,ok
11834,1789699291460354,0,rollback,bench,725,14,0,1633,ok
11834,1789699291460354,0,rollback,bench,637,10,0,1633,ok
11838,1789699291460793,0,rollback,bench,854,7,0,1635,ok
11838,1789699291460794,0,rollback,bench,163,8,0,1635,ok
11838,1789699291460794,0,rollback,bench,868,12,0,1635,ok
11841,1789699291460807,0,rollback,bench,737,13,0,1636,ok
11841,1789699291460808,0,rollback,bench,218,8,0,1636,ok
11841,1789699291460808,0,rollback,bench,133,13,0,1636,ok
11841,1789699291460808,0,rollback,bench,870,6,0,1636,ok
11841,1789699291460809,0,rollback,bench,621,8,0,1636,ok
11863,1789699291467193,0,rollback,bench,520,7,0,1642,ok
11863,1789699291467194,0,rollback,bench,502,11,0,1642,ok
11863,1789699291467194,0,rollback,bench,445,7,0,1642,ok
11863,1789699291467194,0,rollback,bench,29,4,0,1642,ok
11879,1789699291471989,0,rollback,bench,404,8,0,1648,ok
11879,1789699291471990,0,rollback,bench,885,7,0,1648,ok
11879,1789699291471991,0,rollback,bench,315,12,0,1648,ok
11887,1789699291474059,0,rollback,bench,404,8,0,1651,ok
11887,1789699291474060,0,rollback,bench,181,10,0,1651,ok
11887,1789699291474060,0,rollback,bench,115,18,0,1651,ok
11890,1789699291474063,0,rollback,bench,983,16,0,1652,ok
11891,1789699291474075,0,rollback,bench,133,13,0,1653,ok
11891,1789699291474075,0,rollback,bench,445,8,0,1653,ok
11891,1789699291474076,0,rollback,bench,74,8,0,1653,ok
11891,1789699291474076,0,rollback,bench,104,7,0,1653,ok
11891,1789699291474076,0,rollback,bench,445,8,0,1653,ok
11931,1789699291486839,0,rollback,bench,130,9,0,1665,ok
11931,1789699291486840,0,rollback,bench,283,14,0,1665,ok
11931,1789699291486841,0,rollback,bench,690,13,0,1665,ok
11931,1789699291486841,0,rollback,bench,404,8,0,1665,ok
11941,1789699291488974,0,rollback,bench,793,7,0,1669,ok
11951,1789699291492519,0,rollback,bench,5,7,0,1673,ok
11951,1789699291492520,0,rollback,bench,623,11,0,1673,ok
11951,1789699291492521,0,rollback,bench,750,10,0,1673,ok
11964,1789699291496143,0,rollback,bench,386,18,0,1678,ok
11980,1789699291501701,0,rollback,bench,735,13,0,1683,ok
11980,1789699291501702,0,rollback,bench,589,9,0,1683,ok
11982,1789699291501721,0,rollback,bench,448,17,0,1684,ok
11982,1789699291501722,0,rollback,bench,870,6,0,1684,ok
11982,1789699291501723,0,rollback,bench,862,11,0,1684,ok
11982,1789699291501723,0,rollback,bench,538,16,0,1684,ok
11986,1789699291501725,0,rollback,bench,366,5,0,1685,ok
12009,1789699291509794,0,rollback,bench,324,8,0,1692,ok
12009,1789699291509795,0,rollback,bench,99,12,0,1692,ok
12009,1789699291509796,0,rollback,bench,90,7,0,1692,ok
12016,1789699291511274,0,rollback,bench,612,8,0,1694,ok
12016,1789699291511275,0,rollback,bench,610,13,0,1694,ok
12016,1789699291511275,0,rollback,bench,266,8,0,1694,ok
12039,1789699291518689,0,rollback,bench,726,7,0,1700,ok
12039,1789699291518690,0,rollback,bench,466,5,0,1700,ok
12039,1789699291518691,0,rollback,bench,216,12,0,1700,ok
12039,1789699291518691,0,rollback,bench,877,13,0,1700,ok
12039,1789699291518691,0,rollback,bench,613,21,0,1700,ok
12060,1789699291524696,0,rollback,bench,725,14,0,1706,ok
12060,1789699291524698,0,rollback,bench,438,8,0,1706,ok
12060,1789699291524698,0,rollback,bench,897,8,0,1706,ok
12079,1789699291530537,0,rollback,bench,984,23,0,1712,ok
12079,1789699291530538,0,rollback,bench,631,14,0,1712,ok
12079,1789699291530539,0,rollback,bench,106,10,0,1712,ok
12087,1789699291532296,0,rollback,bench,121,18,0,1714,ok
12095,1789699291534758,0,rollback,bench,350,8,0,1718,ok
12095,1789699291534759,0,rollback,bench,168,16,0,1718,ok
12097,1789699291534776,0,rollback,bench,240,11,0,1719,ok
12097,1789699291534777,0,rollback,bench,520,7,0,1719,ok
12097,1789699291534777,0,rollback,bench,368,8,0,1719,ok
12097,1789699291534778,0,rollback,bench,738,7,0,1719,ok
12097,1789699291534778,0,rollback,bench,293,10,0,1719,ok
12140,1789699291548716,0,rollback,bench,699,11,0,1731,ok
12140,1789699291548718,0,rollback,bench,993,15,0,1731,ok
12140,1789699291548718,0,rollback,bench,544,13,0,1731,ok
12140,1789699291548719,0,rollback,bench,892,6,0,1731,ok
12148,1789699291550282,0,rollback,bench,832,9,0,1734,ok
12148,1789699291550282,0,rollback,bench,928,14,0,1734,ok
12150,1789699291550300,0,rollback,bench,158,9,0,1735,ok
12150,1789699291550300,0,rollback,bench,655,14,0,1735,ok
12150,1789699291550301,0,rollback,bench,244,9,0,1735,ok
12150,1789699291550301,0,rollback,bench,286,8,0,1735,ok
12150,1789699291550301,0,rollback,bench,41,9,0,1735,ok
12158,1789699291551321,0,rollback,bench,244,9,0,1738,ok
12176,1789699291557973,0,rollback,bench,238,9,0,1745,ok
12176,1789699291557974,0,rollback,bench,186,14,0,1745,ok
12176,1789699291557975,0,rollback,bench,386,18,0,1745,ok
12176,1789699291557975,0,rollback,bench,382,11,0,1745,ok
12180,1789699291557985,0,rollback,bench,928,14,0,1746,ok
12180,1789699291557985,0,rollback,bench,652,20,0,1746,ok
12180,1789699291557986,0,rollback,bench,69,13,0,1746,ok
12180,1789699291557986,0,rollback,bench,225,10,0,1746,ok
12180,1789699291557986,0,rollback,bench,37,4,0,1746,ok
12194,1789699291580870,0,rollback,bench,736,9,0,1749,ok
12194,1789699291580871,0,rollback,bench,696,13,0,1749,ok
12210,1789699291587486,0,rollback,bench,353,7,0,1754,ok
12210,1789699291587487,0,rollback,bench,780,10,0,1754,ok
12232,1789699291597073,0,rollback,bench,560,10,0,1762,ok
12249,1789699291604468,0,rollback,bench,479,9,0,1770,ok
12264,1789699291610324,0,rollback,bench,135,9,0,1774,ok
12264,1789699291610325,0,rollback,bench,121,18,0,1774,ok
12264,1789699291610325,0,rollback,bench,371,14,0,1774,ok
12264,1789699291610326,0,rollback,bench,426,15,0,1774,ok
12264,1789699291610326,0,rollback,bench,344,16,0,1774,ok
12271,1789699291611102,0,rollback,bench,92,8,0,1776,ok
12275,1789699291612614,0,rollback,bench,185,12,0,1778,ok
12275,1789699291612615,0,rollback,bench,823,14,0,1778,ok
12275,1789699291612616,0,rollback,bench,976,8,0,1778,ok
12278,1789699291612622,0,rollback,bench,198,12,0,1779,ok
12278,1789699291612623,0,rollback,bench,798,9,0,1779,ok
12278,1789699291612623,0,rollback,bench,481,8,0,1779,ok
12297,1789699291619334,0,rollback,bench,350,9,0,1784,ok
12297,1789699291619335,0,rollback,bench,891,14,0,1784,ok
12297,1789699291619335,0,rollback,bench,765,9,0,1784,ok
12297,1789699291619335,0,rollback,bench,756,14,0,1784,ok
12304,1789699291621040,0,rollback,bench,141,9,0,1786,ok
12304,1789699291621042,0,rollback,bench,746,10,0,1786,ok
12304,1789699291621042,0,rollback,bench,273,5,0,1786,ok
12336,1789699291633580,0,rollback,bench,772,17,0,1797,ok
12336,1789699291633582,0,rollback,bench,349,11,0,1797,ok
12336,1789699291633582,0,rollback,bench,478,8,0,1797,ok
12336,1789699291633583,0,rollback,bench,371,14,0,1797,ok
12336,1789699291633583,0,rollback,bench,941,11,0,1797,ok
12341,1789699291633588,0,rollback,bench,624,11,0,1798,ok
12341,1789699291633588,0,rollback,bench,225,10,0,1798,ok
12350,1789699291636362,0,rollback,bench,578,13,0,1801,ok
12350,1789699291636363,0,rollback,bench,690,14,0,1801,ok
12363,1789699291640524,0,rollback,bench,710,12,0,1807,ok
12363,1789699291640525,0,rollback,bench,717,14,0,1807,ok
12363,1789699291640525,0,rollback,bench,402,11,0,1807,ok
12363,1789699291640526,0,rollback,bench,37,4,0,1807,ok
12363,1789699291640526,0,rollback,bench,430,10,0,1807,ok
12368,1789699291640539,0,rollback,bench,809,10,0,1808,ok
12368,1789699291640540,0,rollback,bench,269,6,0,1808,ok
12368,1789699291640540,0,rollback,bench,180,12,0,1808,ok
12368,1789699291640540,0,rollback,bench,141,9,0,1808,ok
12368,1789699291640550,0,rollback,bench,320,15,0,1808,ok
12373,1789699291640560,0,rollback,bench,873,11,0,1809,ok
12373,1789699291640561,0,rollback,bench,871,14,0,1809,ok
12373,1789699291640561,0,rollback,bench,901,6,0,1809,ok
12373,1789699291640561,0,rollback,bench,15,9,0,1809,ok
12384,1789699291643205,0,rollback,bench,795,10,0,1812,ok
12384,1789699291643205,0,rollback,bench,706,10,0,1812,ok
12403,1789699291650578,0,rollback,bench,161,11,0,1819,ok
12425,1789699291659131,0,rollback,bench,866,16,0,1826,ok
12425,1789699291659132,0,rollback,bench,267,7,0,1826,ok
12425,1789699291659133,0,rollback,bench,415,5,0,1826,ok
12439,1789699291663832,0,rollback,bench,373,13,0,1831,ok
12439,1789699291663833,0,rollback,bench,759,10,0,1831,ok
12439,1789699291663834,0,rollback,bench,538,16,0,1831,ok
12463,1789699291672573,0,rollback,bench,315,12,0,1841,ok
12463,1789699291672575,0,rollback,bench,888,11,0,1841,ok
12463,1789699291672575,0,rollback,bench,519,11,0,1841,ok
12463,1789699291672577,0,rollback,bench,830,13,0,1841,ok
12467,1789699291672582,0,rollback,bench,943,13,0,1842,ok
12487,1789699291679603,0,rollback,bench,771,13,0,1848,ok
12487,1789699291679604,0,rollback,bench,333,11,0,1848,ok
12487,1789699291679604,0,rollback,bench,705,12,0,1848,ok
12498,1789699291682563,0,rollback,bench,513,13,0,1853,ok
12498,1789699291682564,0,rollback,bench,297,8,0,1853,ok
12498,1789699291682565,0,rollback,bench,87,15,0,1853,ok
12510,1789699291685895,0,rollback,bench,466,6,0,1858,ok
12510,1789699291685896,0,rollback,bench,38,13,0,1858,ok
12544,1789699291698190,0,rollback,bench,441,14,0,1868,ok
12544,1789699291698191,0,rollback,bench,632,17,0,1868,ok
12551,1789699291700087,0,rollback,bench,196,14,0,1870,ok
12551,1789699291700088,0,rollback,bench,440,11,0,1870,ok
12551,1789699291700089,0,rollback,bench,952,14,0,1870,ok
12551,1789699291700089,0,rollback,bench,647,8,0,1870,ok
12555,1789699291700099,0,rollback,bench,926,12,0,1871,ok
12555,1789699291700100,0,rollback,bench,112,13,0,1871,ok
12555,1789699291700100,0,rollback,bench,9,8,0,1871,ok
12555,1789699291700101,0,rollback,bench,779,11,0,1871,ok
12559,1789699291700108,0,rollback,bench,82,14,0,1872,ok
12559,1789699291700109,0,rollback,bench,869,9,0,1872,ok
12559,1789699291700109,0,rollback,bench,872,10,0,1872,ok
12562,1789699291700111,0,rollback,bench,129,10,0,1873,ok
12568,1789699291701982,0,rollback,bench,981,12,0,1875,ok
12568,1789699291701983,0,rollback,bench,346,11,0,1875,ok
12568,1789699291701984,0,rollback,bench,430,11,0,1875,ok
12568,1789699291701984,0,rollback,bench,157,12,0,1875,ok
12568,1789699291701984,0,rollback,bench,491,14,0,1875,ok
12573,1789699291701987,0,rollback,bench,244,9,0,1876,ok
12574,1789699291701996,0,rollback,bench,734,12,0,1877,ok
12574,1789699291701997,0,rollback,bench,567,10,0,1877,ok
12574,1789699291701997,0,rollback,bench,974,9,0,1877,ok
12574,1789699291701997,0,rollback,bench,472,9,0,1877,ok
12578,1789699291702004,0,rollback,bench,276,7,0,1878,ok
12578,1789699291702004,0,rollback,bench,907,10,0,1878,ok
12578,1789699291702005,0,rollback,bench,657,8,0,1878,ok
12581,1789699291702013,0,rollback,bench,515,13,0,1879,ok
12581,1789699291702013,0,rollback,bench,778,9,0,1879,ok
12581,1789699291702014,0,rollback,bench,429,9,0,1879,ok
12581,1789699291702014,0,rollback,bench,546,4,0,1879,ok
12611,1789699291712460,0,rollback,bench,670,11,0,1887,ok
12627,1789699291718553,0,rollback,bench,491,14,0,1892,ok
12627,1789699291718554,0,rollback,bench,3,11,0,1892,ok
12627,1789699291718554,0,rollback,bench,80,12,0,1892,ok
12630,1789699291718559,0,rollback,bench,469,9,0,1893,ok
12630,1789699291718559,0,rollback,bench,544,13,0,1893,ok
12652,1789699291726189,0,rollback,bench,868,12,0,1900,ok
12652,1789699291726190,0,rollback,bench,645,14,0,1900,ok
12652,1789699291726191,0,rollback,bench,400,7,0,1900,ok
12681,1789699291736273,0,rollback,bench,832,10,0,1912,ok
12691,1789699291741677,0,rollback,bench,626,10,0,1916,ok
12691,1789699291741679,0,rollback,bench,465,13,0,1916,ok
12691,1789699291741679,0,rollback,bench,505,16,0,1916,ok
12691,1789699291741680,0,rollback,bench,426,15,0,1916,ok
12691,1789699291741680,0,rollback,bench,511,12,0,1916,ok
12710,1789699291749062,0,rollback,bench,680,18,0,1923,ok
12711,1789699291749069,0,rollback,bench,918,15,0,1924,ok
12711,1789699291749070,0,rollback,bench,583,9,0,1924,ok
12725,1789699291755843,0,rollback,bench,988,11,0,1928,ok
12725,1789699291755844,0,rollback,bench,284,8,0,1928,ok
12730,1789699291757944,0,rollback,bench,744,8,0,1930,ok
12730,1789699291757946,0,rollback,bench,961,15,0,1930,ok
12772,1789699291782906,0,rollback,bench,671,7,0,1944,ok
12772,1789699291782908,0,rollback,bench,546,4,0,1944,ok
12778,1789699291785970,0,rollback,bench,811,11,0,1946,ok
12778,1789699291785971,0,rollback,bench,378,14,0,1946,ok
12780,1789699291786000,0,rollback,bench,761,11,0,1947,ok
12780,1789699291786000,0,rollback,bench,579,10,0,1947,ok
12780,1789699291786001,0,rollback,bench,792,12,0,1947,ok
12780,1789699291786001,0,rollback,bench,101,11,0,1947,ok
12780,1789699291786002,0,rollback,bench,323,14,0,1947,ok
12795,1789699291792239,0,rollback,bench,977,14,0,1952,ok
12795,1789699291792240,0,rollback,bench,60,14,0,1952,ok
12795,1789699291792241,0,rollback,bench,834,16,0,1952,ok
12804,1789699291795577,0,rollback,bench,684,10,0,1955,ok
12804,1789699291795578,0,rollback,bench,632,17,0,1955,ok
12804,1789699291795578,0,rollback,bench,443,13,0,1955,ok
12804,1789699291795579,0,rollback,bench,666,12,0,1955,ok
12804,1789699291795579,0,rollback,bench,616,15,0,1955,ok
12812,1789699291797354,0,rollback,bench,888,11,0,1959,ok
12813,1789699291797372,0,rollback,bench,984,23,0,1960,ok
12813,1789699291797373,0,rollback,bench,588,10,0,1960,ok
12813,1789699291797373,0,rollback,bench,403,12,0,1960,ok
12816,1789699291797377,0,rollback,bench,60,14,0,1961,ok
12858,1789699291820560,0,rollback,bench,562,14,0,1978,ok
12858,1789699291820561,0,rollback,bench,713,12,0,1978,ok
12863,1789699291822002,0,rollback,bench,484,12,0,1980,ok
12863,1789699291822003,0,rollback,bench,820,5,0,1980,ok
12863,1789699291822003,0,rollback,bench,768,11,0,1980,ok
12875,1789699291826193,0,rollback,bench,567,10,0,1985,ok
12875,1789699291826194,0,rollback,bench,187,10,0,1985,ok
12875,1789699291826194,0,rollback,bench,337,12,0,1985,ok
12875,1789699291826194,0,rollback,bench,821,9,0,1985,ok
12875,1789699291826195,0,rollback,bench,712,10,0,1985,ok
12880,1789699291826205,0,rollback,bench,546,4,0,1986,ok
12880,1789699291826205,0,rollback,bench,464,8,0,1986,ok
12880,1789699291826205,0,rollback,bench,244,9,0,1986,ok
12880,1789699291826206,0,rollback,bench,283,15,0,1986,ok
12880,1789699291826206,0,rollback,bench,300,9,0,1986,ok
12890,1789699291828290,0,rollback,bench,267,8,0,1988,ok
12890,1789699291828291,0,rollback,bench,663,12,0,1988,ok
12890,1789699291828291,0,rollback,bench,339,12,0,1988,ok
12890,1789699291828292,0,rollback,bench,863,10,0,1988,ok
12901,1789699291831620,0,rollback,bench,830,13,0,1991,ok
12901,1789699291831620,0,rollback,bench,181,10,0,1991,ok
12901,1789699291831621,0,rollback,bench,521,14,0,1991,ok
12907,1789699291833116,0,rollback,bench,914,11,0,1993,ok
12907,1789699291833117,0,rollback,bench,416,16,0,1993,ok
12907,1789699291833118,0,rollback,bench,61,10,0,1993,ok
12907,1789699291833118,0,rollback,bench,438,8,0,1993,ok
12928,1789699291845315,0,rollback,bench,291,11,0,1999,ok
12928,1789699291845316,0,rollback,bench,483,13,0,1999,ok
12928,1789699291845317,0,rollback,bench,885,7,0,1999,ok
12928,1789699291845317,0,rollback,bench,998,15,0,1999,ok
12928,1789699291845318,0,rollback,bench,341,11,0,1999,ok
12933,1789699291845330,0,rollback,bench,302,11,0,2000,ok
12933,1789699291845330,0,rollback,bench,628,13,0,2000,ok
12933,1789699291845331,0,rollback,bench,635,16,0,2000,ok
12933,1789699291845331,0,rollback,bench,958,12,0,2000,ok
12933,1789699291845332,0,rollback,bench,616,15,0,2000,ok
12955,1789699291852592,0,rollback,bench,879,12,0,2006,ok
12955,1789699291852593,0,rollback,bench,777,10,0,2006,ok
12955,1789699291852593,0,rollback,bench,166,9,0,2006,ok
12958,1789699291852606,0,rollback,bench,291,11,0,2007,ok
12958,1789699291852606,0,rollback,bench,937,13,0,2007,ok
12958,1789699291852606,0,rollback,bench,878,7,0,2007,ok
12958,1789699291852607,0,rollback,bench,644,7,0,2007,ok
12958,1789699291852617,0,rollback,bench,626,10,0,2007,ok
12974,1789699291857405,0,rollback,bench,207,9,0,2011,ok
12974,1789699291857406,0,rollback,bench,294,11,0,2011,ok
12974,1789699291857407,0,rollback,bench,122,14,0,2011,ok
12974,1789699291857407,0,rollback,bench,909,12,0,2011,ok
12983,1789699291859355,0,rollback,bench,494,14,0,2013,ok
13010,1789699291871171,0,rollback,bench,958,12,0,2023,ok
13010,1789699291871173,0,rollback,bench,771,15,0,2023,ok
13010,1789699291871173,0,rollback,bench,749,11,0,2023,ok
13010,1789699291871173,0,rollback,bench,5,7,0,2023,ok
13014,1789699291871176,0,rollback,bench,647,8,0,2024,ok
13018,1789699291872488,0,rollback,bench,206,7,0,2026,ok
13018,1789699291872489,0,rollback,bench,223,16,0,2026,ok
13026,1789699291875837,0,rollback,bench,718,12,0,2029,ok
13026,1789699291875838,0,rollback,bench,480,9,0,2029,ok
13026,1789699291875838,0,rollback,bench,602,11,0,2029,ok
13026,1789699291875839,0,rollback,bench,776,11,0,2029,ok
13026,1789699291875839,0,rollback,bench,710,12,0,2029,ok
13053,1789699291884574,0,rollback,bench,845,9,0,2035,ok
13053,1789699291884575,0,rollback,bench,711,13,0,2035,ok
13053,1789699291884576,0,rollback,bench,17,9,0,2035,ok
13053,1789699291884576,0,rollback,bench,785,15,0,2035,ok
13090,1789699291898674,0,rollback,bench,158,9,0,2048,ok
13090,1789699291898676,0,rollback,bench,471,11,0,2048,ok
13090,1789699291898676,0,rollback,bench,857,12,0,2048,ok
13090,1789699291898676,0,rollback,bench,241,9,0,2048,ok
13090,1789699291898677,0,rollback,bench,928,14,0,2048,ok
13102,1789699291901576,0,rollback,bench,781,16,0,2051,ok
13102,1789699291901576,0,rollback,bench,764,15,0,2051,ok
13102,1789699291901577,0,rollback,bench,955,12,0,2051,ok
13102,1789699291901577,0,rollback,bench,323,14,0,2051,ok
13116,1789699291905411,0,rollback,bench,601,9,0,2054,ok
13126,1789699291909557,0,rollback,bench,996,7,0,2059,ok
13129,1789699291910357,0,rollback,bench,813,12,0,2062,ok
13129,1789699291910357,0,rollback,bench,704,7,0,2062,ok
13129,1789699291910358,0,rollback,bench,906,12,0,2062,ok
13129,1789699291910358,0,rollback,bench,946,9,0,2062,ok
13152,1789699291918028,0,rollback,bench,22,5,0,2068,ok
13152,1789699291918029,0,rollback,bench,240,11,0,2068,ok
13152,1789699291918030,0,rollback,bench,327,13,0,2068,ok
13152,1789699291918030,0,rollback,bench,843,12,0,2068,ok
13198,1789699291933877,0,rollback,bench,743,16,0,2085,ok
13199,1789699291933881,0,rollback,bench,807,14,0,2086,ok
13217,1789699291940732,0,rollback,bench,966,16,0,2093,ok
13218,1789699291940757,0,rollback,bench,242,10,0,2094,ok
13218,1789699291940758,0,rollback,bench,738,8,0,2094,ok
13218,1789699291940758,0,rollback,bench,225,10,0,2094,ok
13218,1789699291940759,0,rollback,bench,280,8,0,2094,ok
13218,1789699291940759,0,rollback,bench,473,9,0,2094,ok
13232,1789699291944497,0,rollback,bench,134,8,0,2098,ok
13232,1789699291944499,0,rollback,bench,985,10,0,2098,ok
13232,1789699291944499,0,rollback,bench,499,6,0,2098,ok
13232,1789699291944499,0,rollback,bench,226,13,0,2098,ok
13232,1789699291944500,0,rollback,bench,201,11,0,2098,ok
13251,1789699291950239,0,rollback,bench,650,9,0,2104,ok
13252,1789699291950242,0,rollback,bench,775,13,0,2105,ok
13267,1789699291956620,0,rollback,bench,149,9,0,2111,ok
13267,1789699291956622,0,rollback,bench,661,6,0,2111,ok
13267,1789699291956622,0,rollback,bench,672,13,0,2111,ok
13267,1789699291956648,0,rollback,bench,676,8,0,2111,ok
13267,1789699291956649,0,rollback,bench,586,12,0,2111,ok
13277,1789699291959720,0,rollback,bench,542,12,0,2114,ok
13277,1789699291959721,0,rollback,bench,261,6,0,2114,ok
13277,1789699291959722,0,rollback,bench,241,9,0,2114,ok
13277,1789699291959722,0,rollback,bench,813,12,0,2114,ok
13277,1789699291959722,0,rollback,bench,752,10,0,2114,ok
13282,1789699291959725,0,rollback,bench,464,8,0,2115,ok
13283,1789699291959763,0,rollback,bench,195,11,0,2116,ok
13283,1789699291959764,0,rollback,bench,244,10,0,2116,ok
13283,1789699291959765,0,rollback,bench,416,18,0,2116,ok
13283,1789699291959765,0,rollback,bench,246,13,0,2116,ok
13287,1789699291959770,0,rollback,bench,546,4,0,2117,ok
13288,1789699291959780,0,rollback,bench,864,13,0,2118,ok
13288,1789699291959780,0,rollback,bench,121,18,0,2118,ok
13288,1789699291959781,0,rollback,bench,175,15,0,2118,ok
13288,1789699291959781,0,rollback,bench,708,7,0,2118,ok
13292,1789699291959783,0,rollback,bench,530,7,0,2119,ok
13293,1789699291959791,0,rollback,bench,452,5,0,2120,ok
13293,1789699291959791,0,rollback,bench,247,5,0,2120,ok
13293,1789699291959791,0,rollback,bench,272,8,0,2120,ok
13302,1789699291963279,0,rollback,bench,469,9,0,2123,ok
13330,1789699291976442,0,rollback,bench,652,22,0,2131,ok
13330,1789699291976443,0,rollback,bench,722,12,0,2131,ok
13344,1789699291982117,0,rollback,bench,134,8,0,2137,ok
13347,1789699291982910,0,rollback,bench,45,9,0,2139,ok
13347,1789699291982911,0,rollback,bench,312,7,0,2139,ok
13347,1789699291982911,0,rollback,bench,334,8,0,2139,ok
13369,1789699291991389,0,rollback,bench,390,15,0,2145,ok
13369,1789699291991391,0,rollback,bench,596,12,0,2145,ok
13369,1789699291991391,0,rollback,bench,809,10,0,2145,ok
13369,1789699291991392,0,rollback,bench,466,7,0,2145,ok
13369,1789699291991392,0,rollback,bench,936,14,0,2145,ok
13383,1789699291996857,0,rollback,bench,108,19,0,2148,ok
13383,1789699291996859,0,rollback,bench,392,12,0,2148,ok
13410,1789699292012613,0,rollback,bench,668,10,0,2155,ok
13410,1789699292012614,0,rollback,bench,479,9,0,2155,ok
13410,1789699292012615,0,rollback,bench,595,14,0,2155,ok
13410,1789699292012616,0,rollback,bench,517,16,0,2155,ok
13450,1789699292035105,0,rollback,bench,765,9,0,2167,ok
13450,1789699292035107,0,rollback,bench,527,13,0,2167,ok
13450,1789699292035108,0,rollback,bench,803,16,0,2167,ok
13454,1789699292035660,0,rollback,bench,295,14,0,2169,ok
13454,1789699292035661,0,rollback,bench,703,6,0,2169,ok
13491,1789699292054752,0,rollback,bench,885,8,0,2180,ok
13491,1789699292054753,0,rollback,bench,396,12,0,2180,ok
13491,1789699292054753,0,rollback,bench,189,16,0,2180,ok
13494,1789699292054760,0,rollback,bench,493,19,0,2181,ok
13494,1789699292054761,0,rollback,bench,674,15,0,2181,ok
13494,1789699292054761,0,rollback,bench,234,13,0,2181,ok
13498,1789699292055240,0,rollback,bench,458,13,0,2183,ok
13498,1789699292055242,0,rollback,bench,924,10,0,2183,ok
13500,1789699292055264,0,rollback,bench,650,9,0,2184,ok
13500,1789699292055265,0,rollback,bench,142,10,0,2184,ok
13500,1789699292055265,0,rollback,bench,667,11,0,2184,ok
13507,1789699292057078,0,rollback,bench,11,11,0,2186,ok
13507,1789699292057079,0,rollback,bench,186,14,0,2186,ok
13507,1789699292057079,0,rollback,bench,148,14,0,2186,ok
13507,1789699292057079,0,rollback,bench,95,9,0,2186,ok
13507,1789699292057080,0,rollback,bench,682,13,0,2186,ok
13534,1789699292065943,0,rollback,bench,527,13,0,2193,ok
13561,1789699292076369,0,rollback,bench,358,15,0,2203,ok
13561,1789699292076369,0,rollback,bench,654,21,0,2203,ok
13561,1789699292076370,0,rollback,bench,416,18,0,2203,ok
13564,1789699292076372,0,rollback,bench,120,13,0,2204,ok
13569,1789699292077730,0,rollback,bench,202,11,0,2206,ok
13569,1789699292077730,0,rollback,bench,675,13,0,2206,ok
13571,1789699292077733,0,rollback,bench,986,8,0,2207,ok
13601,1789699292089084,0,rollback,bench,307,14,0,2217,ok
13638,1789699292108060,0,rollback,bench,105,16,0,2229,ok
13638,1789699292108061,0,rollback,bench,789,14,0,2229,ok
13666,1789699292119189,0,rollback,bench,918,15,0,2240,ok
13666,1789699292119190,0,rollback,bench,960,11,0,2240,ok
13666,1789699292119190,0,rollback,bench,965,18,0,2240,ok
13666,1789699292119191,0,rollback,bench,24,14,0,2240,ok
13666,1789699292119191,0,rollback,bench,405,12,0,2240,ok
13677,1789699292121413,0,rollback,bench,768,12,0,2243,ok
13677,1789699292121414,0,rollback,bench,308,10,0,2243,ok
13684,1789699292123324,0,rollback,bench,348,16,0,2245,ok
13684,1789699292123324,0,rollback,bench,168,17,0,2245,ok
13684,1789699292123325,0,rollback,bench,946,9,0,2245,ok
13690,1789699292124471,0,rollback,bench,607,11,0,2248,ok
13690,1789699292124472,0,rollback,bench,155,18,0,2248,ok
13690,1789699292124472,0,rollback,bench,269,8,0,2248,ok
13710,1789699292131069,0,rollback,bench,180,12,0,2255,ok
13722,1789699292135727,0,rollback,bench,975,12,0,2260,ok
13722,1789699292135728,0,rollback,bench,782,12,0,2260,ok
13734,1789699292139924,0,rollback,bench,870,6,0,2265,ok
13734,1789699292139925,0,rollback,bench,707,13,0,2265,ok
13734,1789699292139925,0,rollback,bench,414,7,0,2265,ok
13756,1789699292147387,0,rollback,bench,133,14,0,2271,ok
13756,1789699292147388,0,rollback,bench,126,13,0,2271,ok
13756,1789699292147388,0,rollback,bench,184,16,0,2271,ok
13769,1789699292151327,0,rollback,bench,388,12,0,2274,ok
13769,1789699292151328,0,rollback,bench,996,7,0,2274,ok
13769,1789699292151329,0,rollback,bench,450,14,0,2274,ok
13769,1789699292151329,0,rollback,bench,286,8,0,2274,ok
13769,1789699292151330,0,rollback,bench,236,17,0,2274,ok
13779,1789699292153394,0,rollback,bench,108,19,0,2277,ok
13779,1789699292153395,0,rollback,bench,648,16,0,2277,ok
13779,1789699292153395,0,rollback,bench,37,4,0,2277,ok
13787,1789699292155341,0,rollback,bench,255,10,0,2281,ok
13787,1789699292155342,0,rollback,bench,75,11,0,2281,ok
13787,1789699292155343,0,rollback,bench,391,15,0,2281,ok
13787,1789699292155343,0,rollback,bench,761,11,0,2281,ok
13787,1789699292155343,0,rollback,bench,414,7,0,2281,ok
13792,1789699292155357,0,rollback,bench,797,8,0,2282,ok
13792,1789699292155357,0,rollback,bench,724,7,0,2282,ok
13792,1789699292155358,0,rollback,bench,336,10,0,2282,ok
13792,1789699292155358,0,rollback,bench,62,14,0,2282,ok
13792,1789699292155358,0,rollback,bench,648,16,0,2282,ok
13821,1789699292165153,0,rollback,bench,803,16,0,2290,ok
13821,1789699292165154,0,rollback,bench,640,11,0,2290,ok
13821,1789699292165154,0,rollback,bench,795,13,0,2290,ok
13821,1789699292165155,0,rollback,bench,545,14,0,2290,ok
13821,1789699292165155,0,rollback,bench,886,8,0,2290,ok
13861,1789699292179301,0,rollback,bench,816,10,0,2305,ok
13861,1789699292179302,0,rollback,bench,364,10,0,2305,ok
13866,1789699292180533,0,rollback,bench,222,17,0,2307,ok
13927,1789699292204720,0,rollback,bench,61,10,0,2326,ok
13927,1789699292204721,0,rollback,bench,189,16,0,2326,ok
13927,1789699292204722,0,rollback,bench,311,16,0,2326,ok
13927,1789699292204722,0,rollback,bench,197,9,0,2326,ok
13952,1789699292213301,0,rollback,bench,896,13,0,2335,ok
13952,1789699292213302,0,rollback,bench,105,16,0,2335,ok
13952,1789699292213302,0,rollback,bench,978,15,0,2335,ok
13952,1789699292213303,0,rollback,bench,724,7,0,2335,ok
13970,1789699292219055,0,rollback,bench,737,15,0,2341,ok
13974,1789699292220172,0,rollback,bench,348,16,0,2343,ok
13974,1789699292220173,0,rollback,bench,91,11,0,2343,ok
13974,1789699292220174,0,rollback,bench,737,15,0,2343,ok
13974,1789699292220174,0,rollback,bench,829,13,0,2343,ok
13978,1789699292220182,0,rollback,bench,601,9,0,2344,ok
13978,1789699292220182,0,rollback,bench,476,11,0,2344,ok
13978,1789699292220183,0,rollback,bench,664,12,0,2344,ok
13993,1789699292224514,0,rollback,bench,619,9,0,2348,ok
13993,1789699292224515,0,rollback,bench,391,16,0,2348,ok
13993,1789699292224516,0,rollback,bench,278,20,0,2348,ok
14019,1789699292233092,0,rollback,bench,413,17,0,2355,ok
14019,1789699292233093,0,rollback,bench,812,16,0,2355,ok
14019,1789699292233094,0,rollback,bench,667,11,0,2355,ok
14019,1789699292233094,0,rollback,bench,772,17,0,2355,ok
14032,1789699292236583,0,rollback,bench,745,12,0,2360,ok
14032,1789699292236584,0,rollback,bench,191,16,0,2360,ok
14032,1789699292236585,0,rollback,bench,978,16,0,2360,ok
14053,1789699292243789,0,rollback,bench,648,16,0,2367,ok
14054,1789699292243795,0,rollback,bench,66,14,0,2368,ok
14054,1789699292243795,0,rollback,bench,903,7,0,2368,ok
14062,1789699292246219,0,rollback,bench,601,9,0,2373,ok
14062,1789699292246220,0,rollback,bench,63,20,0,2373,ok
14062,1789699292246220,0,rollback,bench,670,13,0,2373,ok
14062,1789699292246220,0,rollback,bench,164,20,0,2373,ok
14062,1789699292246221,0,rollback,bench,919,10,0,2373,ok
14076,1789699292249842,0,rollback,bench,654,21,0,2378,ok
14076,1789699292249843,0,rollback,bench,743,19,0,2378,ok
14076,1789699292249843,0,rollback,bench,574,15,0,2378,ok
14076,1789699292249844,0,rollback,bench,391,16,0,2378,ok
14076,1789699292249844,0,rollback,bench,701,16,0,2378,ok
14086,1789699292251811,0,rollback,bench,50,14,0,2381,ok
14086,1789699292251812,0,rollback,bench,302,11,0,2381,ok
14100,1789699292256887,0,rollback,bench,732,13,0,2387,ok
14100,1789699292256888,0,rollback,bench,286,8,0,2387,ok
14102,1789699292256891,0,rollback,bench,150,13,0,2388,ok
14111,1789699292260176,0,rollback,bench,651,12,0,2392,ok
14114,1789699292261032,0,rollback,bench,224,17,0,2394,ok
14114,1789699292261033,0,rollback,bench,546,4,0,2394,ok
14138,1789699292269488,0,rollback,bench,115,19,0,2402,ok
14138,1789699292269489,0,rollback,bench,680,18,0,2402,ok
14138,1789699292269489,0,rollback,bench,296,13,0,2402,ok
14144,1789699292271188,0,rollback,bench,643,9,0,2404,ok
14144,1789699292271189,0,rollback,bench,397,8,0,2404,ok
14144,1789699292271190,0,rollback,bench,678,11,0,2404,ok
14186,1789699292285606,0,rollback,bench,434,8,0,2417,ok
14186,1789699292285607,0,rollback,bench,788,14,0,2417,ok
14186,1789699292285608,0,rollback,bench,932,12,0,2417,ok
14189,1789699292285612,0,rollback,bench,41,10,0,2418,ok
14189,1789699292285612,0,rollback,bench,175,18,0,2418,ok
14220,1789699292296720,0,rollback,bench,708,9,0,2429,ok
14220,1789699292296721,0,rollback,bench,437,10,0,2429,ok
14234,1789699292300966,0,rollback,bench,344,17,0,2434,ok
14234,1789699292300967,0,rollback,bench,51,20,0,2434,ok
14234,1789699292300968,0,rollback,bench,155,18,0,2434,ok
14234,1789699292300968,0,rollback,bench,857,13,0,2434,ok
14242,1789699292302328,0,rollback,bench,901,6,0,2436,ok
14242,1789699292302328,0,rollback,bench,436,17,0,2436,ok
14242,1789699292302329,0,rollback,bench,666,14,0,2436,ok
14242,1789699292302329,0,rollback,bench,751,13,0,2436,ok
14242,1789699292302329,0,rollback,bench,766,5,0,2436,ok
14253,1789699292304565,0,rollback,bench,469,10,0,2439,ok
14254,1789699292304580,0,rollback,bench,616,15,0,2440,ok
14254,1789699292304581,0,rollback,bench,295,15,0,2440,ok
14254,1789699292304581,0,rollback,bench,250,10,0,2440,ok
14254,1789699292304581,0,rollback,bench,208,7,0,2440,ok
14265,1789699292307417,0,rollback,bench,895,11,0,2443,ok
14265,1789699292307418,0,rollback,bench,782,12,0,2443,ok
14265,1789699292307418,0,rollback,bench,416,18,0,2443,ok
14268,1789699292307421,0,rollback,bench,922,18,0,2444,ok
14269,1789699292307425,0,rollback,bench,567,11,0,2445,ok
14269,1789699292307425,0,rollback,bench,137,10,0,2445,ok
14286,1789699292312763,0,rollback,bench,413,17,0,2451,ok
14287,1789699292312785,0,rollback,bench,530,8,0,2452,ok
14287,1789699292312786,0,rollback,bench,159,14,0,2452,ok
14287,1789699292312786,0,rollback,bench,287,11,0,2452,ok
14287,1789699292312786,0,rollback,bench,71,11,0,2452,ok
14287,1789699292312787,0,rollback,bench,854,8,0,2452,ok
14295,1789699292313854,0,rollback,bench,148,15,0,2454,ok
14295,1789699292313855,0,rollback,bench,836,8,0,2454,ok
14295,1789699292313855,0,rollback,bench,927,10,0,2454,ok
14295,1789699292313856,0,rollback,bench,300,9,0,2454,ok
14295,1789699292313856,0,rollback,bench,522,18,0,2454,ok
14312,1789699292317960,0,rollback,bench,475,10,0,2460,ok
14312,1789699292317961,0,rollback,bench,214,13,0,2460,ok
14312,1789699292317962,0,rollback,bench,84,12,0,2460,ok
14312,1789699292317962,0,rollback,bench,478,10,0,2460,ok
14312,1789699292317962,0,rollback,bench,886,9,0,2460,ok
14323,1789699292320154,0,rollback,bench,969,19,0,2463,ok
14323,1789699292320155,0,rollback,bench,915,12,0,2463,ok
14323,1789699292320155,0,rollback,bench,292,12,0,2463,ok
14332,1789699292322412,0,rollback,bench,657,10,0,2467,ok
14332,1789699292322413,0,rollback,bench,781,17,0,2467,ok
14332,1789699292322414,0,rollback,bench,580,14,0,2467,ok
14348,1789699292327399,0,rollback,bench,467,14,0,2472,ok
14348,1789699292327400,0,rollback,bench,720,13,0,2472,ok
14348,1789699292327400,0,rollback,bench,418,14,0,2472,ok
14348,1789699292327401,0,rollback,bench,66,14,0,2472,ok
14348,1789699292327401,0,rollback,bench,441,15,0,2472,ok
14367,1789699292351277,0,rollback,bench,612,8,0,2478,ok
14367,1789699292351278,0,rollback,bench,88,14,0,2478,ok
14367,1789699292351279,0,rollback,bench,307,14,0,2478,ok
14367,1789699292351279,0,rollback,bench,370,13,0,2478,ok
14367,1789699292351288,0,rollback,bench,226,14,0,2478,ok
14374,1789699292352438,0,rollback,bench,130,9,0,2480,ok
14374,1789699292352439,0,rollback,bench,133,14,0,2480,ok
14374,1789699292352440,0,rollback,bench,61,11,0,2480,ok
14374,1789699292352440,0,rollback,bench,281,11,0,2480,ok
14379,1789699292352952,0,rollback,bench,698,5,0,2482,ok
14379,1789699292352953,0,rollback,bench,36,7,0,2482,ok
14381,1789699292352958,0,rollback,bench,349,12,0,2483,ok
14381,1789699292352958,0,rollback,bench,275,8,0,2483,ok
14383,1789699292352962,0,rollback,bench,70,9,0,2484,ok
14383,1789699292352962,0,rollback,bench,815,11,0,2484,ok
14411,1789699292364517,0,rollback,bench,832,11,0,2492,ok
14416,1789699292366233,0,rollback,bench,485,12,0,2495,ok
14416,1789699292366234,0,rollback,bench,882,6,0,2495,ok
14416,1789699292366234,0,rollback,bench,139,17,0,2495,ok
14451,1789699292380689,0,rollback,bench,17,9,0,2507,ok
14452,1789699292380719,0,rollback,bench,158,10,0,2508,ok
14452,1789699292380719,0,rollback,bench,628,13,0,2508,ok
14452,1789699292380720,0,rollback,bench,999,7,0,2508,ok
14452,1789699292380720,0,rollback,bench,998,17,0,2508,ok
14452,1789699292380721,0,rollback,bench,203,9,0,2508,ok
14497,1789699292402384,0,rollback,bench,188,18,0,2528,ok
14497,1789699292402385,0,rollback,bench,250,10,0,2528,ok
14497,1789699292402386,0,rollback,bench,640,11,0,2528,ok
14500,1789699292402393,0,rollback,bench,133,14,0,2529,ok
14500,1789699292402394,0,rollback,bench,729,13,0,2529,ok
14500,1789699292402394,0,rollback,bench,933,12,0,2529,ok
14521,1789699292410274,0,rollback,bench,307,14,0,2535,ok
14521,1789699292410275,0,rollback,bench,734,13,0,2535,ok
14521,1789699292410275,0,rollback,bench,148,16,0,2535,ok
14521,1789699292410276,0,rollback,bench,479,12,0,2535,ok
14521,1789699292410276,0,rollback,bench,473,11,0,2535,ok
14533,1789699292413149,0,rollback,bench,230,12,0,2538,ok
14533,1789699292413150,0,rollback,bench,255,11,0,2538,ok
14559,1789699292423098,0,rollback,bench,348,17,0,2546,ok
14559,1789699292423098,0,rollback,bench,828,11,0,2546,ok
14568,1789699292425647,0,rollback,bench,695,17,0,2549,ok
14568,1789699292425648,0,rollback,bench,561,10,0,2549,ok
14568,1789699292425649,0,rollback,bench,92,11,0,2549,ok
14568,1789699292425649,0,rollback,bench,837,7,0,2549,ok
14568,1789699292425649,0,rollback,bench,143,8,0,2549,ok
14586,1789699292431567,0,rollback,bench,443,13,0,2555,ok
14586,1789699292431568,0,rollback,bench,406,15,0,2555,ok
14586,1789699292431569,0,rollback,bench,709,15,0,2555,ok
14586,1789699292431569,0,rollback,bench,737,15,0,2555,ok
14599,1789699292435319,0,rollback,bench,342,9,0,2560,ok
14609,1789699292439134,0,rollback,bench,212,13,0,2565,ok
14609,1789699292439135,0,rollback,bench,490,9,0,2565,ok
14609,1789699292439136,0,rollback,bench,298,9,0,2565,ok
14609,1789699292439136,0,rollback,bench,545,14,0,2565,ok
14609,1789699292439136,0,rollback,bench,842,7,0,2565,ok
14629,1789699292445795,0,rollback,bench,282,12,0,2570,ok
14630,1789699292445814,0,rollback,bench,578,14,0,2571,ok
14630,1789699292445814,0,rollback,bench,316,11,0,2571,ok
14630,1789699292445815,0,rollback,bench,626,12,0,2571,ok
14633,1789699292445826,0,rollback,bench,648,16,0,2572,ok
14633,1789699292445827,0,rollback,bench,160,10,0,2572,ok
14633,1789699292445828,0,rollback,bench,323,14,0,2572,ok
14633,1789699292445828,0,rollback,bench,130,11,0,2572,ok
14651,1789699292451295,0,rollback,bench,11,12,0,2577,ok
14651,1789699292451296,0,rollback,bench,421,17,0,2577,ok
14663,1789699292455311,0,rollback,bench,513,17,0,2580,ok
14663,1789699292455312,0,rollback,bench,211,13,0,2580,ok
14663,1789699292455313,0,rollback,bench,107,11,0,2580,ok
14663,1789699292455313,0,rollback,bench,772,19,0,2580,ok
14669,1789699292456065,0,rollback,bench,106,11,0,2582,ok
14669,1789699292456066,0,rollback,bench,957,9,0,2582,ok
14669,1789699292456067,0,rollback,bench,959,10,0,2582,ok
14669,1789699292456067,0,rollback,bench,625,11,0,2582,ok
14675,1789699292456942,0,rollback,bench,984,26,0,2584,ok
14675,1789699292456943,0,rollback,bench,361,12,0,2584,ok
14675,1789699292456943,0,rollback,bench,752,11,0,2584,ok
14675,1789699292456944,0,rollback,bench,625,11,0,2584,ok
14675,1789699292456944,0,rollback,bench,575,19,0,2584,ok
14698,1789699292464658,0,rollback,bench,159,14,0,2590,ok
14698,1789699292464660,0,rollback,bench,730,13,0,2590,ok
14698,1789699292464660,0,rollback,bench,899,15,0,2590,ok
14698,1789699292464660,0,rollback,bench,4,15,0,2590,ok
14705,1789699292465778,0,rollback,bench,125,10,0,2592,ok
14705,1789699292465779,0,rollback,bench,200,16,0,2592,ok
14705,1789699292465779,0,rollback,bench,281,11,0,2592,ok
14705,1789699292465779,0,rollback,bench,459,18,0,2592,ok
14705,1789699292465780,0,rollback,bench,136,12,0,2592,ok
14739,1789699292477320,0,rollback,bench,807,16,0,2603,ok
14739,1789699292477321,0,rollback,bench,822,14,0,2603,ok
14744,1789699292478479,0,rollback,bench,123,13,0,2605,ok
14745,1789699292478497,0,rollback,bench,414,8,0,2606,ok
14745,1789699292478498,0,rollback,bench,764,16,0,2606,ok
14745,1789699292478498,0,rollback,bench,258,15,0,2606,ok
14748,1789699292478504,0,rollback,bench,229,14,0,2607,ok
14748,1789699292478505,0,rollback,bench,553,12,0,2607,ok
14748,1789699292478505,0,rollback,bench,634,7,0,2607,ok
14767,1789699292487102,0,rollback,bench,855,12,0,2613,ok
14767,1789699292487103,0,rollback,bench,989,10,0,2613,ok
14767,1789699292487104,0,rollback,bench,913,9,0,2613,ok
14767,1789699292487105,0,rollback,bench,455,10,0,2613,ok
14771,1789699292487110,0,rollback,bench,615,9,0,2614,ok
14774,1789699292488259,0,rollback,bench,867,21,0,2616,ok
14774,1789699292488260,0,rollback,bench,100,18,0,2616,ok
14780,1789699292490284,0,rollback,bench,671,9,0,2618,ok
14780,1789699292490285,0,rollback,bench,885,10,0,2618,ok
14785,1789699292492150,0,rollback,bench,74,12,0,2620,ok
14785,1789699292492151,0,rollback,bench,521,15,0,2620,ok
14785,1789699292492152,0,rollback,bench,650,9,0,2620,ok
14785,1789699292492153,0,rollback,bench,80,12,0,2620,ok
14785,1789699292492154,0,rollback,bench,512,11,0,2620,ok
14790,1789699292492163,0,rollback,bench,436,17,0,2621,ok
14790,1789699292492163,0,rollback,bench,835,18,0,2621,ok
14792,1789699292492168,0,rollback,bench,302,12,0,2622,ok
14796,1789699292493549,0,rollback,bench,408,14,0,2624,ok
14796,1789699292493550,0,rollback,bench,599,16,0,2624,ok
14796,1789699292493550,0,rollback,bench,341,14,0,2624,ok
14796,1789699292493551,0,rollback,bench,397,9,0,2624,ok
14796,1789699292493551,0,rollback,bench,216,19,0,2624,ok
14811,1789699292498155,0,rollback,bench,900,17,0,2628,ok
14811,1789699292498156,0,rollback,bench,596,15,0,2628,ok
14827,1789699292508925,0,rollback,bench,977,17,0,2634,ok
14827,1789699292508926,0,rollback,bench,847,10,0,2634,ok
14829,1789699292508931,0,rollback,bench,945,11,0,2635,ok
14829,1789699292508931,0,rollback,bench,373,13,0,2635,ok
14836,1789699292514246,0,rollback,bench,498,9,0,2637,ok
14836,1789699292514247,0,rollback,bench,691,17,0,2637,ok
14836,1789699292514248,0,rollback,bench,292,13,0,2637,ok
14836,1789699292514248,0,rollback,bench,105,19,0,2637,ok
14847,1789699292518295,0,rollback,bench,939,15,0,2640,ok
14848,1789699292518298,0,rollback,bench,599,16,0,2641,ok
14871,1789699292528530,0,rollback,bench,597,19,0,2649,ok
14871,1789699292528531,0,rollback,bench,154,14,0,2649,ok
14871,1789699292528532,0,rollback,bench,46,14,0,2649,ok
14871,1789699292528532,0,rollback,bench,434,8,0,2649,ok
14871,1789699292528533,0,rollback,bench,835,18,0,2649,ok
14898,1789699292537211,0,rollback,bench,780,11,0,2657,ok
14898,1789699292537212,0,rollback,bench,792,14,0,2657,ok
14898,1789699292537212,0,rollback,bench,709,15,0,2657,ok
14898,1789699292537212,0,rollback,bench,853,8,0,2657,ok
14906,1789699292538771,0,rollback,bench,676,9,0,2659,ok
14906,1789699292538772,0,rollback,bench,249,10,0,2659,ok
14906,1789699292538773,0,rollback,bench,653,17,0,2659,ok
14906,1789699292538773,0,rollback,bench,941,13,0,2659,ok
14906,1789699292538773,0,rollback,bench,324,13,0,2659,ok
14916,1789699292540557,0,rollback,bench,552,10,0,2661,ok
14916,1789699292540558,0,rollback,bench,837,7,0,2661,ok
14916,1789699292540559,0,rollback,bench,621,12,0,2661,ok
14919,1789699292540561,0,rollback,bench,705,15,0,2662,ok
14930,1789699292544023,0,rollback,bench,891,17,0,2666,ok
14930,1789699292544024,0,rollback,bench,541,8,0,2666,ok
14930,1789699292544024,0,rollback,bench,28,14,0,2666,ok
14930,1789699292544025,0,rollback,bench,965,18,0,2666,ok
14930,1789699292544025,0,rollback,bench,922,18,0,2666,ok
14944,1789699292547382,0,rollback,bench,525,10,0,2670,ok
14944,1789699292547382,0,rollback,bench,978,16,0,2670,ok
14944,1789699292547383,0,rollback,bench,396,12,0,2670,ok
14944,1789699292547383,0,rollback,bench,429,9,0,2670,ok
14969,1789699292556731,0,rollback,bench,817,13,0,2678,ok
14978,1789699292559987,0,rollback,bench,880,9,0,2682,ok
14978,1789699292559988,0,rollback,bench,159,14,0,2682,ok
14978,1789699292559989,0,rollback,bench,574,15,0,2682,ok
14978,1789699292559989,0,rollback,bench,845,12,0,2682,ok
14983,1789699292560337,0,rollback,bench,414,8,0,2684,ok
14983,1789699292560338,0,rollback,bench,772,19,0,2684,ok
14983,1789699292560338,0,rollback,bench,309,8,0,2684,ok
14983,1789699292560339,0,rollback,bench,978,16,0,2684,ok
14983,1789699292560339,0,rollback,bench,606,13,0,2684,ok
15007,1789699292567431,0,rollback,bench,61,11,0,2691,ok
15012,1789699292569315,0,rollback,bench,970,10,0,2695,ok
15015,1789699292570066,0,rollback,bench,835,18,0,2697,ok
15015,1789699292570067,0,rollback,bench,753,11,0,2697,ok
15015,1789699292570067,0,rollback,bench,416,19,0,2697,ok
15015,1789699292570067,0,rollback,bench,798,11,0,2697,ok
15042,1789699292580307,0,rollback,bench,68,15,0,2706,ok
15042,1789699292580308,0,rollback,bench,971,11,0,2706,ok
15042,1789699292580309,0,rollback,bench,585,10,0,2706,ok
15042,1789699292580309,0,rollback,bench,793,7,0,2706,ok
15042,1789699292580310,0,rollback,bench,271,13,0,2706,ok
15047,1789699292580317,0,rollback,bench,971,11,0,2707,ok
15047,1789699292580317,0,rollback,bench,845,12,0,2707,ok
15047,1789699292580317,0,rollback,bench,893,15,0,2707,ok
15047,1789699292580318,0,rollback,bench,594,14,0,2707,ok
15058,1789699292583244,0,rollback,bench,74,12,0,2711,ok
15058,1789699292583245,0,rollback,bench,505,17,0,2711,ok
15070,1789699292586925,0,rollback,bench,743,20,0,2716,ok
15070,1789699292586926,0,rollback,bench,397,9,0,2716,ok
15070,1789699292586927,0,rollback,bench,616,16,0,2716,ok
15079,1789699292589081,0,rollback,bench,274,14,0,2719,ok
15079,1789699292589082,0,rollback,bench,589,10,0,2719,ok
15079,1789699292589083,0,rollback,bench,616,16,0,2719,ok
15079,1789699292589083,0,rollback,bench,281,11,0,2719,ok
15095,1789699292593522,0,rollback,bench,618,16,0,2725,ok
15095,1789699292593523,0,rollback,bench,376,19,0,2725,ok
15095,1789699292593523,0,rollback,bench,444,11,0,2725,ok
15095,1789699292593524,0,rollback,bench,665,13,0,2725,ok
15115,1789699292599807,0,rollback,bench,946,11,0,2732,ok
15125,1789699292608659,0,rollback,bench,514,13,0,2736,ok
15135,1789699292612370,0,rollback,bench,149,11,0,2740,ok
15135,1789699292612371,0,rollback,bench,436,17,0,2740,ok
15135,1789699292612372,0,rollback,bench,15,14,0,2740,ok
15135,1789699292612372,0,rollback,bench,668,12,0,2740,ok
15141,1789699292613184,0,rollback,bench,633,15,0,2742,ok
15141,1789699292613185,0,rollback,bench,804,15,0,2742,ok
15141,1789699292613186,0,rollback,bench,426,15,0,2742,ok
15152,1789699292615954,0,rollback,bench,893,15,0,2746,ok
15152,1789699292615955,0,rollback,bench,590,18,0,2746,ok
15152,1789699292615955,0,rollback,bench,285,13,0,2746,ok
15152,1789699292615955,0,rollback,bench,415,7,0,2746,ok
15152,1789699292615956,0,rollback,bench,721,13,0,2746,ok
15171,1789699292621418,0,rollback,bench,839,13,0,2752,ok
15171,1789699292621419,0,rollback,bench,34,14,0,2752,ok
15171,1789699292621420,0,rollback,bench,491,16,0,2752,ok
15200,1789699292632399,0,rollback,bench,972,11,0,2763,ok
15201,1789699292632402,0,rollback,bench,98,18,0,2764,ok
15202,1789699292632405,0,rollback,bench,699,15,0,2765,ok
15217,1789699292637943,0,rollback,bench,195,13,0,2771,ok
15225,1789699292640691,0,rollback,bench,560,11,0,2774,ok
15231,1789699292642823,0,rollback,bench,215,9,0,2776,ok
15231,1789699292642824,0,rollback,bench,450,16,0,2776,ok
15231,1789699292642824,0,rollback,bench,79,13,0,2776,ok
15231,1789699292642825,0,rollback,bench,681,18,0,2776,ok
15235,1789699292642829,0,rollback,bench,46,14,0,2777,ok
15235,1789699292642829,0,rollback,bench,80,12,0,2777,ok
15250,1789699292648296,0,rollback,bench,828,11,0,2784,ok
15250,1789699292648297,0,rollback,bench,40,16,0,2784,ok
15250,1789699292648298,0,rollback,bench,811,12,0,2784,ok
15250,1789699292648298,0,rollback,bench,986,8,0,2784,ok
15263,1789699292651441,0,rollback,bench,681,18,0,2789,ok
15263,1789699292651442,0,rollback,bench,958,15,0,2789,ok
15263,1789699292651442,0,rollback,bench,187,10,0,2789,ok
15263,1789699292651443,0,rollback,bench,414,8,0,2789,ok
15278,1789699292655892,0,rollback,bench,985,17,0,2793,ok
15278,1789699292655893,0,rollback,bench,524,8,0,2793,ok
15278,1789699292655893,0,rollback,bench,591,12,0,2793,ok
15278,1789699292655893,0,rollback,bench,539,19,0,2793,ok
15295,1789699292660587,0,rollback,bench,171,13,0,2798,ok
15295,1789699292660588,0,rollback,bench,618,16,0,2798,ok
15295,1789699292660588,0,rollback,bench,939,15,0,2798,ok
15295,1789699292660588,0,rollback,bench,279,15,0,2798,ok
15304,1789699292662645,0,rollback,bench,107,11,0,2801,ok
15314,1789699292665828,0,rollback,bench,54,15,0,2806,ok
15314,1789699292665829,0,rollback,bench,773,15,0,2806,ok
15314,1789699292665830,0,rollback,bench,507,8,0,2806,ok
15314,1789699292665830,0,rollback,bench,870,7,0,2806,ok
15314,1789699292665831,0,rollback,bench,841,13,0,2806,ok
15319,1789699292665834,0,rollback,bench,989,10,0,2807,ok
15319,1789699292665835,0,rollback,bench,264,15,0,2807,ok
15325,1789699292667222,0,rollback,bench,235,16,0,2809,ok
15326,1789699292667225,0,rollback,bench,571,16,0,2810,ok
15335,1789699292670151,0,rollback,bench,451,7,0,2815,ok
15335,1789699292670152,0,rollback,bench,173,14,0,2815,ok
15335,1789699292670153,0,rollback,bench,263,14,0,2815,ok
15335,1789699292670153,0,rollback,bench,380,16,0,2815,ok
15339,1789699292670160,0,rollback,bench,510,10,0,2816,ok
15339,1789699292670160,0,rollback,bench,550,12,0,2816,ok
15339,1789699292670161,0,rollback,bench,948,10,0,2816,ok
15346,1789699292671583,0,rollback,bench,836,9,0,2819,ok
15346,1789699292671584,0,rollback,bench,545,16,0,2819,ok
15346,1789699292671584,0,rollback,bench,677,13,0,2819,ok
15346,1789699292671585,0,rollback,bench,109,14,0,2819,ok
15346,1789699292671585,0,rollback,bench,592,13,0,2819,ok
15373,1789699292680241,0,rollback,bench,268,16,0,2827,ok
15373,1789699292680242,0,rollback,bench,768,17,0,2827,ok
15373,1789699292680243,0,rollback,bench,850,15,0,2827,ok
15406,1789699292691219,0,rollback,bench,565,11,0,2837,ok
15406,1789699292691220,0,rollback,bench,948,10,0,2837,ok
15406,1789699292691220,0,rollback,bench,629,13,0,2837,ok
15419,1789699292694864,0,rollback,bench,299,9,0,2842,ok
15419,1789699292694865,0,rollback,bench,805,16,0,2842,ok
15419,1789699292694866,0,rollback,bench,26,14,0,2842,ok
15439,1789699292701100,0,rollback,bench,500,9,0,2851,ok
15439,1789699292701101,0,rollback,bench,495,14,0,2851,ok
15439,1789699292701102,0,rollback,bench,318,10,0,2851,ok
15439,1789699292701102,0,rollback,bench,791,10,0,2851,ok
15439,1789699292701102,0,rollback,bench,529,17,0,2851,ok
15452,1789699292704514,0,rollback,bench,299,9,0,2854,ok
15452,1789699292704515,0,rollback,bench,368,9,0,2854,ok
15460,1789699292706658,0,rollback,bench,301,10,0,2857,ok
15460,1789699292706659,0,rollback,bench,937,16,0,2857,ok
15460,1789699292706660,0,rollback,bench,169,15,0,2857,ok
15460,1789699292706660,0,rollback,bench,510,10,0,2857,ok
15460,1789699292706660,0,rollback,bench,67,12,0,2857,ok
15478,1789699292711028,0,rollback,bench,436,17,0,2861,ok
15478,1789699292711029,0,rollback,bench,430,15,0,2861,ok
15478,1789699292711029,0,rollback,bench,214,15,0,2861,ok
15478,1789699292711030,0,rollback,bench,445,10,0,2861,ok
15486,1789699292712403,0,rollback,bench,114,13,0,2863,ok
15486,1789699292712404,0,rollback,bench,573,13,0,2863,ok
15486,1789699292712404,0,rollback,bench,358,16,0,2863,ok
15486,1789699292712404,0,rollback,bench,453,9,0,2863,ok
15518,1789699292722698,0,rollback,bench,996,9,0,2874,ok
15518,1789699292722699,0,rollback,bench,444,12,0,2874,ok
15530,1789699292725932,0,rollback,bench,998,17,0,2878,ok
15530,1789699292725933,0,rollback,bench,453,9,0,2878,ok
15530,1789699292725934,0,rollback,bench,771,16,0,2878,ok
15538,1789699292727570,0,rollback,bench,120,13,0,2880,ok
15538,1789699292727571,0,rollback,bench,162,11,0,2880,ok
15541,1789699292727970,0,rollback,bench,558,12,0,2882,ok
15541,1789699292727971,0,rollback,bench,566,13,0,2882,ok
15541,1789699292727971,0,rollback,bench,19,12,0,2882,ok
15541,1789699292727971,0,rollback,bench,724,8,0,2882,ok
15541,1789699292727972,0,rollback,bench,27,12,0,2882,ok
15568,1789699292735928,0,rollback,bench,270,18,0,2892,ok
15568,1789699292735929,0,rollback,bench,514,13,0,2892,ok
15568,1789699292735930,0,rollback,bench,534,15,0,2892,ok
15568,1789699292735930,0,rollback,bench,607,13,0,2892,ok
15568,1789699292735931,0,rollback,bench,986,8,0,2892,ok
15573,1789699292735942,0,rollback,bench,286,9,0,2893,ok
15573,1789699292735943,0,rollback,bench,31,19,0,2893,ok
15573,1789699292735943,0,rollback,bench,274,14,0,2893,ok
15573,1789699292735943,0,rollback,bench,607,13,0,2893,ok
15573,1789699292735944,0,rollback,bench,487,9,0,2893,ok
15578,1789699292735955,0,rollback,bench,634,8,0,2894,ok
15578,1789699292735955,0,rollback,bench,924,10,0,2894,ok
15578,1789699292735956,0,rollback,bench,144,15,0,2894,ok
15578,1789699292735956,0,rollback,bench,23,13,0,2894,ok
15578,1789699292735956,0,rollback,bench,848,9,0,2894,ok
15583,1789699292735958,0,rollback,bench,756,15,0,2895,ok
15593,1789699292739434,0,rollback,bench,549,14,0,2899,ok
15593,1789699292739435,0,rollback,bench,592,13,0,2899,ok
15593,1789699292739435,0,rollback,bench,136,13,0,2899,ok
15626,1789699292749436,0,rollback,bench,428,19,0,2910,ok
15626,1789699292749437,0,rollback,bench,956,12,0,2910,ok
15626,1789699292749438,0,rollback,bench,955,13,0,2910,ok
15638,1789699292752886,0,rollback,bench,708,11,0,2914,ok
15638,1789699292752887,0,rollback,bench,921,13,0,2914,ok
15638,1789699292752888,0,rollback,bench,203,9,0,2914,ok
15642,1789699292753198,0,rollback,bench,882,7,0,2916,ok
15642,1789699292753198,0,rollback,bench,905,9,0,2916,ok
15644,1789699292753202,0,rollback,bench,566,13,0,2917,ok
15644,1789699292753203,0,rollback,bench,271,13,0,2917,ok
15648,1789699292753880,0,rollback,bench,399,15,0,2919,ok
15648,1789699292753881,0,rollback,bench,531,11,0,2919,ok
15648,1789699292753881,0,rollback,bench,718,18,0,2919,ok
15658,1789699292756221,0,rollback,bench,862,12,0,2923,ok
15658,1789699292756222,0,rollback,bench,547,9,0,2923,ok
15658,1789699292756223,0,rollback,bench,234,14,0,2923,ok
15658,1789699292756223,0,rollback,bench,0,9,0,2923,ok
15662,1789699292756231,0,rollback,bench,999,8,0,2924,ok
15662,1789699292756232,0,rollback,bench,422,10,0,2924,ok
15662,1789699292756232,0,rollback,bench,932,12,0,2924,ok
15662,1789699292756232,0,rollback,bench,346,14,0,2924,ok
15671,1789699292758033,0,rollback,bench,425,9,0,2928,ok
15671,1789699292758034,0,rollback,bench,75,11,0,2928,ok
15671,1789699292758034,0,rollback,bench,513,18,0,2928,ok
15671,1789699292758034,0,rollback,bench,840,15,0,2928,ok
15671,1789699292758034,0,rollback,bench,483,18,0,2928,ok
15678,1789699292758713,0,rollback,bench,870,7,0,2930,ok
15678,1789699292758714,0,rollback,bench,819,13,0,2930,ok
15678,1789699292758715,0,rollback,bench,986,8,0,2930,ok
15678,1789699292758715,0,rollback,bench,810,16,0,2930,ok
15682,1789699292758721,0,rollback,bench,323,15,0,2931,ok
15682,1789699292758721,0,rollback,bench,212,14,0,2931,ok
15682,1789699292758722,0,rollback,bench,300,12,0,2931,ok
15685,1789699292758727,0,rollback,bench,306,10,0,2932,ok
15685,1789699292758728,0,rollback,bench,73,17,0,2932,ok
15685,1789699292758728,0,rollback,bench,621,12,0,2932,ok
15696,1789699292761287,0,rollback,bench,146,13,0,2937,ok
15702,1789699292763170,0,rollback,bench,567,11,0,2939,ok
15709,1789699292765243,0,rollback,bench,131,13,0,2943,ok
15709,1789699292765244,0,rollback,bench,328,5,0,2943,ok
15709,1789699292765244,0,rollback,bench,646,13,0,2943,ok
15724,1789699292769391,0,rollback,bench,150,15,0,2948,ok
15724,1789699292769392,0,rollback,bench,918,17,0,2948,ok
15726,1789699292769394,0,rollback,bench,539,19,0,2949,ok
15731,1789699292770811,0,rollback,bench,939,15,0,2951,ok
15731,1789699292770812,0,rollback,bench,233,13,0,2951,ok
15731,1789699292770812,0,rollback,bench,715,14,0,2951,ok
15731,1789699292770813,0,rollback,bench,666,15,0,2951,ok
15731,1789699292770813,0,rollback,bench,237,16,0,2951,ok
15754,1789699292777442,0,rollback,bench,69,15,0,2957,ok
15754,1789699292777443,0,rollback,bench,774,16,0,2957,ok
15754,1789699292777443,0,rollback,bench,883,11,0,2957,ok
15754,1789699292777444,0,rollback,bench,947,13,0,2957,ok
15754,1789699292777444,0,rollback,bench,821,12,0,2957,ok
15759,1789699292777447,0,rollback,bench,589,10,0,2958,ok
15760,1789699292777449,0,rollback,bench,625,11,0,2959,ok
15761,1789699292777460,0,rollback,bench,388,12,0,2960,ok
15761,1789699292777460,0,rollback,bench,704,9,0,2960,ok
15761,1789699292777461,0,rollback,bench,174,17,0,2960,ok
15761,1789699292777461,0,rollback,bench,875,17,0,2960,ok
15761,1789699292777461,0,rollback,bench,52,10,0,2960,ok
15770,1789699292778887,0,rollback,bench,554,16,0,2962,ok
15770,1789699292778888,0,rollback,bench,674,19,0,2962,ok
15770,1789699292778888,0,rollback,bench,525,12,0,2962,ok
15770,1789699292778888,0,rollback,bench,150,15,0,2962,ok
15782,1789699292781790,0,rollback,bench,189,16,0,2966,ok
15782,1789699292781791,0,rollback,bench,196,17,0,2966,ok
15782,1789699292781791,0,rollback,bench,420,12,0,2966,ok
15796,1789699292786888,0,rollback,bench,62,16,0,2971,ok
15796,1789699292786889,0,rollback,bench,488,19,0,2971,ok
15796,1789699292786890,0,rollback,bench,382,13,0,2971,ok
15796,1789699292786890,0,rollback,bench,266,9,0,2971,ok
15800,1789699292786900,0,rollback,bench,755,16,0,2972,ok
15800,1789699292786900,0,rollback,bench,127,16,0,2972,ok
15800,1789699292786901,0,rollback,bench,935,13,0,2972,ok
15829,1789699292802575,0,rollback,bench,288,16,0,2984,ok
15829,1789699292802576,0,rollback,bench,381,12,0,2984,ok
15847,1789699292811117,0,rollback,bench,156,9,0,2990,ok
15847,1789699292811118,0,rollback,bench,522,19,0,2990,ok
15847,1789699292811119,0,rollback,bench,885,11,0,2990,ok
15847,1789699292811119,0,rollback,bench,29,8,0,2990,ok
15851,1789699292811126,0,rollback,bench,746,14,0,2991,ok
15851,1789699292811127,0,rollback,bench,776,12,0,2991,ok
15851,1789699292811127,0,rollback,bench,341,14,0,2991,ok
15860,1789699292814411,0,rollback,bench,308,10,0,2994,ok
15860,1789699292814413,0,rollback,bench,72,6,0,2994,ok
15860,1789699292814414,0,rollback,bench,477,8,0,2994,ok
15875,1789699292820014,0,rollback,bench,608,11,0,2998,ok
15875,1789699292820015,0,rollback,bench,851,9,0,2998,ok
15875,1789699292820015,0,rollback,bench,36,7,0,2998,ok
15878,1789699292820025,0,rollback,bench,833,11,0,2999,ok
15878,1789699292820026,0,rollback,bench,706,13,0,2999,ok
15878,1789699292820026,0,rollback,bench,202,12,0,2999,ok
15878,1789699292820026,0,rollback,bench,341,14,0,2999,ok
15878,1789699292820027,0,rollback,bench,155,19,0,2999,ok
15894,1789699292825958,0,rollback,bench,767,13,0,3004,ok
15894,1789699292825959,0,rollback,bench,97,13,0,3004,ok
15900,1789699292827935,0,rollback,bench,989,10,0,3006,ok
15900,1789699292827936,0,rollback,bench,201,11,0,3006,ok
15916,1789699292839695,0,rollback,bench,147,9,0,3012,ok
15916,1789699292839696,0,rollback,bench,184,16,0,3012,ok
15916,1789699292839696,0,rollback,bench,190,11,0,3012,ok
15916,1789699292839697,0,rollback,bench,558,12,0,3012,ok
15916,1789699292839697,0,rollback,bench,199,6,0,3012,ok
15921,1789699292839710,0,rollback,bench,956,12,0,3013,ok
15921,1789699292839710,0,rollback,bench,448,24,0,3013,ok
15921,1789699292839710,0,rollback,bench,258,16,0,3013,ok
15921,1789699292839711,0,rollback,bench,536,14,0,3013,ok
15921,1789699292839711,0,rollback,bench,270,18,0,3013,ok
15926,1789699292839716,0,rollback,bench,2,14,0,3014,ok
15926,1789699292839716,0,rollback,bench,903,7,0,3014,ok
15930,1789699292840661,0,rollback,bench,872,12,0,3016,ok
15930,1789699292840662,0,rollback,bench,904,9,0,3016,ok
15933,1789699292841027,0,rollback,bench,329,9,0,3018,ok
15933,1789699292841028,0,rollback,bench,414,8,0,3018,ok
15933,1789699292841028,0,rollback,bench,880,9,0,3018,ok
15933,1789699292841037,0,rollback,bench,494,16,0,3018,ok
15933,1789699292841037,0,rollback,bench,824,17,0,3018,ok
15938,1789699292841040,0,rollback,bench,546,5,0,3019,ok
15961,1789699292850034,0,rollback,bench,642,18,0,3027,ok
15961,1789699292850035,0,rollback,bench,631,17,0,3027,ok
15961,1789699292850036,0,rollback,bench,467,17,0,3027,ok
15961,1789699292850036,0,rollback,bench,304,11,0,3027,ok
15965,1789699292850039,0,rollback,bench,998,17,0,3028,ok
15983,1789699292857949,0,rollback,bench,174,17,0,3035,ok
15983,1789699292857950,0,rollback,bench,771,17,0,3035,ok
15983,1789699292857950,0,rollback,bench,682,13,0,3035,ok
15983,1789699292857951,0,rollback,bench,194,13,0,3035,ok
15983,1789699292857951,0,rollback,bench,46,15,0,3035,ok
16003,1789699292864950,0,rollback,bench,339,12,0,3040,ok
16003,1789699292864951,0,rollback,bench,418,16,0,3040,ok
16003,1789699292864951,0,rollback,bench,573,13,0,3040,ok
16003,1789699292864951,0,rollback,bench,264,15,0,3040,ok
16007,1789699292864954,0,rollback,bench,767,13,0,3041,ok
16032,1789699292876357,0,rollback,bench,806,20,0,3049,ok
16032,1789699292876358,0,rollback,bench,442,12,0,3049,ok
16032,1789699292876358,0,rollback,bench,121,22,0,3049,ok
16045,1789699292881006,0,rollback,bench,336,11,0,3052,ok
16050,1789699292882944,0,rollback,bench,618,17,0,3055,ok
16050,1789699292882945,0,rollback,bench,483,18,0,3055,ok
16050,1789699292882945,0,rollback,bench,28,15,0,3055,ok
16053,1789699292882948,0,rollback,bench,972,11,0,3056,ok
16071,1789699292891274,0,rollback,bench,781,21,0,3061,ok
16071,1789699292891275,0,rollback,bench,220,16,0,3061,ok
16076,1789699292892654,0,rollback,bench,612,9,0,3064,ok
16076,1789699292892654,0,rollback,bench,338,15,0,3064,ok
16076,1789699292892655,0,rollback,bench,210,16,0,3064,ok
16079,1789699292892660,0,rollback,bench,872,12,0,3065,ok
16079,1789699292892660,0,rollback,bench,931,12,0,3065,ok
16081,1789699292892671,0,rollback,bench,909,16,0,3066,ok
16081,1789699292892671,0,rollback,bench,932,14,0,3066,ok
16081,1789699292892671,0,rollback,bench,2,14,0,3066,ok
16081,1789699292892672,0,rollback,bench,923,13,0,3066,ok
16094,1789699292896675,0,rollback,bench,734,14,0,3071,ok
16094,1789699292896676,0,rollback,bench,577,11,0,3071,ok
16094,1789699292896676,0,rollback,bench,910,14,0,3071,ok
16094,1789699292896676,0,rollback,bench,891,18,0,3071,ok
16102,1789699292898219,0,rollback,bench,592,13,0,3073,ok
16109,1789699292901653,0,rollback,bench,444,12,0,3076,ok
16109,1789699292901654,0,rollback,bench,875,17,0,3076,ok
16121,1789699292906574,0,rollback,bench,264,15,0,3079,ok
16121,1789699292906575,0,rollback,bench,145,15,0,3079,ok
16121,1789699292906576,0,rollback,bench,298,9,0,3079,ok
16121,1789699292906576,0,rollback,bench,519,13,0,3079,ok
16144,1789699292916008,0,rollback,bench,859,14,0,3085,ok
16144,1789699292916009,0,rollback,bench,706,13,0,3085,ok
16144,1789699292916009,0,rollback,bench,236,19,0,3085,ok
16144,1789699292916010,0,rollback,bench,725,18,0,3085,ok
16155,1789699292918797,0,rollback,bench,704,10,0,3088,ok
16155,1789699292918797,0,rollback,bench,30,14,0,3088,ok
16155,1789699292918798,0,rollback,bench,917,13,0,3088,ok
16163,1789699292921361,0,rollback,bench,354,13,0,3090,ok
16163,1789699292921361,0,rollback,bench,759,12,0,3090,ok
16163,1789699292921362,0,rollback,bench,378,15,0,3090,ok
16188,1789699292932718,0,rollback,bench,988,14,0,3098,ok
16188,1789699292932719,0,rollback,bench,414,8,0,3098,ok
16188,1789699292932720,0,rollback,bench,231,12,0,3098,ok
16210,1789699292942489,0,rollback,bench,749,13,0,3105,ok
16210,1789699292942490,0,rollback,bench,630,14,0,3105,ok
16210,1789699292942491,0,rollback,bench,903,7,0,3105,ok
16210,1789699292942491,0,rollback,bench,790,11,0,3105,ok
16221,1789699292946055,0,rollback,bench,113,19,0,3109,ok
16221,1789699292946056,0,rollback,bench,28,15,0,3109,ok
16221,1789699292946057,0,rollback,bench,317,15,0,3109,ok
16221,1789699292946057,0,rollback,bench,233,13,0,3109,ok
16221,1789699292946057,0,rollback,bench,807,16,0,3109,ok
16230,1789699292948125,0,rollback,bench,445,11,0,3112,ok
16230,1789699292948126,0,rollback,bench,904,10,0,3112,ok
16230,1789699292948126,0,rollback,bench,538,18,0,3112,ok
16230,1789699292948127,0,rollback,bench,140,15,0,3112,ok
16241,1789699292952375,0,rollback,bench,796,12,0,3115,ok
16241,1789699292952376,0,rollback,bench,993,21,0,3115,ok
16241,1789699292952376,0,rollback,bench,168,20,0,3115,ok
16244,1789699292952382,0,rollback,bench,251,13,0,3116,ok
16244,1789699292952382,0,rollback,bench,680,21,0,3116,ok
16246,1789699292952392,0,rollback,bench,17,10,0,3117,ok
16246,1789699292952392,0,rollback,bench,223,18,0,3117,ok
16246,1789699292952392,0,rollback,bench,893,16,0,3117,ok
16283,1789699292971085,0,rollback,bench,126,16,0,3130,ok
16291,1789699292975023,0,rollback,bench,984,26,0,3133,ok
16292,1789699292975030,0,rollback,bench,503,16,0,3134,ok
16292,1789699292975031,0,rollback,bench,118,19,0,3134,ok
16295,1789699292975809,0,rollback,bench,846,15,0,3136,ok
16295,1789699292975810,0,rollback,bench,504,16,0,3136,ok
16295,1789699292975811,0,rollback,bench,955,13,0,3136,ok
16295,1789699292975811,0,rollback,bench,537,9,0,3136,ok
16342,1789699293002532,0,rollback,bench,209,18,0,3151,ok
16342,1789699293002533,0,rollback,bench,906,16,0,3151,ok
16342,1789699293002534,0,rollback,bench,888,12,0,3151,ok
16348,1789699293004151,0,rollback,bench,304,12,0,3153,ok
16349,1789699293004177,0,rollback,bench,391,17,0,3154,ok
16349,1789699293004178,0,rollback,bench,17,10,0,3154,ok
16349,1789699293004178,0,rollback,bench,827,15,0,3154,ok
16349,1789699293004178,0,rollback,bench,982,15,0,3154,ok
16349,1789699293004179,0,rollback,bench,544,14,0,3154,ok
16357,1789699293005795,0,rollback,bench,321,17,0,3156,ok
16357,1789699293005796,0,rollback,bench,711,17,0,3156,ok
16357,1789699293005797,0,rollback,bench,978,17,0,3156,ok
16392,1789699293022411,0,rollback,bench,771,17,0,3168,ok
16392,1789699293022412,0,rollback,bench,695,22,0,3168,ok
16392,1789699293022413,0,rollback,bench,1,17,0,3168,ok
16392,1789699293022413,0,rollback,bench,226,15,0,3168,ok
16396,1789699293022424,0,rollback,bench,12,14,0,3169,ok
16396,1789699293022425,0,rollback,bench,950,12,0,3169,ok
16396,1789699293022425,0,rollback,bench,170,21,0,3169,ok
16396,1789699293022425,0,rollback,bench,462,9,0,3169,ok
16405,1789699293025233,0,rollback,bench,720,15,0,3171,ok
16405,1789699293025234,0,rollback,bench,103,12,0,3171,ok
16405,1789699293025235,0,rollback,bench,739,9,0,3171,ok
16405,1789699293025235,0,rollback,bench,306,11,0,3171,ok
16405,1789699293025236,0,rollback,bench,903,7,0,3171,ok
16424,1789699293031474,0,rollback,bench,114,14,0,3175,ok
16424,1789699293031475,0,rollback,bench,493,22,0,3175,ok
16424,1789699293031476,0,rollback,bench,427,11,0,3175,ok
16424,1789699293031476,0,rollback,bench,758,12,0,3175,ok
16424,1789699293031477,0,rollback,bench,683,12,0,3175,ok
16434,1789699293033907,0,rollback,bench,268,16,0,3177,ok
16434,1789699293033908,0,rollback,bench,614,14,0,3177,ok
16436,1789699293033928,0,rollback,bench,850,16,0,3178,ok
16436,1789699293033928,0,rollback,bench,777,16,0,3178,ok
16436,1789699293033928,0,rollback,bench,828,12,0,3178,ok
16436,1789699293033929,0,rollback,bench,692,12,0,3178,ok
16462,1789699293044852,0,rollback,bench,287,13,0,3186,ok
16462,1789699293044853,0,rollback,bench,10,17,0,3186,ok
16462,1789699293044854,0,rollback,bench,826,17,0,3186,ok
16462,1789699293044854,0,rollback,bench,440,13,0,3186,ok
16462,1789699293044854,0,rollback,bench,841,13,0,3186,ok
16467,1789699293044859,0,rollback,bench,364,11,0,3187,ok
16467,1789699293044859,0,rollback,bench,723,19,0,3187,ok
16516,1789699293068187,0,rollback,bench,427,11,0,3199,ok
16516,1789699293068188,0,rollback,bench,289,14,0,3199,ok
16516,1789699293068188,0,rollback,bench,541,11,0,3199,ok
16516,1789699293068189,0,rollback,bench,629,14,0,3199,ok
16526,1789699293070808,0,rollback,bench,167,13,0,3203,ok
16526,1789699293070809,0,rollback,bench,512,12,0,3203,ok
16526,1789699293070809,0,rollback,bench,977,18,0,3203,ok
16526,1789699293070809,0,rollback,bench,126,16,0,3203,ok
16526,1789699293070810,0,rollback,bench,879,15,0,3203,ok
16531,1789699293070818,0,rollback,bench,700,11,0,3204,ok
16531,1789699293070819,0,rollback,bench,954,19,0,3204,ok
16531,1789699293070830,0,rollback,bench,52,10,0,3204,ok
16531,1789699293070830,0,rollback,bench,239,10,0,3204,ok
16554,1789699293078607,0,rollback,bench,156,9,0,3210,ok
16554,1789699293078608,0,rollback,bench,409,15,0,3210,ok
16554,1789699293078608,0,rollback,bench,153,12,0,3210,ok
16554,1789699293078609,0,rollback,bench,572,20,0,3210,ok
16578,1789699293086982,0,rollback,bench,416,20,0,3219,ok
16578,1789699293086983,0,rollback,bench,565,12,0,3219,ok
16578,1789699293086984,0,rollback,bench,576,20,0,3219,ok
16583,1789699293087844,0,rollback,bench,506,18,0,3221,ok
16583,1789699293087845,0,rollback,bench,299,10,0,3221,ok
16583,1789699293087845,0,rollback,bench,567,11,0,3221,ok
16583,1789699293087846,0,rollback,bench,439,24,0,3221,ok
16583,1789699293087846,0,rollback,bench,264,15,0,3221,ok
16598,1789699293092507,0,rollback,bench,826,17,0,3225,ok
16598,1789699293092508,0,rollback,bench,469,11,0,3225,ok
16600,1789699293092529,0,rollback,bench,636,14,0,3226,ok
16600,1789699293092530,0,rollback,bench,976,9,0,3226,ok
16600,1789699293092530,0,rollback,bench,503,16,0,3226,ok
16600,1789699293092531,0,rollback,bench,264,15,0,3226,ok
16600,1789699293092531,0,rollback,bench,66,14,0,3226,ok
16610,1789699293094443,0,rollback,bench,580,14,0,3229,ok
16610,1789699293094444,0,rollback,bench,899,18,0,3229,ok
16610,1789699293094444,0,rollback,bench,447,12,0,3229,ok
16610,1789699293094445,0,rollback,bench,138,13,0,3229,ok
16610,1789699293094445,0,rollback,bench,576,20,0,3229,ok
16639,1789699293104731,0,rollback,bench,604,13,0,3240,ok
16639,1789699293104733,0,rollback,bench,739,10,0,3240,ok
16639,1789699293104733,0,rollback,bench,698,8,0,3240,ok
16639,1789699293104733,0,rollback,bench,393,13,0,3240,ok
16657,1789699293110894,0,rollback,bench,571,17,0,3244,ok
16657,1789699293110895,0,rollback,bench,601,10,0,3244,ok
16671,1789699293116452,0,rollback,bench,810,16,0,3249,ok
16671,1789699293116453,0,rollback,bench,937,16,0,3249,ok
16671,1789699293116453,0,rollback,bench,4,15,0,3249,ok
16671,1789699293116454,0,rollback,bench,202,13,0,3249,ok
16675,1789699293116458,0,rollback,bench,418,17,0,3250,ok
16675,1789699293116458,0,rollback,bench,402,17,0,3250,ok
16700,1789699293149425,0,rollback,bench,937,17,0,3259,ok
16700,1789699293149427,0,rollback,bench,530,9,0,3259,ok
16700,1789699293149427,0,rollback,bench,218,11,0,3259,ok
16700,1789699293149428,0,rollback,bench,819,14,0,3259,ok
16706,1789699293150528,0,rollback,bench,749,15,0,3262,ok
16706,1789699293150529,0,rollback,bench,506,18,0,3262,ok
16706,1789699293150529,0,rollback,bench,712,13,0,3262,ok
16706,1789699293150530,0,rollback,bench,659,6,0,3262,ok
16706,1789699293150530,0,rollback,bench,219,12,0,3262,ok
16732,1789699293161707,0,rollback,bench,922,18,0,3270,ok
16738,1789699293164863,0,rollback,bench,507,9,0,3272,ok
16738,1789699293164864,0,rollback,bench,986,9,0,3272,ok
16738,1789699293164865,0,rollback,bench,383,19,0,3272,ok
16738,1789699293164865,0,rollback,bench,724,10,0,3272,ok
16744,1789699293165948,0,rollback,bench,319,11,0,3274,ok
16744,1789699293165949,0,rollback,bench,769,20,0,3274,ok
16751,1789699293168416,0,rollback,bench,332,12,0,3276,ok
16751,1789699293168417,0,rollback,bench,635,22,0,3276,ok
16751,1789699293168418,0,rollback,bench,67,14,0,3276,ok
16754,1789699293168420,0,rollback,bench,850,16,0,3277,ok
16755,1789699293168430,0,rollback,bench,725,18,0,3278,ok
16755,1789699293168431,0,rollback,bench,722,18,0,3278,ok
16755,1789699293168431,0,rollback,bench,830,13,0,3278,ok
16755,1789699293168431,0,rollback,bench,950,13,0,3278,ok
16766,1789699293172046,0,rollback,bench,606,15,0,3281,ok
16766,1789699293172047,0,rollback,bench,643,9,0,3281,ok
16766,1789699293172048,0,rollback,bench,593,10,0,3281,ok
16782,1789699293178577,0,rollback,bench,799,16,0,3286,ok
16782,1789699293178578,0,rollback,bench,198,18,0,3286,ok
16784,1789699293178604,0,rollback,bench,783,15,0,3287,ok
16784,1789699293178604,0,rollback,bench,276,9,0,3287,ok
16784,1789699293178605,0,rollback,bench,973,22,0,3287,ok
16784,1789699293178605,0,rollback,bench,585,10,0,3287,ok
16800,1789699293184376,0,rollback,bench,149,13,0,3292,ok
16812,1789699293189757,0,rollback,bench,100,21,0,3297,ok
16812,1789699293189758,0,rollback,bench,341,14,0,3297,ok
16812,1789699293189758,0,rollback,bench,302,15,0,3297,ok
16812,1789699293189759,0,rollback,bench,845,14,0,3297,ok
16812,1789699293189759,0,rollback,bench,114,15,0,3297,ok
16846,1789699293204020,0,rollback,bench,735,17,0,3309,ok
16846,1789699293204021,0,rollback,bench,404,12,0,3309,ok
16851,1789699293205448,0,rollback,bench,597,24,0,3312,ok
16851,1789699293205448,0,rollback,bench,822,14,0,3312,ok
16851,1789699293205449,0,rollback,bench,123,15,0,3312,ok
16851,1789699293205449,0,rollback,bench,708,11,0,3312,ok
16851,1789699293205449,0,rollback,bench,618,18,0,3312,ok
16856,1789699293205464,0,rollback,bench,987,17,0,3313,ok
16856,1789699293205464,0,rollback,bench,359,15,0,3313,ok
16856,1789699293205464,0,rollback,bench,964,10,0,3313,ok
16856,1789699293205465,0,rollback,bench,236,20,0,3313,ok
16856,1789699293205465,0,rollback,bench,795,15,0,3313,ok
16893,1789699293221556,0,rollback,bench,318,10,0,3324,ok
16893,1789699293221557,0,rollback,bench,353,13,0,3324,ok
16907,1789699293226719,0,rollback,bench,477,8,0,3330,ok
16908,1789699293226744,0,rollback,bench,6,13,0,3331,ok
16908,1789699293226745,0,rollback,bench,495,14,0,3331,ok
16908,1789699293226745,0,rollback,bench,403,14,0,3331,ok
16908,1789699293226745,0,rollback,bench,449,10,0,3331,ok
16923,1789699293232297,0,rollback,bench,715,15,0,3336,ok
16923,1789699293232298,0,rollback,bench,9,10,0,3336,ok
16923,1789699293232298,0,rollback,bench,295,18,0,3336,ok
16939,1789699293238028,0,rollback,bench,580,14,0,3340,ok
16939,1789699293238029,0,rollback,bench,5,8,0,3340,ok
16939,1789699293238029,0,rollback,bench,549,16,0,3340,ok
16939,1789699293238030,0,rollback,bench,803,19,0,3340,ok
16939,1789699293238030,0,rollback,bench,108,25,0,3340,ok
16956,1789699293243183,0,rollback,bench,461,15,0,3345,ok
16956,1789699293243183,0,rollback,bench,121,22,0,3345,ok
16956,1789699293243184,0,rollback,bench,55,12,0,3345,ok
16959,1789699293243191,0,rollback,bench,964,10,0,3346,ok
16959,1789699293243191,0,rollback,bench,108,25,0,3346,ok
16959,1789699293243191,0,rollback,bench,900,18,0,3346,ok
16963,1789699293243577,0,rollback,bench,639,19,0,3348,ok
16963,1789699293243578,0,rollback,bench,477,8,0,3348,ok
16963,1789699293243578,0,rollback,bench,431,23,0,3348,ok
16983,1789699293252370,0,rollback,bench,769,20,0,3355,ok
16983,1789699293252371,0,rollback,bench,513,18,0,3355,ok
16983,1789699293252371,0,rollback,bench,711,17,0,3355,ok
16983,1789699293252372,0,rollback,bench,822,14,0,3355,ok
16983,1789699293252372,0,rollback,bench,699,19,0,3355,ok
16988,1789699293252379,0,rollback,bench,954,20,0,3356,ok
16988,1789699293252380,0,rollback,bench,200,18,0,3356,ok
16988,1789699293252380,0,rollback,bench,641,11,0,3356,ok
17013,1789699293263351,0,rollback,bench,75,11,0,3362,ok
17013,1789699293263352,0,rollback,bench,890,15,0,3362,ok
17013,1789699293263353,0,rollback,bench,688,14,0,3362,ok
17013,1789699293263353,0,rollback,bench,881,17,0,3362,ok
17021,1789699293265070,0,rollback,bench,250,12,0,3365,ok
17021,1789699293265071,0,rollback,bench,253,12,0,3365,ok
17021,1789699293265072,0,rollback,bench,368,9,0,3365,ok
17027,1789699293266112,0,rollback,bench,492,11,0,3368,ok
17027,1789699293266113,0,rollback,bench,117,16,0,3368,ok
17027,1789699293266113,0,rollback,bench,264,15,0,3368,ok
17041,1789699293271480,0,rollback,bench,913,11,0,3374,ok
17047,1789699293273552,0,rollback,bench,678,12,0,3376,ok
17047,1789699293273553,0,rollback,bench,197,12,0,3376,ok
17054,1789699293275839,0,rollback,bench,796,13,0,3379,ok
17054,1789699293275840,0,rollback,bench,305,17,0,3379,ok
17056,1789699293275857,0,rollback,bench,509,13,0,3380,ok
17056,1789699293275857,0,rollback,bench,624,15,0,3380,ok
17056,1789699293275857,0,rollback,bench,459,19,0,3380,ok
17060,1789699293276316,0,rollback,bench,980,6,0,3382,ok
17060,1789699293276317,0,rollback,bench,808,13,0,3382,ok
17060,1789699293276317,0,rollback,bench,438,14,0,3382,ok
17084,1789699293285395,0,rollback,bench,962,19,0,3391,ok
17087,1789699293286382,0,rollback,bench,435,17,0,3393,ok
17087,1789699293286394,0,rollback,bench,515,17,0,3393,ok
17087,1789699293286394,0,rollback,bench,781,21,0,3393,ok
17087,1789699293286394,0,rollback,bench,435,17,0,3393,ok
17094,1789699293287879,0,rollback,bench,752,17,0,3396,ok
17094,1789699293287880,0,rollback,bench,603,12,0,3396,ok
17094,1789699293287880,0,rollback,bench,862,15,0,3396,ok
17097,1789699293287887,0,rollback,bench,69,15,0,3397,ok
17097,1789699293287888,0,rollback,bench,486,17,0,3397,ok
17097,1789699293287888,0,rollback,bench,878,11,0,3397,ok
17100,1789699293287896,0,rollback,bench,847,12,0,3398,ok
17100,1789699293287896,0,rollback,bench,909,16,0,3398,ok
17100,1789699293287896,0,rollback,bench,38,16,0,3398,ok
17106,1789699293289178,0,rollback,bench,765,11,0,3400,ok
17106,1789699293289178,0,rollback,bench,591,14,0,3400,ok
17106,1789699293289179,0,rollback,bench,946,11,0,3400,ok
17106,1789699293289179,0,rollback,bench,640,11,0,3400,ok
17106,1789699293289179,0,rollback,bench,371,20,0,3400,ok
17125,1789699293296072,0,rollback,bench,761,15,0,3405,ok
17125,1789699293296073,0,rollback,bench,709,16,0,3405,ok
17125,1789699293296073,0,rollback,bench,599,18,0,3405,ok
17125,1789699293296074,0,rollback,bench,36,7,0,3405,ok
17133,1789699293297786,0,rollback,bench,6,13,0,3407,ok
17133,1789699293297787,0,rollback,bench,76,13,0,3407,ok
17133,1789699293297788,0,rollback,bench,589,13,0,3407,ok
17133,1789699293297788,0,rollback,bench,93,14,0,3407,ok
17137,1789699293297801,0,rollback,bench,763,18,0,3408,ok
17137,1789699293297802,0,rollback,bench,927,14,0,3408,ok
17137,1789699293297802,0,rollback,bench,644,10,0,3408,ok
17137,1789699293297802,0,rollback,bench,683,12,0,3408,ok
17137,1789699293297803,0,rollback,bench,117,16,0,3408,ok
17158,1789699293306403,0,rollback,bench,866,19,0,3415,ok
17158,1789699293306404,0,rollback,bench,633,16,0,3415,ok
17160,1789699293306424,0,rollback,bench,732,15,0,3416,ok
17160,1789699293306425,0,rollback,bench,248,13,0,3416,ok
17160,1789699293306425,0,rollback,bench,512,13,0,3416,ok
17166,1789699293307729,0,rollback,bench,188,19,0,3418,ok
17166,1789699293307729,0,rollback,bench,775,16,0,3418,ok
17166,1789699293307730,0,rollback,bench,124,14,0,3418,ok
17166,1789699293307730,0,rollback,bench,339,14,0,3418,ok
17193,1789699293320196,0,rollback,bench,492,11,0,3424,ok
17193,1789699293320197,0,rollback,bench,45,10,0,3424,ok
17193,1789699293320197,0,rollback,bench,68,18,0,3424,ok
17207,1789699293325077,0,rollback,bench,590,21,0,3430,ok
17233,1789699293336676,0,rollback,bench,253,13,0,3440,ok
17233,1789699293336677,0,rollback,bench,147,9,0,3440,ok
17233,1789699293336677,0,rollback,bench,539,20,0,3440,ok
17255,1789699293344752,0,rollback,bench,178,9,0,3446,ok
17255,1789699293344753,0,rollback,bench,11,13,0,3446,ok
17255,1789699293344753,0,rollback,bench,988,14,0,3446,ok
17255,1789699293344754,0,rollback,bench,810,17,0,3446,ok
17255,1789699293344754,0,rollback,bench,333,14,0,3446,ok
17267,1789699293347864,0,rollback,bench,381,12,0,3449,ok
17267,1789699293347865,0,rollback,bench,186,15,0,3449,ok
17290,1789699293358141,0,rollback,bench,258,16,0,3459,ok
17290,1789699293358142,0,rollback,bench,277,22,0,3459,ok
17306,1789699293364797,0,rollback,bench,791,14,0,3464,ok
17306,1789699293364798,0,rollback,bench,261,10,0,3464,ok
17306,1789699293364799,0,rollback,bench,684,13,0,3464,ok
17306,1789699293364799,0,rollback,bench,425,11,0,3464,ok
17306,1789699293364800,0,rollback,bench,50,18,0,3464,ok
17321,1789699293370674,0,rollback,bench,833,12,0,3468,ok
17321,1789699293370675,0,rollback,bench,422,11,0,3468,ok
17321,1789699293370676,0,rollback,bench,839,14,0,3468,ok
17321,1789699293370676,0,rollback,bench,831,9,0,3468,ok
17351,1789699293383194,0,rollback,bench,727,13,0,3477,ok
17359,1789699293387075,0,rollback,bench,118,20,0,3483,ok
17359,1789699293387077,0,rollback,bench,519,14,0,3483,ok
17359,1789699293387077,0,rollback,bench,953,20,0,3483,ok
17359,1789699293387078,0,rollback,bench,418,18,0,3483,ok
17359,1789699293387078,0,rollback,bench,465,15,0,3483,ok
17364,1789699293387082,0,rollback,bench,773,16,0,3484,ok
17364,1789699293387083,0,rollback,bench,303,11,0,3484,ok
17379,1789699293393982,0,rollback,bench,639,19,0,3489,ok
17379,1789699293393983,0,rollback,bench,514,14,0,3489,ok
17381,1789699293393997,0,rollback,bench,896,15,0,3490,ok
17381,1789699293393998,0,rollback,bench,47,14,0,3490,ok
17381,1789699293393998,0,rollback,bench,831,9,0,3490,ok
17381,1789699293393998,0,rollback,bench,405,13,0,3490,ok
17393,1789699293398527,0,rollback,bench,481,12,0,3494,ok
17393,1789699293398529,0,rollback,bench,587,15,0,3494,ok
17393,1789699293398529,0,rollback,bench,423,17,0,3494,ok
17393,1789699293398530,0,rollback,bench,162,11,0,3494,ok
17399,1789699293399402,0,rollback,bench,679,17,0,3496,ok
17399,1789699293399403,0,rollback,bench,19,15,0,3496,ok
17407,1789699293402360,0,rollback,bench,276,10,0,3499,ok
17413,1789699293405196,0,rollback,bench,787,13,0,3502,ok
17413,1789699293405197,0,rollback,bench,700,14,0,3502,ok
17413,1789699293405197,0,rollback,bench,936,18,0,3502,ok
17413,1789699293405198,0,rollback,bench,458,14,0,3502,ok
17413,1789699293405198,0,rollback,bench,248,13,0,3502,ok
17418,1789699293405204,0,rollback,bench,459,20,0,3503,ok
17418,1789699293405204,0,rollback,bench,454,6,0,3503,ok
17418,1789699293405205,0,rollback,bench,569,16,0,3503,ok
17421,1789699293405212,0,rollback,bench,257,18,0,3504,ok
17421,1789699293405213,0,rollback,bench,774,16,0,3504,ok
17421,1789699293405213,0,rollback,bench,223,18,0,3504,ok
17421,1789699293405213,0,rollback,bench,270,20,0,3504,ok
17425,1789699293405224,0,rollback,bench,33,16,0,3505,ok
17425,1789699293405224,0,rollback,bench,718,19,0,3505,ok
17425,1789699293405224,0,rollback,bench,766,7,0,3505,ok
17425,1789699293405224,0,rollback,bench,288,17,0,3505,ok
17425,1789699293405225,0,rollback,bench,631,19,0,3505,ok
17434,1789699293407235,0,rollback,bench,547,11,0,3507,ok
17434,1789699293407236,0,rollback,bench,233,14,0,3507,ok
17434,1789699293407236,0,rollback,bench,996,10,0,3507,ok
17442,1789699293409561,0,rollback,bench,547,11,0,3511,ok
17452,1789699293414955,0,rollback,bench,436,18,0,3515,ok
17464,1789699293427529,0,rollback,bench,949,15,0,3519,ok
17464,1789699293427530,0,rollback,bench,394,12,0,3519,ok
17464,1789699293427531,0,rollback,bench,844,17,0,3519,ok
17464,1789699293427531,0,rollback,bench,371,20,0,3519,ok
17464,1789699293427532,0,rollback,bench,934,17,0,3519,ok
17485,1789699293436677,0,rollback,bench,533,20,0,3525,ok
17485,1789699293436678,0,rollback,bench,196,18,0,3525,ok
17485,1789699293436678,0,rollback,bench,788,18,0,3525,ok
17490,1789699293437788,0,rollback,bench,660,9,0,3527,ok
17490,1789699293437788,0,rollback,bench,279,18,0,3527,ok
17490,1789699293437789,0,rollback,bench,713,18,0,3527,ok
17490,1789699293437789,0,rollback,bench,135,12,0,3527,ok
17495,1789699293438321,0,rollback,bench,918,18,0,3529,ok
17495,1789699293438322,0,rollback,bench,672,20,0,3529,ok
17495,1789699293438322,0,rollback,bench,621,13,0,3529,ok
17503,1789699293440960,0,rollback,bench,795,15,0,3531,ok
17503,1789699293440960,0,rollback,bench,751,17,0,3531,ok
17503,1789699293440961,0,rollback,bench,310,18,0,3531,ok
17503,1789699293440961,0,rollback,bench,441,18,0,3531,ok
17503,1789699293440962,0,rollback,bench,686,13,0,3531,ok
17508,1789699293440967,0,rollback,bench,120,15,0,3532,ok
17508,1789699293440967,0,rollback,bench,814,11,0,3532,ok
17513,1789699293442756,0,rollback,bench,764,17,0,3535,ok
17514,1789699293442790,0,rollback,bench,232,19,0,3536,ok
17514,1789699293442790,0,rollback,bench,197,12,0,3536,ok
17514,1789699293442790,0,rollback,bench,738,9,0,3536,ok
17514,1789699293442791,0,rollback,bench,505,24,0,3536,ok
17514,1789699293442791,0,rollback,bench,161,14,0,3536,ok
17525,1789699293447031,0,rollback,bench,683,12,0,3540,ok
17525,1789699293447032,0,rollback,bench,9,10,0,3540,ok
17525,1789699293447032,0,rollback,bench,547,11,0,3540,ok
17532,1789699293449249,0,rollback,bench,394,12,0,3542,ok
17532,1789699293449250,0,rollback,bench,398,19,0,3542,ok
17532,1789699293449250,0,rollback,bench,362,11,0,3542,ok
17532,1789699293449250,0,rollback,bench,552,15,0,3542,ok
17532,1789699293449251,0,rollback,bench,441,18,0,3542,ok
17557,1789699293460741,0,rollback,bench,951,5,0,3549,ok
17557,1789699293460754,0,rollback,bench,361,14,0,3549,ok
17557,1789699293460754,0,rollback,bench,962,19,0,3549,ok
17557,1789699293460754,0,rollback,bench,938,14,0,3549,ok
17568,1789699293464370,0,rollback,bench,874,11,0,3553,ok
17568,1789699293464371,0,rollback,bench,290,14,0,3553,ok
17568,1789699293464371,0,rollback,bench,336,12,0,3553,ok
17568,1789699293464371,0,rollback,bench,962,19,0,3553,ok
17580,1789699293469038,0,rollback,bench,374,13,0,3556,ok
17580,1789699293469039,0,rollback,bench,841,14,0,3556,ok
17580,1789699293469040,0,rollback,bench,336,12,0,3556,ok
17580,1789699293469040,0,rollback,bench,826,18,0,3556,ok
17604,1789699293481232,0,rollback,bench,876,18,0,3564,ok
17605,1789699293481265,0,rollback,bench,257,18,0,3565,ok
17605,1789699293481266,0,rollback,bench,831,9,0,3565,ok
17605,1789699293481266,0,rollback,bench,665,16,0,3565,ok
17605,1789699293481267,0,rollback,bench,812,21,0,3565,ok
17605,1789699293481267,0,rollback,bench,348,20,0,3565,ok
17638,1789699293496391,0,rollback,bench,187,11,0,3573,ok
17638,1789699293496393,0,rollback,bench,742,11,0,3573,ok
17638,1789699293496393,0,rollback,bench,677,15,0,3573,ok
17638,1789699293496394,0,rollback,bench,34,15,0,3573,ok
17638,1789699293496394,0,rollback,bench,542,15,0,3573,ok
17653,1789699293500851,0,rollback,bench,107,13,0,3576,ok
17653,1789699293500852,0,rollback,bench,631,19,0,3576,ok
17653,1789699293500852,0,rollback,bench,339,14,0,3576,ok
17656,1789699293500855,0,rollback,bench,244,14,0,3577,ok
17679,1789699293512361,0,rollback,bench,246,15,0,3585,ok
17679,1789699293512362,0,rollback,bench,176,9,0,3585,ok
17681,1789699293512391,0,rollback,bench,775,16,0,3586,ok
17681,1789699293512391,0,rollback,bench,413,19,0,3586,ok
17681,1789699293512391,0,rollback,bench,324,17,0,3586,ok
17681,1789699293512392,0,rollback,bench,498,11,0,3586,ok
17681,1789699293512392,0,rollback,bench,524,8,0,3586,ok
17689,1789699293513912,0,rollback,bench,672,20,0,3589,ok
17689,1789699293513913,0,rollback,bench,862,16,0,3589,ok
17704,1789699293520201,0,rollback,bench,653,19,0,3597,ok
17710,1789699293522203,0,rollback,bench,154,17,0,3599,ok
17710,1789699293522205,0,rollback,bench,133,16,0,3599,ok
17712,1789699293522225,0,rollback,bench,117,16,0,3600,ok
17712,1789699293522226,0,rollback,bench,885,11,0,3600,ok
17712,1789699293522226,0,rollback,bench,198,18,0,3600,ok
17729,1789699293528900,0,rollback,bench,667,15,0,3604,ok
17730,1789699293528929,0,rollback,bench,729,15,0,3605,ok
17730,1789699293528929,0,rollback,bench,717,17,0,3605,ok
17730,1789699293528930,0,rollback,bench,950,13,0,3605,ok
17730,1789699293528930,0,rollback,bench,526,11,0,3605,ok
17730,1789699293528931,0,rollback,bench,997,18,0,3605,ok
17735,1789699293528935,0,rollback,bench,688,14,0,3606,ok
17735,1789699293528935,0,rollback,bench,925,13,0,3606,ok
17769,1789699293543728,0,rollback,bench,280,9,0,3619,ok
17769,1789699293543730,0,rollback,bench,576,20,0,3619,ok
17769,1789699293543730,0,rollback,bench,801,14,0,3619,ok
17774,1789699293544468,0,rollback,bench,240,15,0,3622,ok
17774,1789699293544469,0,rollback,bench,886,12,0,3622,ok
17774,1789699293544470,0,rollback,bench,998,19,0,3622,ok
17791,1789699293550792,0,rollback,bench,811,18,0,3627,ok
17791,1789699293550793,0,rollback,bench,771,17,0,3627,ok
17791,1789699293550794,0,rollback,bench,339,14,0,3627,ok
17791,1789699293550794,0,rollback,bench,674,20,0,3627,ok
17791,1789699293550795,0,rollback,bench,769,20,0,3627,ok
17806,1789699293554767,0,rollback,bench,203,12,0,3631,ok
17806,1789699293554768,0,rollback,bench,193,15,0,3631,ok
17806,1789699293554768,0,rollback,bench,587,15,0,3631,ok
17806,1789699293554769,0,rollback,bench,727,13,0,3631,ok
17815,1789699293557033,0,rollback,bench,898,19,0,3633,ok
17815,1789699293557034,0,rollback,bench,368,9,0,3633,ok
17815,1789699293557034,0,rollback,bench,437,10,0,3633,ok
17822,1789699293558733,0,rollback,bench,572,23,0,3635,ok
17822,1789699293558734,0,rollback,bench,221,19,0,3635,ok
17822,1789699293558735,0,rollback,bench,761,17,0,3635,ok
17822,1789699293558735,0,rollback,bench,630,14,0,3635,ok
17822,1789699293558736,0,rollback,bench,101,18,0,3635,ok
17875,1789699293577846,0,rollback,bench,597,24,0,3652,ok
17917,1789699293594611,0,rollback,bench,30,14,0,3664,ok
17917,1789699293594639,0,rollback,bench,835,20,0,3664,ok
17917,1789699293594640,0,rollback,bench,979,17,0,3664,ok
17917,1789699293594640,0,rollback,bench,593,10,0,3664,ok
17917,1789699293594641,0,rollback,bench,21,13,0,3664,ok
17922,1789699293594651,0,rollback,bench,529,18,0,3665,ok
17922,1789699293594652,0,rollback,bench,951,6,0,3665,ok
17922,1789699293594652,0,rollback,bench,532,14,0,3665,ok
17929,1789699293596486,0,rollback,bench,862,17,0,3667,ok
17929,1789699293596486,0,rollback,bench,53,10,0,3667,ok
17929,1789699293596487,0,rollback,bench,891,19,0,3667,ok
17929,1789699293596487,0,rollback,bench,452,7,0,3667,ok
17945,1789699293600759,0,rollback,bench,834,21,0,3672,ok
17966,1789699293608701,0,rollback,bench,536,14,0,3679,ok
17966,1789699293608702,0,rollback,bench,256,18,0,3679,ok
17992,1789699293618715,0,rollback,bench,309,8,0,3689,ok
17992,1789699293618716,0,rollback,bench,702,31,0,3689,ok
17992,1789699293618716,0,rollback,bench,510,12,0,3689,ok
17992,1789699293618717,0,rollback,bench,496,24,0,3689,ok
17992,1789699293618717,0,rollback,bench,327,16,0,3689,ok
17997,1789699293618719,0,rollback,bench,512,13,0,3690,ok
18021,1789699293627920,0,rollback,bench,179,8,0,3697,ok
18021,1789699293627921,0,rollback,bench,354,15,0,3697,ok
18024,1789699293628292,0,rollback,bench,787,13,0,3699,ok
18024,1789699293628293,0,rollback,bench,595,15,0,3699,ok
18024,1789699293628294,0,rollback,bench,793,7,0,3699,ok
18042,1789699293634151,0,rollback,bench,286,10,0,3704,ok
18042,1789699293634152,0,rollback,bench,25,13,0,3704,ok
18056,1789699293638606,0,rollback,bench,51,21,0,3708,ok
18056,1789699293638607,0,rollback,bench,164,22,0,3708,ok
18056,1789699293638607,0,rollback,bench,190,13,0,3708,ok
18056,1789699293638608,0,rollback,bench,9,10,0,3708,ok
18061,1789699293639038,0,rollback,bench,598,16,0,3710,ok
18061,1789699293639038,0,rollback,bench,335,18,0,3710,ok
18061,1789699293639039,0,rollback,bench,896,15,0,3710,ok
18061,1789699293639039,0,rollback,bench,311,20,0,3710,ok
18065,1789699293639043,0,rollback,bench,691,19,0,3711,ok
18065,1789699293639044,0,rollback,bench,921,14,0,3711,ok
18072,1789699293640835,0,rollback,bench,303,13,0,3715,ok
18072,1789699293640836,0,rollback,bench,86,19,0,3715,ok
18072,1789699293640837,0,rollback,bench,149,14,0,3715,ok
18072,1789699293640837,0,rollback,bench,606,15,0,3715,ok
18072,1789699293640837,0,rollback,bench,621,13,0,3715,ok
18077,1789699293640843,0,rollback,bench,259,16,0,3716,ok
18077,1789699293640844,0,rollback,bench,518,16,0,3716,ok
18077,1789699293640844,0,rollback,bench,303,13,0,3716,ok
18084,1789699293642466,0,rollback,bench,672,21,0,3719,ok
18084,1789699293642467,0,rollback,bench,399,16,0,3719,ok
18084,1789699293642467,0,rollback,bench,560,12,0,3719,ok
18084,1789699293642468,0,rollback,bench,571,18,0,3719,ok
18084,1789699293642468,0,rollback,bench,432,11,0,3719,ok
18094,1789699293644300,0,rollback,bench,378,16,0,3722,ok
18095,1789699293644317,0,rollback,bench,631,19,0,3723,ok
18095,1789699293644317,0,rollback,bench,791,14,0,3723,ok
18095,1789699293644317,0,rollback,bench,411,19,0,3723,ok
18110,1789699293649714,0,rollback,bench,227,12,0,3727,ok
18110,1789699293649715,0,rollback,bench,764,18,0,3727,ok
18112,1789699293649719,0,rollback,bench,612,11,0,3728,ok
18112,1789699293649720,0,rollback,bench,658,11,0,3728,ok
18121,1789699293652291,0,rollback,bench,911,13,0,3731,ok
18121,1789699293652292,0,rollback,bench,634,8,0,3731,ok
18121,1789699293652292,0,rollback,bench,176,9,0,3731,ok
18121,1789699293652293,0,rollback,bench,901,9,0,3731,ok
18125,1789699293652295,0,rollback,bench,634,8,0,3732,ok
18126,1789699293652299,0,rollback,bench,668,13,0,3733,ok
18126,1789699293652299,0,rollback,bench,141,11,0,3733,ok
18144,1789699293659279,0,rollback,bench,491,16,0,3740,ok
18144,1789699293659280,0,rollback,bench,584,19,0,3740,ok
18144,1789699293659280,0,rollback,bench,938,15,0,3740,ok
18144,1789699293659280,0,rollback,bench,21,13,0,3740,ok
18144,1789699293659281,0,rollback,bench,103,13,0,3740,ok
18173,1789699293669400,0,rollback,bench,786,12,0,3748,ok
18173,1789699293669401,0,rollback,bench,772,24,0,3748,ok
18173,1789699293669401,0,rollback,bench,603,13,0,3748,ok
18173,1789699293669402,0,rollback,bench,85,19,0,3748,ok
18173,1789699293669402,0,rollback,bench,339,15,0,3748,ok
18193,1789699293675459,0,rollback,bench,198,18,0,3754,ok
18193,1789699293675461,0,rollback,bench,55,12,0,3754,ok
18193,1789699293675461,0,rollback,bench,541,11,0,3754,ok
18197,1789699293675893,0,rollback,bench,169,17,0,3756,ok
18197,1789699293675894,0,rollback,bench,553,15,0,3756,ok
18203,1789699293677376,0,rollback,bench,169,17,0,3759,ok
18203,1789699293677377,0,rollback,bench,779,15,0,3759,ok
18203,1789699293677377,0,rollback,bench,974,11,0,3759,ok
18203,1789699293677377,0,rollback,bench,560,12,0,3759,ok
18211,1789699293679068,0,rollback,bench,690,19,0,3761,ok
18211,1789699293679069,0,rollback,bench,777,17,0,3761,ok
18211,1789699293679070,0,rollback,bench,147,9,0,3761,ok
18211,1789699293679070,0,rollback,bench,657,13,0,3761,ok
18211,1789699293679070,0,rollback,bench,27,14,0,3761,ok
18219,1789699293680533,0,rollback,bench,412,22,0,3764,ok
18219,1789699293680534,0,rollback,bench,549,16,0,3764,ok
18240,1789699293694594,0,rollback,bench,223,19,0,3773,ok
18240,1789699293694596,0,rollback,bench,414,9,0,3773,ok
18240,1789699293694596,0,rollback,bench,687,11,0,3773,ok
18263,1789699293704610,0,rollback,bench,306,12,0,3780,ok
18263,1789699293704640,0,rollback,bench,406,18,0,3780,ok
18263,1789699293704641,0,rollback,bench,137,11,0,3780,ok
18263,1789699293704641,0,rollback,bench,147,9,0,3780,ok
18263,1789699293704642,0,rollback,bench,842,9,0,3780,ok
18270,1789699293705563,0,rollback,bench,435,17,0,3782,ok
18270,1789699293705564,0,rollback,bench,995,16,0,3782,ok
18270,1789699293705564,0,rollback,bench,573,13,0,3782,ok
18270,1789699293705565,0,rollback,bench,333,16,0,3782,ok
18270,1789699293705565,0,rollback,bench,847,13,0,3782,ok
18275,1789699293705579,0,rollback,bench,194,14,0,3783,ok
18275,1789699293705580,0,rollback,bench,876,18,0,3783,ok
18275,1789699293705580,0,rollback,bench,608,13,0,3783,ok
18275,1789699293705581,0,rollback,bench,246,15,0,3783,ok
18275,1789699293705581,0,rollback,bench,649,15,0,3783,ok
18287,1789699293709878,0,rollback,bench,995,16,0,3787,ok
18287,1789699293709879,0,rollback,bench,150,17,0,3787,ok
18287,1789699293709879,0,rollback,bench,482,22,0,3787,ok
18287,1789699293709880,0,rollback,bench,181,15,0,3787,ok
18299,1789699293713956,0,rollback,bench,556,13,0,3792,ok
18299,1789699293713957,0,rollback,bench,712,16,0,3792,ok
18299,1789699293713958,0,rollback,bench,967,13,0,3792,ok
18306,1789699293716004,0,rollback,bench,647,12,0,3794,ok
18307,1789699293716029,0,rollback,bench,187,11,0,3795,ok
18307,1789699293716029,0,rollback,bench,392,16,0,3795,ok
18307,1789699293716030,0,rollback,bench,770,9,0,3795,ok
18307,1789699293716030,0,rollback,bench,822,15,0,3795,ok
18362,1789699293738444,0,rollback,bench,607,20,0,3813,ok
18362,1789699293738446,0,rollback,bench,959,15,0,3813,ok
18362,1789699293738446,0,rollback,bench,853,9,0,3813,ok
18362,1789699293738447,0,rollback,bench,287,13,0,3813,ok
18362,1789699293738447,0,rollback,bench,601,10,0,3813,ok
18375,1789699293742124,0,rollback,bench,274,16,0,3817,ok
18375,1789699293742125,0,rollback,bench,604,16,0,3817,ok
18375,1789699293742126,0,rollback,bench,591,16,0,3817,ok
18375,1789699293742126,0,rollback,bench,604,16,0,3817,ok
18379,1789699293742130,0,rollback,bench,268,18,0,3818,ok
18379,1789699293742130,0,rollback,bench,231,12,0,3818,ok
18390,1789699293746176,0,rollback,bench,814,14,0,3821,ok
18390,1789699293746177,0,rollback,bench,765,13,0,3821,ok
18392,1789699293746180,0,rollback,bench,150,17,0,3822,ok
18393,1789699293746202,0,rollback,bench,115,20,0,3823,ok
18393,1789699293746203,0,rollback,bench,698,10,0,3823,ok
18393,1789699293746203,0,rollback,bench,997,18,0,3823,ok
18393,1789699293746204,0,rollback,bench,310,19,0,3823,ok
18413,1789699293752810,0,rollback,bench,894,20,0,3830,ok
18413,1789699293752811,0,rollback,bench,166,12,0,3830,ok
18424,1789699293756975,0,rollback,bench,47,14,0,3836,ok
18424,1789699293756976,0,rollback,bench,328,5,0,3836,ok
18424,1789699293756977,0,rollback,bench,122,18,0,3836,ok
18424,1789699293756977,0,rollback,bench,14,11,0,3836,ok
18428,1789699293756982,0,rollback,bench,692,15,0,3837,ok
18428,1789699293756983,0,rollback,bench,961,16,0,3837,ok
18432,1789699293757786,0,rollback,bench,419,13,0,3839,ok
18432,1789699293757787,0,rollback,bench,30,14,0,3839,ok
18432,1789699293757788,0,rollback,bench,679,17,0,3839,ok
18432,1789699293757788,0,rollback,bench,553,16,0,3839,ok
18432,1789699293757788,0,rollback,bench,644,11,0,3839,ok
18445,1789699293760494,0,rollback,bench,845,16,0,3842,ok
18445,1789699293760495,0,rollback,bench,847,13,0,3842,ok
18445,1789699293760496,0,rollback,bench,212,14,0,3842,ok
18445,1789699293760496,0,rollback,bench,304,14,0,3842,ok
18449,1789699293760499,0,rollback,bench,507,11,0,3843,ok
18455,1789699293762471,0,rollback,bench,464,13,0,3845,ok
18455,1789699293762472,0,rollback,bench,876,18,0,3845,ok
18466,1789699293765813,0,rollback,bench,136,14,0,3848,ok
18467,1789699293765832,0,rollback,bench,734,18,0,3849,ok
18467,1789699293765833,0,rollback,bench,136,14,0,3849,ok
18467,1789699293765833,0,rollback,bench,200,19,0,3849,ok
18467,1789699293765833,0,rollback,bench,567,12,0,3849,ok
18473,1789699293766584,0,rollback,bench,437,10,0,3851,ok
18473,1789699293766584,0,rollback,bench,910,16,0,3851,ok
18473,1789699293766585,0,rollback,bench,639,19,0,3851,ok
18488,1789699293772349,0,rollback,bench,171,17,0,3858,ok
18488,1789699293772350,0,rollback,bench,581,25,0,3858,ok
18488,1789699293772350,0,rollback,bench,563,9,0,3858,ok
18488,1789699293772351,0,rollback,bench,242,14,0,3858,ok
18488,1789699293772351,0,rollback,bench,20,20,0,3858,ok
18506,1789699293778194,0,rollback,bench,94,9,0,3865,ok
18512,1789699293780183,0,rollback,bench,489,14,0,3869,ok
18512,1789699293780184,0,rollback,bench,778,12,0,3869,ok
18512,1789699293780185,0,rollback,bench,447,13,0,3869,ok
18515,1789699293780187,0,rollback,bench,71,14,0,3870,ok
18519,1789699293781397,0,rollback,bench,652,26,0,3872,ok
18519,1789699293781398,0,rollback,bench,897,10,0,3872,ok
18519,1789699293781398,0,rollback,bench,416,20,0,3872,ok
18519,1789699293781399,0,rollback,bench,367,8,0,3872,ok
18523,1789699293781409,0,rollback,bench,190,13,0,3873,ok
18523,1789699293781409,0,rollback,bench,845,16,0,3873,ok
18523,1789699293781409,0,rollback,bench,930,8,0,3873,ok
18546,1789699293791223,0,rollback,bench,333,16,0,3878,ok
18546,1789699293791224,0,rollback,bench,552,16,0,3878,ok
18546,1789699293791225,0,rollback,bench,241,12,0,3878,ok
18591,1789699293810829,0,rollback,bench,996,11,0,3891,ok
18591,1789699293810830,0,rollback,bench,420,13,0,3891,ok
18591,1789699293810830,0,rollback,bench,967,13,0,3891,ok
18591,1789699293810831,0,rollback,bench,610,16,0,3891,ok
18591,1789699293810831,0,rollback,bench,897,10,0,3891,ok
18599,1789699293812465,0,rollback,bench,562,19,0,3893,ok
18599,1789699293812466,0,rollback,bench,796,16,0,3893,ok
18599,1789699293812467,0,rollback,bench,403,15,0,3893,ok
18625,1789699293822573,0,rollback,bench,574,17,0,3902,ok
18626,1789699293822576,0,rollback,bench,596,19,0,3903,ok
18633,1789699293825579,0,rollback,bench,921,14,0,3906,ok
18633,1789699293825580,0,rollback,bench,975,14,0,3906,ok
18633,1789699293825581,0,rollback,bench,510,14,0,3906,ok
18633,1789699293825581,0,rollback,bench,809,15,0,3906,ok
18642,1789699293827697,0,rollback,bench,406,19,0,3908,ok
18642,1789699293827698,0,rollback,bench,692,16,0,3908,ok
18654,1789699293833107,0,rollback,bench,251,20,0,3911,ok
18659,1789699293834852,0,rollback,bench,421,18,0,3914,ok
18676,1789699293842350,0,rollback,bench,598,16,0,3920,ok
18676,1789699293842351,0,rollback,bench,17,10,0,3920,ok
18676,1789699293842352,0,rollback,bench,840,16,0,3920,ok
18727,1789699293862487,0,rollback,bench,106,15,0,3939,ok
18727,1789699293862488,0,rollback,bench,478,11,0,3939,ok
18727,1789699293862489,0,rollback,bench,866,19,0,3939,ok
18727,1789699293862489,0,rollback,bench,598,16,0,3939,ok
18727,1789699293862489,0,rollback,bench,116,13,0,3939,ok
18744,1789699293867339,0,rollback,bench,555,22,0,3945,ok
18744,1789699293867351,0,rollback,bench,585,11,0,3945,ok
18744,1789699293867351,0,rollback,bench,20,20,0,3945,ok
18747,1789699293867362,0,rollback,bench,651,18,0,3946,ok
18747,1789699293867363,0,rollback,bench,619,15,0,3946,ok
18747,1789699293867363,0,rollback,bench,917,16,0,3946,ok
18747,1789699293867363,0,rollback,bench,828,16,0,3946,ok
18759,1789699293870399,0,rollback,bench,873,18,0,3950,ok
18759,1789699293870400,0,rollback,bench,194,14,0,3950,ok
18759,1789699293870401,0,rollback,bench,997,18,0,3950,ok
18770,1789699293873795,0,rollback,bench,699,20,0,3953,ok
18782,1789699293878685,0,rollback,bench,819,16,0,3957,ok
18782,1789699293878686,0,rollback,bench,563,9,0,3957,ok
18782,1789699293878687,0,rollback,bench,272,10,0,3957,ok
18782,1789699293878687,0,rollback,bench,132,14,0,3957,ok
18782,1789699293878687,0,rollback,bench,946,12,0,3957,ok
18790,1789699293879683,0,rollback,bench,695,24,0,3959,ok
18790,1789699293879684,0,rollback,bench,920,12,0,3959,ok
18790,1789699293879685,0,rollback,bench,38,16,0,3959,ok
18790,1789699293879685,0,rollback,bench,641,12,0,3959,ok
18796,1789699293880786,0,rollback,bench,329,12,0,3962,ok
18797,1789699293880807,0,rollback,bench,550,16,0,3963,ok
18797,1789699293880807,0,rollback,bench,579,13,0,3963,ok
18797,1789699293880807,0,rollback,bench,561,15,0,3963,ok
18797,1789699293880808,0,rollback,bench,693,15,0,3963,ok
18801,1789699293880819,0,rollback,bench,773,16,0,3964,ok
18801,1789699293880819,0,rollback,bench,73,19,0,3964,ok
18801,1789699293880823,0,rollback,bench,531,15,0,3964,ok
18801,1789699293880824,0,rollback,bench,84,17,0,3964,ok
18801,1789699293880824,0,rollback,bench,67,16,0,3964,ok
18806,1789699293880827,0,rollback,bench,640,11,0,3965,ok
18815,1789699293884314,0,rollback,bench,22,8,0,3970,ok
18815,1789699293884315,0,rollback,bench,801,14,0,3970,ok
18815,1789699293884316,0,rollback,bench,171,18,0,3970,ok
18815,1789699293884316,0,rollback,bench,855,14,0,3970,ok
18815,1789699293884316,0,rollback,bench,519,14,0,3970,ok
18825,1789699293886690,0,rollback,bench,817,13,0,3972,ok
18825,1789699293886690,0,rollback,bench,243,18,0,3972,ok
18825,1789699293886691,0,rollback,bench,301,12,0,3972,ok
18825,1789699293886691,0,rollback,bench,237,17,0,3972,ok
18852,1789699293897431,0,rollback,bench,628,17,0,3983,ok
18879,1789699293909719,0,rollback,bench,237,17,0,3993,ok
18879,1789699293909720,0,rollback,bench,4,18,0,3993,ok
18879,1789699293909721,0,rollback,bench,815,15,0,3993,ok
18879,1789699293909721,0,rollback,bench,253,13,0,3993,ok
18879,1789699293909721,0,rollback,bench,144,17,0,3993,ok
18893,1789699293913880,0,rollback,bench,297,15,0,3997,ok
18893,1789699293913881,0,rollback,bench,319,12,0,3997,ok
18893,1789699293913882,0,rollback,bench,369,21,0,3997,ok
18896,1789699293913888,0,rollback,bench,248,13,0,3998,ok
18896,1789699293913888,0,rollback,bench,764,18,0,3998,ok
18896,1789699293913889,0,rollback,bench,421,18,0,3998,ok
18904,1789699293915822,0,rollback,bench,616,18,0,4000,ok
18904,1789699293915822,0,rollback,bench,444,14,0,4000,ok
18904,1789699293915823,0,rollback,bench,741,9,0,4000,ok
18904,1789699293915823,0,rollback,bench,967,13,0,4000,ok
18912,1789699293917528,0,rollback,bench,8,17,0,4004,ok
18912,1789699293917529,0,rollback,bench,29,11,0,4004,ok
18912,1789699293917530,0,rollback,bench,875,19,0,4004,ok
18912,1789699293917530,0,rollback,bench,705,18,0,4004,ok
18912,1789699293917531,0,rollback,bench,337,16,0,4004,ok
18926,1789699293921533,0,rollback,bench,207,13,0,4007,ok
18926,1789699293921534,0,rollback,bench,549,16,0,4007,ok
18928,1789699293921539,0,rollback,bench,355,14,0,4008,ok
18928,1789699293921539,0,rollback,bench,928,18,0,4008,ok
18937,1789699293925138,0,rollback,bench,402,19,0,4013,ok
18938,1789699293925156,0,rollback,bench,499,13,0,4014,ok
18938,1789699293925156,0,rollback,bench,266,14,0,4014,ok
18938,1789699293925157,0,rollback,bench,545,20,0,4014,ok
18938,1789699293925157,0,rollback,bench,630,15,0,4014,ok
18938,1789699293925157,0,rollback,bench,202,15,0,4014,ok
18944,1789699293925555,0,rollback,bench,328,5,0,4016,ok
18945,1789699293925560,0,rollback,bench,393,14,0,4017,ok
18945,1789699293925560,0,rollback,bench,158,12,0,4017,ok
18963,1789699293933135,0,rollback,bench,907,13,0,4022,ok
18983,1789699293941923,0,rollback,bench,341,14,0,4028,ok
18983,1789699293941924,0,rollback,bench,385,15,0,4028,ok
18983,1789699293941925,0,rollback,bench,459,21,0,4028,ok
18983,1789699293941925,0,rollback,bench,428,23,0,4028,ok
18983,1789699293941925,0,rollback,bench,861,19,0,4028,ok
19005,1789699293969603,0,rollback,bench,505,25,0,4033,ok
19005,1789699293969605,0,rollback,bench,285,17,0,4033,ok
19005,1789699293969605,0,rollback,bench,902,19,0,4033,ok
19013,1789699293972331,0,rollback,bench,910,16,0,4035,ok
19013,1789699293972332,0,rollback,bench,28,17,0,4035,ok
19013,1789699293972332,0,rollback,bench,911,14,0,4035,ok
19013,1789699293972332,0,rollback,bench,890,16,0,4035,ok
19040,1789699293983965,0,rollback,bench,78,17,0,4044,ok
19040,1789699293983966,0,rollback,bench,150,18,0,4044,ok
19040,1789699293983967,0,rollback,bench,604,17,0,4044,ok
19040,1789699293983967,0,rollback,bench,135,13,0,4044,ok
19040,1789699293983968,0,rollback,bench,468,21,0,4044,ok
19060,1789699293990990,0,rollback,bench,777,18,0,4049,ok
19060,1789699293990991,0,rollback,bench,602,18,0,4049,ok
19079,1789699293997751,0,rollback,bench,922,20,0,4057,ok
19080,1789699293997754,0,rollback,bench,726,13,0,4058,ok
19083,1789699293998498,0,rollback,bench,503,17,0,4060,ok
19088,1789699294000526,0,rollback,bench,972,17,0,4062,ok
19088,1789699294000527,0,rollback,bench,281,15,0,4062,ok
19088,1789699294000528,0,rollback,bench,109,16,0,4062,ok
19095,1789699294002083,0,rollback,bench,374,14,0,4064,ok
19095,1789699294002084,0,rollback,bench,470,21,0,4064,ok
19095,1789699294002084,0,rollback,bench,514,16,0,4064,ok
19095,1789699294002085,0,rollback,bench,744,12,0,4064,ok
19095,1789699294002085,0,rollback,bench,946,12,0,4064,ok
19109,1789699294006195,0,rollback,bench,455,13,0,4068,ok
19109,1789699294006196,0,rollback,bench,43,19,0,4068,ok
19115,1789699294008094,0,rollback,bench,792,15,0,4071,ok
19115,1789699294008095,0,rollback,bench,779,16,0,4071,ok
19115,1789699294008095,0,rollback,bench,189,17,0,4071,ok
19115,1789699294008095,0,rollback,bench,703,11,0,4071,ok
19115,1789699294008096,0,rollback,bench,523,15,0,4071,ok
19120,1789699294008103,0,rollback,bench,532,16,0,4072,ok
19120,1789699294008103,0,rollback,bench,928,18,0,4072,ok
19120,1789699294008103,0,rollback,bench,596,20,0,4072,ok
19131,1789699294011480,0,rollback,bench,436,19,0,4076,ok
19131,1789699294011481,0,rollback,bench,995,16,0,4076,ok
19138,1789699294013445,0,rollback,bench,671,13,0,4078,ok
19138,1789699294013446,0,rollback,bench,223,19,0,4078,ok
19138,1789699294013446,0,rollback,bench,438,16,0,4078,ok
19180,1789699294030187,0,rollback,bench,55,13,0,4094,ok
19180,1789699294030188,0,rollback,bench,383,23,0,4094,ok
19180,1789699294030189,0,rollback,bench,774,18,0,4094,ok
19180,1789699294030189,0,rollback,bench,696,17,0,4094,ok
19180,1789699294030189,0,rollback,bench,339,16,0,4094,ok
19185,1789699294030194,0,rollback,bench,984,28,0,4095,ok
19185,1789699294030194,0,rollback,bench,385,15,0,4095,ok
19192,1789699294032280,0,rollback,bench,32,13,0,4098,ok
19192,1789699294032281,0,rollback,bench,695,24,0,4098,ok
19192,1789699294032281,0,rollback,bench,282,17,0,4098,ok
19192,1789699294032282,0,rollback,bench,282,17,0,4098,ok
19192,1789699294032282,0,rollback,bench,767,16,0,4098,ok
19197,1789699294032286,0,rollback,bench,446,16,0,4099,ok
19197,1789699294032286,0,rollback,bench,680,24,0,4099,ok
19216,1789699294039797,0,rollback,bench,646,16,0,4108,ok
19216,1789699294039798,0,rollback,bench,497,18,0,4108,ok
19216,1789699294039799,0,rollback,bench,873,18,0,4108,ok
19216,1789699294039799,0,rollback,bench,135,13,0,4108,ok
19216,1789699294039799,0,rollback,bench,971,14,0,4108,ok
19227,1789699294042240,0,rollback,bench,623,15,0,4111,ok
19227,1789699294042240,0,rollback,bench,943,19,0,4111,ok
19237,1789699294045371,0,rollback,bench,62,19,0,4114,ok
19237,1789699294045372,0,rollback,bench,30,14,0,4114,ok
19237,1789699294045372,0,rollback,bench,468,21,0,4114,ok
19237,1789699294045373,0,rollback,bench,781,25,0,4114,ok
19237,1789699294045384,0,rollback,bench,64,17,0,4114,ok
19242,1789699294045395,0,rollback,bench,252,14,0,4115,ok
19242,1789699294045395,0,rollback,bench,674,20,0,4115,ok
19242,1789699294045395,0,rollback,bench,266,14,0,4115,ok
19242,1789699294045396,0,rollback,bench,971,14,0,4115,ok
19252,1789699294047694,0,rollback,bench,468,21,0,4118,ok
19252,1789699294047695,0,rollback,bench,267,15,0,4118,ok
19252,1789699294047695,0,rollback,bench,357,14,0,4118,ok
19288,1789699294061746,0,rollback,bench,675,16,0,4132,ok
19288,1789699294061747,0,rollback,bench,361,16,0,4132,ok
19297,1789699294064496,0,rollback,bench,206,12,0,4135,ok
19297,1789699294064497,0,rollback,bench,597,24,0,4135,ok
19302,1789699294065548,0,rollback,bench,746,18,0,4138,ok
19302,1789699294065549,0,rollback,bench,299,10,0,4138,ok
19302,1789699294065550,0,rollback,bench,189,17,0,4138,ok
19302,1789699294065550,0,rollback,bench,28,17,0,4138,ok
19302,1789699294065550,0,rollback,bench,760,18,0,4138,ok
19316,1789699294069191,0,rollback,bench,874,11,0,4143,ok
19316,1789699294069192,0,rollback,bench,756,16,0,4143,ok
19316,1789699294069192,0,rollback,bench,670,14,0,4143,ok
19316,1789699294069193,0,rollback,bench,602,18,0,4143,ok
19323,1789699294070288,0,rollback,bench,204,21,0,4145,ok
19323,1789699294070289,0,rollback,bench,549,16,0,4145,ok
19323,1789699294070289,0,rollback,bench,161,14,0,4145,ok
19326,1789699294070294,0,rollback,bench,770,9,0,4146,ok
19326,1789699294070294,0,rollback,bench,906,17,0,4146,ok
19331,1789699294071381,0,rollback,bench,799,19,0,4148,ok
19331,1789699294071381,0,rollback,bench,353,15,0,4148,ok
19352,1789699294078491,0,rollback,bench,18,17,0,4155,ok
19352,1789699294078492,0,rollback,bench,381,12,0,4155,ok
19352,1789699294078492,0,rollback,bench,821,14,0,4155,ok
19352,1789699294078493,0,rollback,bench,145,17,0,4155,ok
19352,1789699294078493,0,rollback,bench,650,11,0,4155,ok
19357,1789699294078498,0,rollback,bench,692,17,0,4156,ok
19357,1789699294078499,0,rollback,bench,153,15,0,4156,ok
19364,1789699294080191,0,rollback,bench,990,18,0,4158,ok
19364,1789699294080192,0,rollback,bench,297,15,0,4158,ok
19364,1789699294080193,0,rollback,bench,476,17,0,4158,ok
19373,1789699294082713,0,rollback,bench,590,22,0,4161,ok
19383,1789699294085888,0,rollback,bench,147,10,0,4164,ok
19383,1789699294085889,0,rollback,bench,983,20,0,4164,ok
19394,1789699294089519,0,rollback,bench,63,25,0,4169,ok
19394,1789699294089520,0,rollback,bench,987,17,0,4169,ok
19394,1789699294089521,0,rollback,bench,605,13,0,4169,ok
19394,1789699294089521,0,rollback,bench,905,16,0,4169,ok
19394,1789699294089521,0,rollback,bench,398,19,0,4169,ok
19402,1789699294090747,0,rollback,bench,155,22,0,4171,ok
19402,1789699294090748,0,rollback,bench,309,9,0,4171,ok
19423,1789699294098304,0,rollback,bench,286,10,0,4180,ok
19423,1789699294098305,0,rollback,bench,988,15,0,4180,ok
19423,1789699294098306,0,rollback,bench,949,15,0,4180,ok
19423,1789699294098306,0,rollback,bench,748,18,0,4180,ok
19448,1789699294106150,0,rollback,bench,212,15,0,4187,ok
19448,1789699294106151,0,rollback,bench,640,11,0,4187,ok
19453,1789699294107177,0,rollback,bench,807,17,0,4190,ok
19465,1789699294111643,0,rollback,bench,56,11,0,4194,ok
19465,1789699294111644,0,rollback,bench,367,9,0,4194,ok
19465,1789699294111644,0,rollback,bench,23,15,0,4194,ok
19502,1789699294124319,0,rollback,bench,256,19,0,4206,ok
19525,1789699294134105,0,rollback,bench,526,12,0,4215,ok
19525,1789699294134106,0,rollback,bench,732,15,0,4215,ok
19525,1789699294134107,0,rollback,bench,647,12,0,4215,ok
19525,1789699294134107,0,rollback,bench,750,19,0,4215,ok
19525,1789699294134107,0,rollback,bench,896,15,0,4215,ok
19544,1789699294139477,0,rollback,bench,233,15,0,4219,ok
19544,1789699294139478,0,rollback,bench,148,19,0,4219,ok
19544,1789699294139479,0,rollback,bench,171,18,0,4219,ok
19574,1789699294149603,0,rollback,bench,459,21,0,4230,ok
19574,1789699294149604,0,rollback,bench,175,22,0,4230,ok
19574,1789699294149605,0,rollback,bench,856,25,0,4230,ok
19595,1789699294156668,0,rollback,bench,173,17,0,4236,ok
19607,1789699294160319,0,rollback,bench,765,13,0,4240,ok
19607,1789699294160320,0,rollback,bench,371,20,0,4240,ok
19607,1789699294160320,0,rollback,bench,533,22,0,4240,ok
19607,1789699294160321,0,rollback,bench,441,19,0,4240,ok
19607,1789699294160321,0,rollback,bench,880,10,0,4240,ok
19623,1789699294164354,0,rollback,bench,454,6,0,4246,ok
19623,1789699294164355,0,rollback,bench,990,18,0,4246,ok
19623,1789699294164355,0,rollback,bench,687,12,0,4246,ok
19623,1789699294164356,0,rollback,bench,583,14,0,4246,ok
19627,1789699294164364,0,rollback,bench,276,10,0,4247,ok
19627,1789699294164364,0,rollback,bench,466,16,0,4247,ok
19627,1789699294164365,0,rollback,bench,666,18,0,4247,ok
19627,1789699294164365,0,rollback,bench,496,24,0,4247,ok
19631,1789699294164367,0,rollback,bench,896,15,0,4248,ok
19653,1789699294171392,0,rollback,bench,444,15,0,4254,ok
19653,1789699294171393,0,rollback,bench,735,19,0,4254,ok
19653,1789699294171393,0,rollback,bench,947,14,0,4254,ok
19683,1789699294180885,0,rollback,bench,67,17,0,4264,ok
19683,1789699294180886,0,rollback,bench,760,18,0,4264,ok
19683,1789699294180887,0,rollback,bench,697,16,0,4264,ok
19683,1789699294180887,0,rollback,bench,159,16,0,4264,ok
19717,1789699294192180,0,rollback,bench,184,17,0,4277,ok
19717,1789699294192181,0,rollback,bench,326,17,0,4277,ok
19735,1789699294203266,0,rollback,bench,361,16,0,4283,ok
19735,1789699294203267,0,rollback,bench,599,20,0,4283,ok
19739,1789699294204156,0,rollback,bench,815,15,0,4285,ok
19766,1789699294214299,0,rollback,bench,542,18,0,4294,ok
19766,1789699294214300,0,rollback,bench,524,10,0,4294,ok
19766,1789699294214301,0,rollback,bench,916,19,0,4294,ok
19766,1789699294214301,0,rollback,bench,373,15,0,4294,ok
19766,1789699294214302,0,rollback,bench,176,10,0,4294,ok
19776,1789699294216192,0,rollback,bench,862,21,0,4297,ok
19776,1789699294216193,0,rollback,bench,675,17,0,4297,ok
19776,1789699294216193,0,rollback,bench,653,21,0,4297,ok
19785,1789699294218351,0,rollback,bench,882,9,0,4300,ok
19785,1789699294218352,0,rollback,bench,978,20,0,4300,ok
19785,1789699294218352,0,rollback,bench,624,20,0,4300,ok
19785,1789699294218352,0,rollback,bench,879,17,0,4300,ok
19785,1789699294218353,0,rollback,bench,259,18,0,4300,ok
19793,1789699294219354,0,rollback,bench,993,24,0,4303,ok
19793,1789699294219355,0,rollback,bench,447,13,0,4303,ok
19802,1789699294221949,0,rollback,bench,355,15,0,4306,ok
19802,1789699294221950,0,rollback,bench,27,16,0,4306,ok
19802,1789699294221950,0,rollback,bench,790,11,0,4306,ok
19802,1789699294221950,0,rollback,bench,854,10,0,4306,ok
19806,1789699294221960,0,rollback,bench,274,16,0,4307,ok
19806,1789699294221960,0,rollback,bench,178,10,0,4307,ok
19806,1789699294221961,0,rollback,bench,290,17,0,4307,ok
19806,1789699294221961,0,rollback,bench,795,16,0,4307,ok
19822,1789699294226853,0,rollback,bench,460,20,0,4312,ok
19822,1789699294226854,0,rollback,bench,499,15,0,4312,ok
19822,1789699294226854,0,rollback,bench,265,19,0,4312,ok
19822,1789699294226855,0,rollback,bench,886,14,0,4312,ok
19846,1789699294234038,0,rollback,bench,243,18,0,4320,ok
19846,1789699294234039,0,rollback,bench,681,22,0,4320,ok
19846,1789699294234039,0,rollback,bench,895,17,0,4320,ok
19853,1789699294236023,0,rollback,bench,394,14,0,4323,ok
19853,1789699294236024,0,rollback,bench,35,11,0,4323,ok
19853,1789699294236024,0,rollback,bench,725,20,0,4323,ok
19853,1789699294236025,0,rollback,bench,348,23,0,4323,ok
19853,1789699294236025,0,rollback,bench,862,21,0,4323,ok
19858,1789699294236033,0,rollback,bench,262,18,0,4324,ok
19858,1789699294236033,0,rollback,bench,426,21,0,4324,ok
19858,1789699294236033,0,rollback,bench,224,19,0,4324,ok
19864,1789699294237528,0,rollback,bench,444,15,0,4326,ok
19864,1789699294237529,0,rollback,bench,269,9,0,4326,ok
19864,1789699294237529,0,rollback,bench,550,18,0,4326,ok
19864,1789699294237529,0,rollback,bench,777,18,0,4326,ok
19868,1789699294237533,0,rollback,bench,211,15,0,4327,ok
19868,1789699294237534,0,rollback,bench,256,19,0,4327,ok
19878,1789699294240842,0,rollback,bench,431,26,0,4330,ok
19878,1789699294240843,0,rollback,bench,552,17,0,4330,ok
19878,1789699294240844,0,rollback,bench,783,16,0,4330,ok
19878,1789699294240854,0,rollback,bench,372,13,0,4330,ok
19878,1789699294240854,0,rollback,bench,239,12,0,4330,ok
19883,1789699294240858,0,rollback,bench,287,14,0,4331,ok
19883,1789699294240859,0,rollback,bench,955,18,0,4331,ok
19887,1789699294241509,0,rollback,bench,41,15,0,4333,ok
19898,1789699294245588,0,rollback,bench,85,19,0,4337,ok
19898,1789699294245589,0,rollback,bench,497,18,0,4337,ok
19898,1789699294245589,0,rollback,bench,170,23,0,4337,ok
19898,1789699294245590,0,rollback,bench,409,18,0,4337,ok
19902,1789699294245604,0,rollback,bench,485,13,0,4338,ok
19902,1789699294245604,0,rollback,bench,932,17,0,4338,ok
19902,1789699294245605,0,rollback,bench,491,18,0,4338,ok
19902,1789699294245605,0,rollback,bench,592,16,0,4338,ok
19902,1789699294245606,0,rollback,bench,40,20,0,4338,ok
19907,1789699294245645,0,rollback,bench,587,16,0,4339,ok
19907,1789699294245645,0,rollback,bench,612,12,0,4339,ok
19907,1789699294245646,0,rollback,bench,12,16,0,4339,ok
19907,1789699294245646,0,rollback,bench,421,18,0,4339,ok
19919,1789699294248389,0,rollback,bench,461,17,0,4342,ok
19920,1789699294248407,0,rollback,bench,106,17,0,4343,ok
19920,1789699294248407,0,rollback,bench,574,18,0,4343,ok
19920,1789699294248408,0,rollback,bench,722,19,0,4343,ok
19953,1789699294260160,0,rollback,bench,211,15,0,4354,ok
19962,1789699294263517,0,rollback,bench,478,12,0,4359,ok
19962,1789699294263518,0,rollback,bench,924,11,0,4359,ok
20029,1789699294288275,0,rollback,bench,101,21,0,4381,ok
20029,1789699294288276,0,rollback,bench,624,20,0,4381,ok
20029,1789699294288277,0,rollback,bench,626,19,0,4381,ok
20043,1789699294293289,0,rollback,bench,157,15,0,4386,ok
20043,1789699294293290,0,rollback,bench,807,19,0,4386,ok
20043,1789699294293290,0,rollback,bench,959,18,0,4386,ok
20043,1789699294293291,0,rollback,bench,462,13,0,4386,ok
20069,1789699294302408,0,rollback,bench,679,17,0,4396,ok
20069,1789699294302409,0,rollback,bench,898,20,0,4396,ok
20077,1789699294304825,0,rollback,bench,655,20,0,4399,ok
20077,1789699294304826,0,rollback,bench,235,18,0,4399,ok
20077,1789699294304826,0,rollback,bench,970,14,0,4399,ok
20093,1789699294310105,0,rollback,bench,256,19,0,4406,ok
20093,1789699294310106,0,rollback,bench,479,14,0,4406,ok
20093,1789699294310106,0,rollback,bench,420,14,0,4406,ok
20093,1789699294310107,0,rollback,bench,712,18,0,4406,ok
20093,1789699294310107,0,rollback,bench,236,20,0,4406,ok
20106,1789699294313141,0,rollback,bench,718,22,0,4409,ok
20106,1789699294313142,0,rollback,bench,528,10,0,4409,ok
20106,1789699294313143,0,rollback,bench,710,21,0,4409,ok
20106,1789699294313143,0,rollback,bench,881,17,0,4409,ok
20106,1789699294313143,0,rollback,bench,165,18,0,4409,ok
20116,1789699294315700,0,rollback,bench,430,18,0,4412,ok
20116,1789699294315701,0,rollback,bench,984,29,0,4412,ok
20116,1789699294315702,0,rollback,bench,810,21,0,4412,ok
20116,1789699294315702,0,rollback,bench,456,19,0,4412,ok
20126,1789699294318028,0,rollback,bench,823,24,0,4415,ok
20126,1789699294318029,0,rollback,bench,334,13,0,4415,ok
20126,1789699294318030,0,rollback,bench,885,14,0,4415,ok
20126,1789699294318030,0,rollback,bench,71,14,0,4415,ok
20126,1789699294318031,0,rollback,bench,289,16,0,4415,ok
20134,1789699294319061,0,rollback,bench,118,24,0,4417,ok
20134,1789699294319062,0,rollback,bench,239,12,0,4417,ok
20134,1789699294319062,0,rollback,bench,760,18,0,4417,ok
20134,1789699294319063,0,rollback,bench,185,25,0,4417,ok
20134,1789699294319063,0,rollback,bench,752,18,0,4417,ok
20139,1789699294319065,0,rollback,bench,238,13,0,4418,ok
20140,1789699294319077,0,rollback,bench,420,14,0,4419,ok
20140,1789699294319078,0,rollback,bench,332,13,0,4419,ok
20140,1789699294319078,0,rollback,bench,427,14,0,4419,ok
20140,1789699294319079,0,rollback,bench,701,23,0,4419,ok
20140,1789699294319079,0,rollback,bench,58,18,0,4419,ok
20169,1789699294328381,0,rollback,bench,749,19,0,4429,ok
20169,1789699294328382,0,rollback,bench,647,12,0,4429,ok
20169,1789699294328382,0,rollback,bench,939,19,0,4429,ok
20182,1789699294331934,0,rollback,bench,170,23,0,4432,ok
20183,1789699294331939,0,rollback,bench,574,18,0,4433,ok
20183,1789699294331939,0,rollback,bench,908,17,0,4433,ok
20185,1789699294331943,0,rollback,bench,217,13,0,4434,ok
20185,1789699294331944,0,rollback,bench,559,19,0,4434,ok
20201,1789699294337637,0,rollback,bench,540,8,0,4439,ok
20201,1789699294337639,0,rollback,bench,991,11,0,4439,ok
20201,1789699294337640,0,rollback,bench,250,14,0,4439,ok
20211,1789699294340798,0,rollback,bench,243,18,0,4444,ok
20219,1789699294343908,0,rollback,bench,466,16,0,4447,ok
20219,1789699294343909,0,rollback,bench,691,20,0,4447,ok
20219,1789699294343910,0,rollback,bench,739,11,0,4447,ok
20219,1789699294343910,0,rollback,bench,301,14,0,4447,ok
20219,1789699294343910,0,rollback,bench,349,16,0,4447,ok
20237,1789699294349072,0,rollback,bench,763,23,0,4452,ok
20237,1789699294349073,0,rollback,bench,464,13,0,4452,ok
20260,1789699294357099,0,rollback,bench,441,20,0,4462,ok
20260,1789699294357101,0,rollback,bench,628,18,0,4462,ok
20260,1789699294357101,0,rollback,bench,23,15,0,4462,ok
20260,1789699294357102,0,rollback,bench,153,16,0,4462,ok
20260,1789699294357102,0,rollback,bench,772,25,0,4462,ok
20265,1789699294357109,0,rollback,bench,886,14,0,4463,ok
20265,1789699294357110,0,rollback,bench,26,17,0,4463,ok
20265,1789699294357110,0,rollback,bench,313,15,0,4463,ok
20291,1789699294366509,0,rollback,bench,573,14,0,4471,ok
20291,1789699294366510,0,rollback,bench,226,17,0,4471,ok
20291,1789699294366510,0,rollback,bench,970,14,0,4471,ok
20291,1789699294366511,0,rollback,bench,712,18,0,4471,ok
20300,1789699294368522,0,rollback,bench,787,16,0,4474,ok
20300,1789699294368523,0,rollback,bench,505,27,0,4474,ok
20302,1789699294368526,0,rollback,bench,928,19,0,4475,ok
20305,1789699294369224,0,rollback,bench,782,16,0,4478,ok
20308,1789699294369999,0,rollback,bench,554,19,0,4480,ok
20308,1789699294370000,0,rollback,bench,894,23,0,4480,ok
20308,1789699294370000,0,rollback,bench,40,20,0,4480,ok
20308,1789699294370001,0,rollback,bench,509,16,0,4480,ok
20315,1789699294371380,0,rollback,bench,162,12,0,4483,ok
20315,1789699294371381,0,rollback,bench,452,10,0,4483,ok
20315,1789699294371381,0,rollback,bench,533,23,0,4483,ok
20315,1789699294371382,0,rollback,bench,942,15,0,4483,ok
20315,1789699294371382,0,rollback,bench,151,27,0,4483,ok
20340,1789699294381298,0,rollback,bench,525,13,0,4491,ok
20340,1789699294381299,0,rollback,bench,617,13,0,4491,ok
20343,1789699294381683,0,rollback,bench,955,18,0,4493,ok
20343,1789699294381684,0,rollback,bench,766,10,0,4493,ok
20343,1789699294381684,0,rollback,bench,662,19,0,4493,ok
20352,1789699294383894,0,rollback,bench,386,21,0,4496,ok
20352,1789699294383895,0,rollback,bench,21,14,0,4496,ok
20352,1789699294383896,0,rollback,bench,634,12,0,4496,ok
20370,1789699294390065,0,rollback,bench,770,10,0,4503,ok
20370,1789699294390066,0,rollback,bench,580,17,0,4503,ok
20385,1789699294395400,0,rollback,bench,865,17,0,4507,ok
20385,1789699294395401,0,rollback,bench,487,13,0,4507,ok
20385,1789699294395401,0,rollback,bench,330,16,0,4507,ok
20388,1789699294395407,0,rollback,bench,636,18,0,4508,ok
20388,1789699294395407,0,rollback,bench,489,14,0,4508,ok
20388,1789699294395408,0,rollback,bench,999,11,0,4508,ok
20403,1789699294399932,0,rollback,bench,524,10,0,4512,ok
20403,1789699294399933,0,rollback,bench,901,10,0,4512,ok
20403,1789699294399934,0,rollback,bench,996,13,0,4512,ok
20403,1789699294399934,0,rollback,bench,935,14,0,4512,ok
20432,1789699294410177,0,rollback,bench,118,24,0,4521,ok
20432,1789699294410178,0,rollback,bench,380,17,0,4521,ok
20432,1789699294410178,0,rollback,bench,191,20,0,4521,ok
20432,1789699294410179,0,rollback,bench,248,14,0,4521,ok
20432,1789699294410179,0,rollback,bench,494,19,0,4521,ok
20437,1789699294410185,0,rollback,bench,86,22,0,4522,ok
20437,1789699294410186,0,rollback,bench,583,14,0,4522,ok
20437,1789699294410186,0,rollback,bench,286,10,0,4522,ok
20466,1789699294420233,0,rollback,bench,663,20,0,4531,ok
20466,1789699294420233,0,rollback,bench,934,21,0,4531,ok
20466,1789699294420234,0,rollback,bench,473,13,0,4531,ok
20479,1789699294424333,0,rollback,bench,871,27,0,4534,ok
20479,1789699294424333,0,rollback,bench,439,27,0,4534,ok
20508,1789699294440648,0,rollback,bench,180,16,0,4544,ok
20508,1789699294440649,0,rollback,bench,74,16,0,4544,ok
20508,1789699294440649,0,rollback,bench,105,22,0,4544,ok
20508,1789699294440650,0,rollback,bench,187,12,0,4544,ok
20508,1789699294440650,0,rollback,bench,616,22,0,4544,ok
20531,1789699294448263,0,rollback,bench,847,15,0,4552,ok
20531,1789699294448264,0,rollback,bench,337,16,0,4552,ok
20531,1789699294448265,0,rollback,bench,981,14,0,4552,ok
20545,1789699294453260,0,rollback,bench,59,14,0,4557,ok
20545,1789699294453261,0,rollback,bench,218,15,0,4557,ok
20545,1789699294453261,0,rollback,bench,988,18,0,4557,ok
20552,1789699294454748,0,rollback,bench,15,20,0,4560,ok
20552,1789699294454749,0,rollback,bench,380,17,0,4560,ok
20552,1789699294454749,0,rollback,bench,797,16,0,4560,ok
20552,1789699294454750,0,rollback,bench,541,13,0,4560,ok
20568,1789699294459644,0,rollback,bench,134,11,0,4565,ok
20568,1789699294459645,0,rollback,bench,983,23,0,4565,ok
20590,1789699294467824,0,rollback,bench,445,19,0,4571,ok
20590,1789699294467825,0,rollback,bench,183,18,0,4571,ok
20596,1789699294469256,0,rollback,bench,916,19,0,4574,ok
20596,1789699294469257,0,rollback,bench,621,14,0,4574,ok
20596,1789699294469258,0,rollback,bench,415,13,0,4574,ok
20599,1789699294469265,0,rollback,bench,450,20,0,4575,ok
20599,1789699294469265,0,rollback,bench,159,16,0,4575,ok
20599,1789699294469265,0,rollback,bench,885,14,0,4575,ok
20612,1789699294473237,0,rollback,bench,559,19,0,4579,ok
20612,1789699294473238,0,rollback,bench,971,15,0,4579,ok
20612,1789699294473238,0,rollback,bench,432,11,0,4579,ok
20612,1789699294473239,0,rollback,bench,694,20,0,4579,ok
20632,1789699294479598,0,rollback,bench,344,20,0,4587,ok
20634,1789699294480185,0,rollback,bench,534,22,0,4589,ok
20634,1789699294480186,0,rollback,bench,482,25,0,4589,ok
20634,1789699294480187,0,rollback,bench,750,20,0,4589,ok
20634,1789699294480187,0,rollback,bench,92,17,0,4589,ok
20634,1789699294480188,0,rollback,bench,779,17,0,4589,ok
20641,1789699294480822,0,rollback,bench,250,14,0,4591,ok
20642,1789699294480849,0,rollback,bench,182,19,0,4592,ok
20642,1789699294480849,0,rollback,bench,965,21,0,4592,ok
20642,1789699294480849,0,rollback,bench,671,13,0,4592,ok
20642,1789699294480850,0,rollback,bench,527,18,0,4592,ok
20642,1789699294480850,0,rollback,bench,568,17,0,4592,ok
20658,1789699294485076,0,rollback,bench,324,21,0,4597,ok
20658,1789699294485077,0,rollback,bench,380,17,0,4597,ok
20658,1789699294485077,0,rollback,bench,706,19,0,4597,ok
20661,1789699294485084,0,rollback,bench,865,18,0,4598,ok
20661,1789699294485084,0,rollback,bench,898,22,0,4598,ok
20661,1789699294485085,0,rollback,bench,549,18,0,4598,ok
20664,1789699294485087,0,rollback,bench,981,14,0,4599,ok
20676,1789699294489458,0,rollback,bench,763,24,0,4603,ok
20676,1789699294489459,0,rollback,bench,537,15,0,4603,ok
20676,1789699294489460,0,rollback,bench,531,18,0,4603,ok
20676,1789699294489460,0,rollback,bench,528,10,0,4603,ok
20676,1789699294489461,0,rollback,bench,412,24,0,4603,ok
20681,1789699294489473,0,rollback,bench,927,16,0,4604,ok
20681,1789699294489474,0,rollback,bench,243,18,0,4604,ok
20681,1789699294489474,0,rollback,bench,511,17,0,4604,ok
20681,1789699294489475,0,rollback,bench,553,18,0,4604,ok
20681,1789699294489475,0,rollback,bench,816,21,0,4604,ok
20749,1789699294515236,0,rollback,bench,110,13,0,4624,ok
20750,1789699294515241,0,rollback,bench,540,8,0,4625,ok
20778,1789699294530913,0,rollback,bench,622,25,0,4636,ok
20778,1789699294530914,0,rollback,bench,208,10,0,4636,ok
20778,1789699294530915,0,rollback,bench,435,20,0,4636,ok
20805,1789699294542797,0,rollback,bench,391,19,0,4646,ok
20805,1789699294542799,0,rollback,bench,958,23,0,4646,ok
20805,1789699294542799,0,rollback,bench,667,18,0,4646,ok
20820,1789699294547913,0,rollback,bench,51,24,0,4650,ok
20820,1789699294547914,0,rollback,bench,232,19,0,4650,ok
20820,1789699294547915,0,rollback,bench,89,18,0,4650,ok
20826,1789699294549593,0,rollback,bench,837,8,0,4652,ok
20826,1789699294549594,0,rollback,bench,30,16,0,4652,ok
20826,1789699294549594,0,rollback,bench,146,20,0,4652,ok
20826,1789699294549595,0,rollback,bench,793,9,0,4652,ok
20851,1789699294560125,0,rollback,bench,139,22,0,4660,ok
20851,1789699294560126,0,rollback,bench,910,16,0,4660,ok
20851,1789699294560127,0,rollback,bench,955,20,0,4660,ok
20851,1789699294560128,0,rollback,bench,970,14,0,4660,ok
20863,1789699294565340,0,rollback,bench,389,13,0,4665,ok
20863,1789699294565342,0,rollback,bench,923,17,0,4665,ok
20863,1789699294565342,0,rollback,bench,491,20,0,4665,ok
20863,1789699294565343,0,rollback,bench,769,25,0,4665,ok
20863,1789699294565343,0,rollback,bench,272,11,0,4665,ok
20871,1789699294567220,0,rollback,bench,940,9,0,4667,ok
20871,1789699294567221,0,rollback,bench,319,15,0,4667,ok
20871,1789699294567221,0,rollback,bench,349,18,0,4667,ok
20871,1789699294567222,0,rollback,bench,838,18,0,4667,ok
20921,1789699294596108,0,rollback,bench,535,19,0,4683,ok
20949,1789699294608757,0,rollback,bench,571,23,0,4693,ok
20949,1789699294608759,0,rollback,bench,978,21,0,4693,ok
20949,1789699294608759,0,rollback,bench,491,20,0,4693,ok
20961,1789699294612719,0,rollback,bench,440,15,0,4697,ok
20962,1789699294612740,0,rollback,bench,114,20,0,4698,ok
20962,1789699294612740,0,rollback,bench,737,22,0,4698,ok
20962,1789699294612741,0,rollback,bench,418,21,0,4698,ok
20962,1789699294612741,0,rollback,bench,372,13,0,4698,ok
20966,1789699294612744,0,rollback,bench,930,12,0,4699,ok
20987,1789699294621900,0,rollback,bench,217,13,0,4705,ok
20988,1789699294621915,0,rollback,bench,621,14,0,4706,ok
20988,1789699294621916,0,rollback,bench,120,17,0,4706,ok
20988,1789699294621916,0,rollback,bench,851,14,0,4706,ok
20988,1789699294621916,0,rollback,bench,335,20,0,4706,ok
21016,1789699294632021,0,rollback,bench,171,20,0,4714,ok
21022,1789699294633892,0,rollback,bench,61,17,0,4717,ok
21022,1789699294633893,0,rollback,bench,865,18,0,4717,ok
21031,1789699294636539,0,rollback,bench,378,21,0,4721,ok
21031,1789699294636540,0,rollback,bench,455,14,0,4721,ok
21031,1789699294636541,0,rollback,bench,643,12,0,4721,ok
21031,1789699294636541,0,rollback,bench,428,24,0,4721,ok
21031,1789699294636541,0,rollback,bench,185,26,0,4721,ok
21036,1789699294636547,0,rollback,bench,240,15,0,4722,ok
21036,1789699294636548,0,rollback,bench,110,13,0,4722,ok
21036,1789699294636548,0,rollback,bench,139,22,0,4722,ok
21039,1789699294636556,0,rollback,bench,16,13,0,4723,ok
21039,1789699294636556,0,rollback,bench,459,22,0,4723,ok
21039,1789699294636556,0,rollback,bench,39,10,0,4723,ok
21039,1789699294636557,0,rollback,bench,338,17,0,4723,ok
21055,1789699294641328,0,rollback,bench,528,10,0,4728,ok
21055,1789699294641329,0,rollback,bench,49,19,0,4728,ok
21057,1789699294641345,0,rollback,bench,497,18,0,4729,ok
21057,1789699294641345,0,rollback,bench,415,13,0,4729,ok
21057,1789699294641345,0,rollback,bench,72,8,0,4729,ok
21069,1789699294644942,0,rollback,bench,932,18,0,4733,ok
21069,1789699294644943,0,rollback,bench,40,20,0,4733,ok
21069,1789699294644944,0,rollback,bench,816,21,0,4733,ok
21069,1789699294644944,0,rollback,bench,160,15,0,4733,ok
21075,1789699294646188,0,rollback,bench,434,12,0,4736,ok
21075,1789699294646189,0,rollback,bench,643,12,0,4736,ok
21075,1789699294646190,0,rollback,bench,836,12,0,4736,ok
21075,1789699294646190,0,rollback,bench,456,19,0,4736,ok
21106,1789699294657811,0,rollback,bench,883,14,0,4745,ok
21106,1789699294657812,0,rollback,bench,97,14,0,4745,ok
21106,1789699294657813,0,rollback,bench,83,23,0,4745,ok
21111,1789699294658555,0,rollback,bench,637,19,0,4747,ok
21111,1789699294658556,0,rollback,bench,363,19,0,4747,ok
21111,1789699294658556,0,rollback,bench,495,16,0,4747,ok
21114,1789699294658562,0,rollback,bench,936,22,0,4748,ok
21114,1789699294658563,0,rollback,bench,168,23,0,4748,ok
21114,1789699294658563,0,rollback,bench,203,18,0,4748,ok
21133,1789699294664577,0,rollback,bench,983,23,0,4754,ok
21133,1789699294664578,0,rollback,bench,720,23,0,4754,ok
21133,1789699294664579,0,rollback,bench,564,19,0,4754,ok
21133,1789699294664579,0,rollback,bench,370,15,0,4754,ok
21149,1789699294670045,0,rollback,bench,331,15,0,4759,ok
21149,1789699294670046,0,rollback,bench,349,18,0,4759,ok
21184,1789699294684507,0,rollback,bench,580,19,0,4771,ok
21184,1789699294684508,0,rollback,bench,59,14,0,4771,ok
21184,1789699294684509,0,rollback,bench,626,21,0,4771,ok
21184,1789699294684509,0,rollback,bench,666,21,0,4771,ok
21184,1789699294684509,0,rollback,bench,166,16,0,4771,ok
21189,1789699294684512,0,rollback,bench,322,16,0,4772,ok
21190,1789699294684516,0,rollback,bench,802,13,0,4773,ok
21190,1789699294684517,0,rollback,bench,430,18,0,4773,ok
21192,1789699294684520,0,rollback,bench,34,19,0,4774,ok
21192,1789699294684521,0,rollback,bench,708,11,0,4774,ok
21195,1789699294684937,0,rollback,bench,9,11,0,4776,ok
21195,1789699294684938,0,rollback,bench,794,14,0,4776,ok
21195,1789699294684938,0,rollback,bench,46,19,0,4776,ok
21195,1789699294684939,0,rollback,bench,60,21,0,4776,ok
21195,1789699294684939,0,rollback,bench,149,19,0,4776,ok
21205,1789699294706237,0,rollback,bench,332,14,0,4779,ok
21205,1789699294706239,0,rollback,bench,968,23,0,4779,ok
21205,1789699294706239,0,rollback,bench,915,14,0,4779,ok
21205,1789699294706240,0,rollback,bench,872,16,0,4779,ok
21205,1789699294706240,0,rollback,bench,453,14,0,4779,ok
21214,1789699294708409,0,rollback,bench,833,16,0,4781,ok
21214,1789699294708410,0,rollback,bench,834,26,0,4781,ok
21214,1789699294708411,0,rollback,bench,940,9,0,4781,ok
21214,1789699294708411,0,rollback,bench,994,22,0,4781,ok
21214,1789699294708412,0,rollback,bench,133,20,0,4781,ok
21226,1789699294712072,0,rollback,bench,306,14,0,4785,ok
21226,1789699294712073,0,rollback,bench,607,25,0,4785,ok
21226,1789699294712074,0,rollback,bench,389,13,0,4785,ok
21226,1789699294712074,0,rollback,bench,70,15,0,4785,ok
21260,1789699294727897,0,rollback,bench,378,21,0,4793,ok
21260,1789699294727898,0,rollback,bench,832,13,0,4793,ok
21260,1789699294727899,0,rollback,bench,782,16,0,4793,ok
21260,1789699294727899,0,rollback,bench,397,15,0,4793,ok
21260,1789699294727900,0,rollback,bench,800,22,0,4793,ok
21265,1789699294727911,0,rollback,bench,589,14,0,4794,ok
21265,1789699294727911,0,rollback,bench,801,17,0,4794,ok
21265,1789699294727911,0,rollback,bench,76,15,0,4794,ok
21265,1789699294727912,0,rollback,bench,304,16,0,4794,ok
21282,1789699294734112,0,rollback,bench,357,16,0,4799,ok
21282,1789699294734113,0,rollback,bench,494,21,0,4799,ok
21282,1789699294734114,0,rollback,bench,240,15,0,4799,ok
21296,1789699294739370,0,rollback,bench,845,19,0,4805,ok
21296,1789699294739372,0,rollback,bench,781,25,0,4805,ok
21296,1789699294739372,0,rollback,bench,507,13,0,4805,ok
21296,1789699294739372,0,rollback,bench,502,22,0,4805,ok
21335,1789699294757682,0,rollback,bench,118,24,0,4817,ok
21335,1789699294757683,0,rollback,bench,676,17,0,4817,ok
21335,1789699294757684,0,rollback,bench,521,23,0,4817,ok
21335,1789699294757684,0,rollback,bench,377,15,0,4817,ok
21339,1789699294757693,0,rollback,bench,405,15,0,4818,ok
21339,1789699294757694,0,rollback,bench,771,21,0,4818,ok
21339,1789699294757695,0,rollback,bench,205,25,0,4818,ok
21360,1789699294766230,0,rollback,bench,624,21,0,4823,ok
21360,1789699294766232,0,rollback,bench,813,20,0,4823,ok
21360,1789699294766232,0,rollback,bench,496,25,0,4823,ok
21371,1789699294771146,0,rollback,bench,162,13,0,4827,ok
21371,1789699294771147,0,rollback,bench,798,14,0,4827,ok
21371,1789699294771148,0,rollback,bench,470,25,0,4827,ok
21371,1789699294771148,0,rollback,bench,774,21,0,4827,ok
21371,1789699294771148,0,rollback,bench,228,22,0,4827,ok
21407,1789699294786872,0,rollback,bench,878,13,0,4837,ok
21407,1789699294786873,0,rollback,bench,126,22,0,4837,ok
21407,1789699294786874,0,rollback,bench,449,17,0,4837,ok
21414,1789699294788654,0,rollback,bench,641,13,0,4839,ok
21415,1789699294788681,0,rollback,bench,436,21,0,4840,ok
21415,1789699294788682,0,rollback,bench,208,10,0,4840,ok
21415,1789699294788682,0,rollback,bench,671,13,0,4840,ok
21415,1789699294788683,0,rollback,bench,725,22,0,4840,ok
21415,1789699294788683,0,rollback,bench,465,16,0,4840,ok
21431,1789699294793459,0,rollback,bench,400,12,0,4844,ok
21431,1789699294793460,0,rollback,bench,491,21,0,4844,ok
21431,1789699294793460,0,rollback,bench,148,20,0,4844,ok
21431,1789699294793461,0,rollback,bench,131,17,0,4844,ok
21435,1789699294793469,0,rollback,bench,602,19,0,4845,ok
21435,1789699294793469,0,rollback,bench,243,18,0,4845,ok
21435,1789699294793470,0,rollback,bench,799,22,0,4845,ok
21451,1789699294799522,0,rollback,bench,925,15,0,4850,ok
21451,1789699294799523,0,rollback,bench,696,18,0,4850,ok
21451,1789699294799523,0,rollback,bench,918,22,0,4850,ok
21467,1789699294806586,0,rollback,bench,674,20,0,4854,ok
21467,1789699294806587,0,rollback,bench,416,21,0,4854,ok
21477,1789699294810365,0,rollback,bench,179,9,0,4857,ok
21477,1789699294810366,0,rollback,bench,254,19,0,4857,ok
21477,1789699294810366,0,rollback,bench,616,23,0,4857,ok
21480,1789699294810379,0,rollback,bench,687,12,0,4858,ok
21480,1789699294810380,0,rollback,bench,354,19,0,4858,ok
21480,1789699294810380,0,rollback,bench,259,20,0,4858,ok
21480,1789699294810380,0,rollback,bench,88,16,0,4858,ok
21480,1789699294810381,0,rollback,bench,696,18,0,4858,ok
21486,1789699294810927,0,rollback,bench,316,15,0,4860,ok
21486,1789699294810928,0,rollback,bench,781,25,0,4860,ok
21498,1789699294815638,0,rollback,bench,73,19,0,4864,ok
21498,1789699294815639,0,rollback,bench,463,27,0,4864,ok
21498,1789699294815639,0,rollback,bench,506,26,0,4864,ok
21498,1789699294815640,0,rollback,bench,329,14,0,4864,ok
21498,1789699294815640,0,rollback,bench,129,17,0,4864,ok
21503,1789699294815644,0,rollback,bench,892,10,0,4865,ok
21510,1789699294818471,0,rollback,bench,556,15,0,4868,ok
21510,1789699294818472,0,rollback,bench,195,17,0,4868,ok
21510,1789699294818472,0,rollback,bench,465,16,0,4868,ok
21510,1789699294818473,0,rollback,bench,791,16,0,4868,ok
21529,1789699294825577,0,rollback,bench,373,15,0,4873,ok
21529,1789699294825578,0,rollback,bench,737,23,0,4873,ok
21529,1789699294825578,0,rollback,bench,5,11,0,4873,ok
21537,1789699294828714,0,rollback,bench,915,14,0,4877,ok
21537,1789699294828715,0,rollback,bench,587,21,0,4877,ok
21537,1789699294828715,0,rollback,bench,983,23,0,4877,ok
21537,1789699294828716,0,rollback,bench,784,15,0,4877,ok
21537,1789699294828716,0,rollback,bench,626,21,0,4877,ok
21542,1789699294828730,0,rollback,bench,878,13,0,4878,ok
21542,1789699294828730,0,rollback,bench,786,14,0,4878,ok
21542,1789699294828730,0,rollback,bench,925,15,0,4878,ok
21542,1789699294828731,0,rollback,bench,281,18,0,4878,ok
21542,1789699294828731,0,rollback,bench,109,20,0,4878,ok
21547,1789699294828741,0,rollback,bench,682,16,0,4879,ok
21547,1789699294828742,0,rollback,bench,828,17,0,4879,ok
21547,1789699294828742,0,rollback,bench,504,22,0,4879,ok
21547,1789699294828742,0,rollback,bench,525,16,0,4879,ok
21559,1789699294832501,0,rollback,bench,73,19,0,4883,ok
21559,1789699294832502,0,rollback,bench,193,19,0,4883,ok
21559,1789699294832502,0,rollback,bench,392,16,0,4883,ok
21559,1789699294832503,0,rollback,bench,666,23,0,4883,ok
21559,1789699294832503,0,rollback,bench,214,19,0,4883,ok
21568,1789699294834674,0,rollback,bench,128,14,0,4885,ok
21568,1789699294834675,0,rollback,bench,784,15,0,4885,ok
21568,1789699294834676,0,rollback,bench,492,18,0,4885,ok
21568,1789699294834676,0,rollback,bench,766,12,0,4885,ok
21572,1789699294834679,0,rollback,bench,338,18,0,4886,ok
21583,1789699294839628,0,rollback,bench,686,15,0,4890,ok
21583,1789699294839629,0,rollback,bench,34,20,0,4890,ok
21583,1789699294839630,0,rollback,bench,586,16,0,4890,ok
21583,1789699294839630,0,rollback,bench,653,22,0,4890,ok
21583,1789699294839630,0,rollback,bench,299,13,0,4890,ok
21588,1789699294839637,0,rollback,bench,83,23,0,4891,ok
21588,1789699294839638,0,rollback,bench,854,12,0,4891,ok
21601,1789699294845139,0,rollback,bench,95,10,0,4896,ok
21601,1789699294845140,0,rollback,bench,125,12,0,4896,ok
21601,1789699294845140,0,rollback,bench,127,21,0,4896,ok
21609,1789699294847717,0,rollback,bench,910,16,0,4900,ok
21609,1789699294847718,0,rollback,bench,120,18,0,4900,ok
21609,1789699294847718,0,rollback,bench,635,29,0,4900,ok
21612,1789699294847729,0,rollback,bench,677,16,0,4901,ok
21612,1789699294847729,0,rollback,bench,50,20,0,4901,ok
21612,1789699294847730,0,rollback,bench,430,18,0,4901,ok
21612,1789699294847773,0,rollback,bench,938,15,0,4901,ok
21616,1789699294847784,0,rollback,bench,151,28,0,4902,ok
21616,1789699294847785,0,rollback,bench,458,19,0,4902,ok
21616,1789699294847785,0,rollback,bench,55,16,0,4902,ok
21619,1789699294847788,0,rollback,bench,749,19,0,4903,ok
21626,1789699294850554,0,rollback,bench,277,25,0,4906,ok
21637,1789699294855460,0,rollback,bench,738,13,0,4909,ok
21644,1789699294858140,0,rollback,bench,793,11,0,4913,ok
21651,1789699294860850,0,rollback,bench,553,20,0,4916,ok
21662,1789699294865265,0,rollback,bench,993,25,0,4921,ok
21662,1789699294865266,0,rollback,bench,410,17,0,4921,ok
21662,1789699294865266,0,rollback,bench,763,24,0,4921,ok
21662,1789699294865267,0,rollback,bench,693,16,0,4921,ok
21662,1789699294865267,0,rollback,bench,846,17,0,4921,ok
21681,1789699294872684,0,rollback,bench,29,12,0,4927,ok
21681,1789699294872685,0,rollback,bench,837,10,0,4927,ok
21683,1789699294872705,0,rollback,bench,128,14,0,4928,ok
21683,1789699294872706,0,rollback,bench,822,16,0,4928,ok
21683,1789699294872706,0,rollback,bench,186,19,0,4928,ok
21683,1789699294872706,0,rollback,bench,413,22,0,4928,ok
21683,1789699294872707,0,rollback,bench,366,11,0,4928,ok
21690,1789699294873580,0,rollback,bench,514,22,0,4930,ok
21690,1789699294873581,0,rollback,bench,942,16,0,4930,ok
21690,1789699294873582,0,rollback,bench,660,12,0,4930,ok
21690,1789699294873582,0,rollback,bench,137,15,0,4930,ok
21697,1789699294875214,0,rollback,bench,492,18,0,4932,ok
21697,1789699294875214,0,rollback,bench,428,24,0,4932,ok
21710,1789699294880297,0,rollback,bench,843,18,0,4936,ok
21710,1789699294880298,0,rollback,bench,665,19,0,4936,ok
21710,1789699294880299,0,rollback,bench,240,15,0,4936,ok
21710,1789699294880299,0,rollback,bench,804,16,0,4936,ok
21710,1789699294880300,0,rollback,bench,277,25,0,4936,ok
21716,1789699294880679,0,rollback,bench,658,15,0,4938,ok
21716,1789699294880680,0,rollback,bench,630,15,0,4938,ok
21716,1789699294880680,0,rollback,bench,375,16,0,4938,ok
21719,1789699294880687,0,rollback,bench,437,13,0,4939,ok
21719,1789699294880688,0,rollback,bench,484,18,0,4939,ok
21719,1789699294880688,0,rollback,bench,742,17,0,4939,ok
21730,1789699294884427,0,rollback,bench,415,14,0,4944,ok
21730,1789699294884428,0,rollback,bench,483,21,0,4944,ok
21730,1789699294884428,0,rollback,bench,644,11,0,4944,ok
21733,1789699294884439,0,rollback,bench,811,22,0,4945,ok
21733,1789699294884440,0,rollback,bench,718,22,0,4945,ok
21733,1789699294884440,0,rollback,bench,215,13,0,4945,ok
21733,1789699294884440,0,rollback,bench,937,17,0,4945,ok
21750,1789699294890635,0,rollback,bench,863,16,0,4950,ok
21750,1789699294890636,0,rollback,bench,922,21,0,4950,ok
21765,1789699294898081,0,rollback,bench,740,17,0,4956,ok
21765,1789699294898082,0,rollback,bench,936,22,0,4956,ok
21765,1789699294898083,0,rollback,bench,279,20,0,4956,ok
21810,1789699294918001,0,rollback,bench,385,16,0,4969,ok
21811,1789699294918004,0,rollback,bench,123,20,0,4970,ok
21816,1789699294919999,0,rollback,bench,454,7,0,4974,ok
21816,1789699294920000,0,rollback,bench,226,19,0,4974,ok
21816,1789699294920000,0,rollback,bench,773,17,0,4974,ok
21816,1789699294920000,0,rollback,bench,613,27,0,4974,ok
21820,1789699294920003,0,rollback,bench,184,19,0,4975,ok
21832,1789699294924861,0,rollback,bench,679,17,0,4980,ok
21832,1789699294924862,0,rollback,bench,929,16,0,4980,ok
21848,1789699294932848,0,rollback,bench,138,16,0,4986,ok
21848,1789699294932850,0,rollback,bench,726,16,0,4986,ok
21852,1789699294933853,0,rollback,bench,499,15,0,4988,ok
21852,1789699294933854,0,rollback,bench,872,16,0,4988,ok
21852,1789699294933855,0,rollback,bench,116,15,0,4988,ok
21852,1789699294933855,0,rollback,bench,831,10,0,4988,ok
21859,1789699294935148,0,rollback,bench,785,22,0,4990,ok
21867,1789699294938589,0,rollback,bench,805,25,0,4994,ok
21867,1789699294938591,0,rollback,bench,86,23,0,4994,ok
21879,1789699294943597,0,rollback,bench,776,14,0,4997,ok
21879,1789699294943598,0,rollback,bench,638,16,0,4997,ok
21879,1789699294943598,0,rollback,bench,315,16,0,4997,ok
21885,1789699294945008,0,rollback,bench,646,17,0,4999,ok
21885,1789699294945009,0,rollback,bench,574,18,0,4999,ok
21885,1789699294945010,0,rollback,bench,557,20,0,4999,ok
21885,1789699294945010,0,rollback,bench,535,19,0,4999,ok
21885,1789699294945010,0,rollback,bench,23,16,0,4999,ok
21897,1789699294948305,0,rollback,bench,678,19,0,5002,ok
21897,1789699294948306,0,rollback,bench,215,13,0,5002,ok
21897,1789699294948306,0,rollback,bench,322,17,0,5002,ok
21897,1789699294948307,0,rollback,bench,431,29,0,5002,ok
21897,1789699294948307,0,rollback,bench,953,22,0,5002,ok
21939,1789699294967458,0,rollback,bench,48,11,0,5015,ok
21939,1789699294967459,0,rollback,bench,86,23,0,5015,ok
21939,1789699294967459,0,rollback,bench,6,16,0,5015,ok
21939,1789699294967460,0,rollback,bench,115,20,0,5015,ok
21998,1789699294996097,0,rollback,bench,585,13,0,5034,ok
21998,1789699294996098,0,rollback,bench,580,20,0,5034,ok
21998,1789699294996098,0,rollback,bench,392,16,0,5034,ok
21998,1789699294996099,0,rollback,bench,145,17,0,5034,ok
21998,1789699294996099,0,rollback,bench,514,22,0,5034,ok
22003,1789699294996107,0,rollback,bench,97,14,0,5035,ok
22003,1789699294996107,0,rollback,bench,781,25,0,5035,ok
22003,1789699294996107,0,rollback,bench,749,20,0,5035,ok
22032,1789699295008047,0,rollback,bench,263,17,0,5043,ok
22032,1789699295008048,0,rollback,bench,952,18,0,5043,ok
22034,1789699295008078,0,rollback,bench,799,22,0,5044,ok
22034,1789699295008079,0,rollback,bench,401,19,0,5044,ok
22034,1789699295008079,0,rollback,bench,952,18,0,5044,ok
22034,1789699295008079,0,rollback,bench,419,15,0,5044,ok
22040,1789699295008918,0,rollback,bench,296,18,0,5046,ok
22040,1789699295008920,0,rollback,bench,703,12,0,5046,ok
22040,1789699295008920,0,rollback,bench,24,23,0,5046,ok
22040,1789699295008920,0,rollback,bench,286,14,0,5046,ok
22044,1789699295008928,0,rollback,bench,589,14,0,5047,ok
22044,1789699295008929,0,rollback,bench,725,24,0,5047,ok
22044,1789699295008929,0,rollback,bench,72,11,0,5047,ok
22074,1789699295021344,0,rollback,bench,147,11,0,5055,ok
22074,1789699295021345,0,rollback,bench,537,16,0,5055,ok
22074,1789699295021345,0,rollback,bench,505,31,0,5055,ok
22074,1789699295021345,0,rollback,bench,457,21,0,5055,ok
22074,1789699295021346,0,rollback,bench,224,25,0,5055,ok
22083,1789699295022998,0,rollback,bench,873,22,0,5057,ok
22083,1789699295022999,0,rollback,bench,16,14,0,5057,ok
22083,1789699295022999,0,rollback,bench,456,19,0,5057,ok
22115,1789699295036915,0,rollback,bench,481,15,0,5068,ok
22115,1789699295036916,0,rollback,bench,545,20,0,5068,ok
22117,1789699295036919,0,rollback,bench,635,30,0,5069,ok
22135,1789699295044465,0,rollback,bench,272,14,0,5075,ok
22138,1789699295045469,0,rollback,bench,183,20,0,5077,ok
22138,1789699295045470,0,rollback,bench,304,17,0,5077,ok
22138,1789699295045471,0,rollback,bench,978,23,0,5077,ok
22138,1789699295045471,0,rollback,bench,687,12,0,5077,ok
22138,1789699295045471,0,rollback,bench,53,16,0,5077,ok
22160,1789699295054398,0,rollback,bench,640,12,0,5083,ok
22160,1789699295054400,0,rollback,bench,462,15,0,5083,ok
22160,1789699295054400,0,rollback,bench,321,22,0,5083,ok
22160,1789699295054400,0,rollback,bench,228,22,0,5083,ok
22160,1789699295054401,0,rollback,bench,474,21,0,5083,ok
22167,1789699295055161,0,rollback,bench,462,15,0,5085,ok
22167,1789699295055162,0,rollback,bench,4,18,0,5085,ok
22167,1789699295055162,0,rollback,bench,283,24,0,5085,ok
22200,1789699295068544,0,rollback,bench,8,19,0,5094,ok
22200,1789699295068545,0,rollback,bench,283,25,0,5094,ok
22200,1789699295068546,0,rollback,bench,589,15,0,5094,ok
22206,1789699295069802,0,rollback,bench,323,17,0,5096,ok
22209,1789699295070724,0,rollback,bench,377,16,0,5098,ok
22212,1789699295071484,0,rollback,bench,278,24,0,5100,ok
22212,1789699295071484,0,rollback,bench,123,20,0,5100,ok
22212,1789699295071485,0,rollback,bench,19,18,0,5100,ok
22212,1789699295071485,0,rollback,bench,809,20,0,5100,ok
22212,1789699295071485,0,rollback,bench,191,21,0,5100,ok
22226,1789699295075854,0,rollback,bench,160,16,0,5104,ok
22226,1789699295075855,0,rollback,bench,907,15,0,5104,ok
22226,1789699295075855,0,rollback,bench,347,17,0,5104,ok
22226,1789699295075865,0,rollback,bench,224,25,0,5104,ok
22226,1789699295075865,0,rollback,bench,521,24,0,5104,ok
22231,1789699295075878,0,rollback,bench,690,23,0,5105,ok
22231,1789699295075878,0,rollback,bench,254,20,0,5105,ok
22231,1789699295075879,0,rollback,bench,142,18,0,5105,ok
22231,1789699295075879,0,rollback,bench,986,17,0,5105,ok
22231,1789699295075879,0,rollback,bench,987,18,0,5105,ok
22247,1789699295081222,0,rollback,bench,773,17,0,5110,ok
22247,1789699295081223,0,rollback,bench,906,18,0,5110,ok
22247,1789699295081223,0,rollback,bench,553,20,0,5110,ok
22247,1789699295081224,0,rollback,bench,751,18,0,5110,ok
22265,1789699295087456,0,rollback,bench,206,14,0,5116,ok
22265,1789699295087457,0,rollback,bench,627,18,0,5116,ok
22265,1789699295087457,0,rollback,bench,74,17,0,5116,ok
22312,1789699295106938,0,rollback,bench,371,22,0,5134,ok
22312,1789699295106939,0,rollback,bench,477,12,0,5134,ok
22312,1789699295106940,0,rollback,bench,851,15,0,5134,ok
22312,1789699295106940,0,rollback,bench,274,16,0,5134,ok
22316,1789699295106951,0,rollback,bench,379,16,0,5135,ok
22316,1789699295106951,0,rollback,bench,325,20,0,5135,ok
22316,1789699295106951,0,rollback,bench,135,16,0,5135,ok
22316,1789699295106952,0,rollback,bench,24,23,0,5135,ok
22330,1789699295110806,0,rollback,bench,447,14,0,5139,ok
22331,1789699295110809,0,rollback,bench,85,19,0,5140,ok
22335,1789699295112027,0,rollback,bench,756,20,0,5142,ok
22335,1789699295112028,0,rollback,bench,7,13,0,5142,ok
22335,1789699295112028,0,rollback,bench,233,19,0,5142,ok
22338,1789699295112035,0,rollback,bench,692,21,0,5143,ok
22338,1789699295112036,0,rollback,bench,18,18,0,5143,ok
22338,1789699295112036,0,rollback,bench,216,22,0,5143,ok
22342,1789699295112518,0,rollback,bench,333,16,0,5145,ok
22342,1789699295112518,0,rollback,bench,873,22,0,5145,ok
22342,1789699295112519,0,rollback,bench,134,13,0,5145,ok
22342,1789699295112519,0,rollback,bench,702,38,0,5145,ok
22342,1789699295112520,0,rollback,bench,443,24,0,5145,ok
22352,1789699295114901,0,rollback,bench,171,20,0,5147,ok
22352,1789699295114902,0,rollback,bench,95,10,0,5147,ok
22352,1789699295114903,0,rollback,bench,479,16,0,5147,ok
22364,1789699295118340,0,rollback,bench,484,18,0,5151,ok
22364,1789699295118341,0,rollback,bench,786,15,0,5151,ok
22383,1789699295125947,0,rollback,bench,409,21,0,5160,ok
22385,1789699295126441,0,rollback,bench,145,17,0,5162,ok
22385,1789699295126441,0,rollback,bench,393,16,0,5162,ok
22385,1789699295126442,0,rollback,bench,38,18,0,5162,ok
22385,1789699295126442,0,rollback,bench,205,25,0,5162,ok
22393,1789699295128383,0,rollback,bench,219,17,0,5164,ok
22393,1789699295128384,0,rollback,bench,785,22,0,5164,ok
22393,1789699295128385,0,rollback,bench,23,16,0,5164,ok
22393,1789699295128385,0,rollback,bench,843,19,0,5164,ok
22397,1789699295128394,0,rollback,bench,594,21,0,5165,ok
22397,1789699295128395,0,rollback,bench,492,18,0,5165,ok
22397,1789699295128395,0,rollback,bench,540,9,0,5165,ok
22397,1789699295128396,0,rollback,bench,922,22,0,5165,ok
22439,1789699295148530,0,rollback,bench,471,15,0,5177,ok
22439,1789699295148531,0,rollback,bench,880,13,0,5177,ok
22494,1789699295173786,0,rollback,bench,316,17,0,5193,ok
22511,1789699295181717,0,rollback,bench,898,26,0,5200,ok
22511,1789699295181718,0,rollback,bench,394,16,0,5200,ok
22511,1789699295181719,0,rollback,bench,369,25,0,5200,ok
22511,1789699295181719,0,rollback,bench,111,11,0,5200,ok
22521,1789699295184280,0,rollback,bench,982,17,0,5204,ok
22521,1789699295184281,0,rollback,bench,786,15,0,5204,ok
22521,1789699295184281,0,rollback,bench,408,22,0,5204,ok
22527,1789699295185797,0,rollback,bench,953,23,0,5206,ok
22527,1789699295185797,0,rollback,bench,474,21,0,5206,ok
22527,1789699295185798,0,rollback,bench,602,19,0,5206,ok
22527,1789699295185798,0,rollback,bench,226,19,0,5206,ok
22540,1789699295189358,0,rollback,bench,805,25,0,5210,ok
22540,1789699295189359,0,rollback,bench,623,18,0,5210,ok
22549,1789699295192446,0,rollback,bench,165,20,0,5213,ok
22549,1789699295192447,0,rollback,bench,671,13,0,5213,ok
22549,1789699295192447,0,rollback,bench,279,20,0,5213,ok
22549,1789699295192448,0,rollback,bench,442,16,0,5213,ok
22561,1789699295195899,0,rollback,bench,657,13,0,5216,ok
22568,1789699295198708,0,rollback,bench,61,17,0,5219,ok
22568,1789699295198709,0,rollback,bench,75,12,0,5219,ok
22568,1789699295198709,0,rollback,bench,754,23,0,5219,ok
22568,1789699295198710,0,rollback,bench,314,23,0,5219,ok
22568,1789699295198710,0,rollback,bench,295,19,0,5219,ok
22591,1789699295206758,0,rollback,bench,36,14,0,5226,ok
22591,1789699295206759,0,rollback,bench,358,23,0,5226,ok
22591,1789699295206760,0,rollback,bench,432,15,0,5226,ok
22591,1789699295206760,0,rollback,bench,330,19,0,5226,ok
22591,1789699295206761,0,rollback,bench,908,20,0,5226,ok
22606,1789699295211076,0,rollback,bench,429,12,0,5231,ok
22606,1789699295211077,0,rollback,bench,604,19,0,5231,ok
22606,1789699295211077,0,rollback,bench,225,22,0,5231,ok
22606,1789699295211077,0,rollback,bench,523,18,0,5231,ok
22606,1789699295211078,0,rollback,bench,287,16,0,5231,ok
22615,1789699295212484,0,rollback,bench,678,21,0,5233,ok
22615,1789699295212485,0,rollback,bench,686,16,0,5233,ok
22615,1789699295212486,0,rollback,bench,980,10,0,5233,ok
22615,1789699295212486,0,rollback,bench,917,19,0,5233,ok
22619,1789699295212495,0,rollback,bench,573,14,0,5234,ok
22619,1789699295212495,0,rollback,bench,291,15,0,5234,ok
22619,1789699295212496,0,rollback,bench,281,19,0,5234,ok
22619,1789699295212496,0,rollback,bench,884,19,0,5234,ok
22655,1789699295226704,0,rollback,bench,932,18,0,5243,ok
22655,1789699295226705,0,rollback,bench,838,20,0,5243,ok
22661,1789699295228343,0,rollback,bench,548,19,0,5246,ok
22661,1789699295228344,0,rollback,bench,20,24,0,5246,ok
22661,1789699295228345,0,rollback,bench,682,16,0,5246,ok
22661,1789699295228345,0,rollback,bench,466,18,0,5246,ok
22670,1789699295230259,0,rollback,bench,919,13,0,5248,ok
22670,1789699295230260,0,rollback,bench,393,16,0,5248,ok
22675,1789699295231495,0,rollback,bench,267,19,0,5250,ok
22675,1789699295231496,0,rollback,bench,627,18,0,5250,ok
22700,1789699295242042,0,rollback,bench,583,18,0,5258,ok
22700,1789699295242042,0,rollback,bench,259,20,0,5258,ok
22700,1789699295242043,0,rollback,bench,233,19,0,5258,ok
22700,1789699295242043,0,rollback,bench,828,17,0,5258,ok
22700,1789699295242044,0,rollback,bench,246,20,0,5258,ok
22724,1789699295255698,0,rollback,bench,199,12,0,5265,ok
22724,1789699295255699,0,rollback,bench,348,25,0,5265,ok
22736,1789699295259982,0,rollback,bench,914,19,0,5269,ok
22736,1789699295259983,0,rollback,bench,13,20,0,5269,ok
22736,1789699295259983,0,rollback,bench,999,12,0,5269,ok
22744,1789699295262003,0,rollback,bench,804,16,0,5271,ok
22744,1789699295262004,0,rollback,bench,572,26,0,5271,ok
22744,1789699295262004,0,rollback,bench,204,24,0,5271,ok
22744,1789699295262005,0,rollback,bench,698,12,0,5271,ok
22744,1789699295262005,0,rollback,bench,434,13,0,5271,ok
22749,1789699295262010,0,rollback,bench,288,22,0,5272,ok
22749,1789699295262010,0,rollback,bench,561,21,0,5272,ok
22751,1789699295262018,0,rollback,bench,620,15,0,5273,ok
22751,1789699295262018,0,rollback,bench,372,13,0,5273,ok
22751,1789699295262018,0,rollback,bench,271,16,0,5273,ok
22766,1789699295267995,0,rollback,bench,925,16,0,5277,ok
22766,1789699295267996,0,rollback,bench,43,23,0,5277,ok
22766,1789699295267996,0,rollback,bench,603,14,0,5277,ok
22766,1789699295267997,0,rollback,bench,685,16,0,5277,ok
22766,1789699295267997,0,rollback,bench,343,26,0,5277,ok
22780,1789699295286255,0,rollback,bench,70,17,0,5281,ok
22780,1789699295286256,0,rollback,bench,31,21,0,5281,ok
22780,1789699295286257,0,rollback,bench,664,17,0,5281,ok
22780,1789699295286257,0,rollback,bench,199,12,0,5281,ok
22784,1789699295286266,0,rollback,bench,405,16,0,5282,ok
22784,1789699295286267,0,rollback,bench,802,15,0,5282,ok
22784,1789699295286267,0,rollback,bench,490,14,0,5282,ok
22817,1789699295301183,0,rollback,bench,368,14,0,5293,ok
22817,1789699295301184,0,rollback,bench,410,17,0,5293,ok
22817,1789699295301184,0,rollback,bench,898,26,0,5293,ok
22817,1789699295301185,0,rollback,bench,139,24,0,5293,ok
22824,1789699295302357,0,rollback,bench,496,25,0,5295,ok
22824,1789699295302367,0,rollback,bench,390,21,0,5295,ok
22824,1789699295302368,0,rollback,bench,960,17,0,5295,ok
22824,1789699295302368,0,rollback,bench,296,18,0,5295,ok
22828,1789699295302372,0,rollback,bench,507,13,0,5296,ok
22828,1789699295302372,0,rollback,bench,157,18,0,5296,ok
22839,1789699295306287,0,rollback,bench,329,15,0,5301,ok
22850,1789699295310965,0,rollback,bench,938,15,0,5305,ok
22850,1789699295310966,0,rollback,bench,826,23,0,5305,ok
22850,1789699295310967,0,rollback,bench,722,22,0,5305,ok
22859,1789699295313754,0,rollback,bench,429,12,0,5308,ok
22859,1789699295313755,0,rollback,bench,442,16,0,5308,ok
22871,1789699295318650,0,rollback,bench,966,24,0,5312,ok
22884,1789699295324326,0,rollback,bench,377,16,0,5316,ok
22890,1789699295326455,0,rollback,bench,290,20,0,5319,ok
22890,1789699295326455,0,rollback,bench,926,20,0,5319,ok
22890,1789699295326456,0,rollback,bench,309,11,0,5319,ok
22893,1789699295326466,0,rollback,bench,580,21,0,5320,ok
22893,1789699295326466,0,rollback,bench,691,25,0,5320,ok
22893,1789699295326467,0,rollback,bench,20,24,0,5320,ok
22893,1789699295326467,0,rollback,bench,936,23,0,5320,ok
22902,1789699295329184,0,rollback,bench,330,19,0,5323,ok
22902,1789699295329185,0,rollback,bench,952,19,0,5323,ok
22902,1789699295329185,0,rollback,bench,392,16,0,5323,ok
22902,1789699295329186,0,rollback,bench,556,16,0,5323,ok
22906,1789699295329190,0,rollback,bench,908,20,0,5324,ok
22906,1789699295329190,0,rollback,bench,669,19,0,5324,ok
22920,1789699295335192,0,rollback,bench,749,21,0,5329,ok
22920,1789699295335193,0,rollback,bench,946,15,0,5329,ok
22920,1789699295335193,0,rollback,bench,191,21,0,5329,ok
22920,1789699295335193,0,rollback,bench,240,16,0,5329,ok
22920,1789699295335194,0,rollback,bench,972,21,0,5329,ok
22925,1789699295335196,0,rollback,bench,212,17,0,5330,ok
22926,1789699295335201,0,rollback,bench,634,14,0,5331,ok
22926,1789699295335201,0,rollback,bench,505,32,0,5331,ok
22931,1789699295336733,0,rollback,bench,869,14,0,5333,ok
22931,1789699295336734,0,rollback,bench,683,19,0,5333,ok
22931,1789699295336734,0,rollback,bench,439,29,0,5333,ok
22931,1789699295336735,0,rollback,bench,934,21,0,5333,ok
22943,1789699295340356,0,rollback,bench,381,14,0,5338,ok
22943,1789699295340357,0,rollback,bench,995,18,0,5338,ok
22943,1789699295340357,0,rollback,bench,300,17,0,5338,ok
22946,1789699295340360,0,rollback,bench,206,14,0,5339,ok
22956,1789699295343728,0,rollback,bench,239,14,0,5345,ok
22956,1789699295343729,0,rollback,bench,39,12,0,5345,ok
22965,1789699295347001,0,rollback,bench,993,26,0,5349,ok
22965,1789699295347002,0,rollback,bench,143,15,0,5349,ok
22965,1789699295347003,0,rollback,bench,191,21,0,5349,ok
22965,1789699295347003,0,rollback,bench,238,16,0,5349,ok
22976,1789699295350165,0,rollback,bench,908,20,0,5352,ok
22976,1789699295350166,0,rollback,bench,633,19,0,5352,ok
22976,1789699295350166,0,rollback,bench,342,15,0,5352,ok
22976,1789699295350167,0,rollback,bench,96,17,0,5352,ok
23018,1789699295369109,0,rollback,bench,442,16,0,5363,ok
23018,1789699295369110,0,rollback,bench,327,18,0,5363,ok
23018,1789699295369110,0,rollback,bench,91,18,0,5363,ok
23018,1789699295369111,0,rollback,bench,980,10,0,5363,ok
23018,1789699295369111,0,rollback,bench,207,17,0,5363,ok
23032,1789699295372866,0,rollback,bench,339,21,0,5366,ok
23032,1789699295372867,0,rollback,bench,492,18,0,5366,ok
23032,1789699295372868,0,rollback,bench,237,22,0,5366,ok
23032,1789699295372868,0,rollback,bench,219,18,0,5366,ok
23036,1789699295372881,0,rollback,bench,431,30,0,5367,ok
23036,1789699295372881,0,rollback,bench,543,20,0,5367,ok
23036,1789699295372881,0,rollback,bench,862,24,0,5367,ok
23036,1789699295372882,0,rollback,bench,808,18,0,5367,ok
23036,1789699295372882,0,rollback,bench,357,16,0,5367,ok
23045,1789699295375173,0,rollback,bench,543,20,0,5370,ok
23045,1789699295375175,0,rollback,bench,302,17,0,5370,ok
23045,1789699295375175,0,rollback,bench,119,11,0,5370,ok
23045,1789699295375175,0,rollback,bench,664,17,0,5370,ok
23049,1789699295375186,0,rollback,bench,317,21,0,5371,ok
23049,1789699295375187,0,rollback,bench,682,16,0,5371,ok
23049,1789699295375187,0,rollback,bench,724,12,0,5371,ok
23049,1789699295375187,0,rollback,bench,993,26,0,5371,ok
23062,1789699295379243,0,rollback,bench,34,20,0,5374,ok
23062,1789699295379244,0,rollback,bench,235,19,0,5374,ok
23064,1789699295379267,0,rollback,bench,982,17,0,5375,ok
23064,1789699295379267,0,rollback,bench,460,22,0,5375,ok
23064,1789699295379268,0,rollback,bench,727,18,0,5375,ok
23064,1789699295379268,0,rollback,bench,350,15,0,5375,ok
23068,1789699295379270,0,rollback,bench,72,11,0,5376,ok
23077,1789699295383244,0,rollback,bench,16,15,0,5379,ok
23093,1789699295390175,0,rollback,bench,311,23,0,5385,ok
23093,1789699295390176,0,rollback,bench,367,10,0,5385,ok
23093,1789699295390177,0,rollback,bench,500,14,0,5385,ok
23101,1789699295392429,0,rollback,bench,270,26,0,5387,ok
23102,1789699295392434,0,rollback,bench,487,14,0,5388,ok
23102,1789699295392434,0,rollback,bench,866,22,0,5388,ok
23104,1789699295392459,0,rollback,bench,815,19,0,5389,ok
23104,1789699295392459,0,rollback,bench,317,21,0,5389,ok
23104,1789699295392460,0,rollback,bench,471,16,0,5389,ok
23104,1789699295392460,0,rollback,bench,443,25,0,5389,ok
23104,1789699295392460,0,rollback,bench,183,20,0,5389,ok
23134,1789699295403713,0,rollback,bench,557,21,0,5398,ok
23134,1789699295403714,0,rollback,bench,955,23,0,5398,ok
23136,1789699295403768,0,rollback,bench,479,16,0,5399,ok
23136,1789699295403769,0,rollback,bench,846,17,0,5399,ok
23136,1789699295403770,0,rollback,bench,132,18,0,5399,ok
23136,1789699295403770,0,rollback,bench,443,25,0,5399,ok
23136,1789699295403770,0,rollback,bench,739,15,0,5399,ok
23141,1789699295403785,0,rollback,bench,73,20,0,5400,ok
23141,1789699295403785,0,rollback,bench,725,26,0,5400,ok
23141,1789699295403786,0,rollback,bench,711,23,0,5400,ok
23141,1789699295403786,0,rollback,bench,371,23,0,5400,ok
23141,1789699295403786,0,rollback,bench,292,20,0,5400,ok
23151,1789699295405639,0,rollback,bench,412,28,0,5402,ok
23151,1789699295405640,0,rollback,bench,812,24,0,5402,ok
23155,1789699295406358,0,rollback,bench,875,25,0,5404,ok
23168,1789699295411941,0,rollback,bench,990,22,0,5408,ok
23168,1789699295411942,0,rollback,bench,33,24,0,5408,ok
23168,1789699295411943,0,rollback,bench,324,22,0,5408,ok
23168,1789699295411943,0,rollback,bench,183,20,0,5408,ok
23208,1789699295427944,0,rollback,bench,875,25,0,5421,ok
23226,1789699295435972,0,rollback,bench,856,27,0,5426,ok
23226,1789699295435973,0,rollback,bench,816,23,0,5426,ok
23230,1789699295436695,0,rollback,bench,873,24,0,5428,ok
23230,1789699295436696,0,rollback,bench,958,25,0,5428,ok
23232,1789699295436700,0,rollback,bench,60,22,0,5429,ok
23232,1789699295436700,0,rollback,bench,303,15,0,5429,ok
23238,1789699295438315,0,rollback,bench,895,18,0,5431,ok
23238,1789699295438316,0,rollback,bench,278,25,0,5431,ok
23238,1789699295438316,0,rollback,bench,494,23,0,5431,ok
23241,1789699295438320,0,rollback,bench,834,28,0,5432,ok
23241,1789699295438321,0,rollback,bench,914,19,0,5432,ok
23254,1789699295442424,0,rollback,bench,234,19,0,5436,ok
23254,1789699295442425,0,rollback,bench,293,18,0,5436,ok
23254,1789699295442425,0,rollback,bench,581,31,0,5436,ok
23254,1789699295442425,0,rollback,bench,623,18,0,5436,ok
23258,1789699295442430,0,rollback,bench,95,11,0,5437,ok
23258,1789699295442430,0,rollback,bench,63,27,0,5437,ok
23272,1789699295447470,0,rollback,bench,548,19,0,5441,ok
23272,1789699295447470,0,rollback,bench,966,25,0,5441,ok
23272,1789699295447471,0,rollback,bench,171,20,0,5441,ok
23278,1789699295448583,0,rollback,bench,313,18,0,5444,ok
23281,1789699295449358,0,rollback,bench,775,21,0,5446,ok
23281,1789699295449359,0,rollback,bench,638,17,0,5446,ok
23281,1789699295449359,0,rollback,bench,848,14,0,5446,ok
23292,1789699295454130,0,rollback,bench,673,24,0,5451,ok
23292,1789699295454131,0,rollback,bench,676,19,0,5451,ok
23292,1789699295454131,0,rollback,bench,528,10,0,5451,ok
23292,1789699295454131,0,rollback,bench,381,15,0,5451,ok
23307,1789699295458494,0,rollback,bench,912,13,0,5455,ok
23307,1789699295458495,0,rollback,bench,222,27,0,5455,ok
23307,1789699295458505,0,rollback,bench,966,26,0,5455,ok
23307,1789699295458505,0,rollback,bench,342,16,0,5455,ok
23307,1789699295458505,0,rollback,bench,473,15,0,5455,ok
23314,1789699295459369,0,rollback,bench,461,18,0,5457,ok
23314,1789699295459370,0,rollback,bench,566,18,0,5457,ok
23314,1789699295459370,0,rollback,bench,892,11,0,5457,ok
23314,1789699295459370,0,rollback,bench,290,20,0,5457,ok
23324,1789699295461565,0,rollback,bench,736,18,0,5460,ok
23324,1789699295461566,0,rollback,bench,758,17,0,5460,ok
23324,1789699295461566,0,rollback,bench,124,19,0,5460,ok
23327,1789699295461575,0,rollback,bench,529,22,0,5461,ok
23327,1789699295461575,0,rollback,bench,819,19,0,5461,ok
23327,1789699295461575,0,rollback,bench,309,11,0,5461,ok
23327,1789699295461575,0,rollback,bench,219,18,0,5461,ok
23331,1789699295461582,0,rollback,bench,849,20,0,5462,ok
23331,1789699295461582,0,rollback,bench,477,12,0,5462,ok
23331,1789699295461582,0,rollback,bench,454,8,0,5462,ok
23334,1789699295461588,0,rollback,bench,668,16,0,5463,ok
23334,1789699295461588,0,rollback,bench,142,18,0,5463,ok
23334,1789699295461588,0,rollback,bench,938,15,0,5463,ok
23346,1789699295465180,0,rollback,bench,298,10,0,5466,ok
23346,1789699295465181,0,rollback,bench,273,12,0,5466,ok
23346,1789699295465181,0,rollback,bench,584,20,0,5466,ok
23346,1789699295465181,0,rollback,bench,861,21,0,5466,ok
23377,1789699295476190,0,rollback,bench,909,22,0,5476,ok
23377,1789699295476191,0,rollback,bench,193,19,0,5476,ok
23377,1789699295476192,0,rollback,bench,546,15,0,5476,ok
23377,1789699295476192,0,rollback,bench,699,24,0,5476,ok
23381,1789699295476194,0,rollback,bench,669,19,0,5477,ok
23398,1789699295482413,0,rollback,bench,576,22,0,5486,ok
23399,1789699295482430,0,rollback,bench,878,15,0,5487,ok
23399,1789699295482430,0,rollback,bench,525,16,0,5487,ok
23399,1789699295482430,0,rollback,bench,876,22,0,5487,ok
23425,1789699295491697,0,rollback,bench,87,25,0,5496,ok
23425,1789699295491698,0,rollback,bench,135,17,0,5496,ok
23432,1789699295493510,0,rollback,bench,514,23,0,5499,ok
23432,1789699295493511,0,rollback,bench,324,22,0,5499,ok
23432,1789699295493511,0,rollback,bench,302,17,0,5499,ok
23450,1789699295500088,0,rollback,bench,137,16,0,5504,ok
23450,1789699295500089,0,rollback,bench,385,16,0,5504,ok
23450,1789699295500090,0,rollback,bench,235,20,0,5504,ok
23450,1789699295500090,0,rollback,bench,728,25,0,5504,ok
23450,1789699295500091,0,rollback,bench,717,25,0,5504,ok
23461,1789699295502530,0,rollback,bench,405,16,0,5507,ok
23461,1789699295502531,0,rollback,bench,147,12,0,5507,ok
23485,1789699295511473,0,rollback,bench,973,25,0,5514,ok
23485,1789699295511474,0,rollback,bench,781,27,0,5514,ok
23485,1789699295511474,0,rollback,bench,362,12,0,5514,ok
23491,1789699295512951,0,rollback,bench,241,18,0,5516,ok
23491,1789699295512952,0,rollback,bench,782,16,0,5516,ok
23491,1789699295512952,0,rollback,bench,577,19,0,5516,ok
23491,1789699295512953,0,rollback,bench,340,25,0,5516,ok
23491,1789699295512953,0,rollback,bench,716,28,0,5516,ok
23499,1789699295514009,0,rollback,bench,579,16,0,5519,ok
23515,1789699295520100,0,rollback,bench,381,15,0,5524,ok
23515,1789699295520101,0,rollback,bench,595,21,0,5524,ok
23517,1789699295520114,0,rollback,bench,559,21,0,5525,ok
23517,1789699295520114,0,rollback,bench,928,22,0,5525,ok
23517,1789699295520115,0,rollback,bench,5,11,0,5525,ok
23545,1789699295529146,0,rollback,bench,977,25,0,5534,ok
23545,1789699295529147,0,rollback,bench,549,19,0,5534,ok
23545,1789699295529148,0,rollback,bench,857,17,0,5534,ok
23548,1789699295529152,0,rollback,bench,162,13,0,5535,ok
23548,1789699295529152,0,rollback,bench,837,12,0,5535,ok
23550,1789699295529160,0,rollback,bench,730,20,0,5536,ok
23550,1789699295529160,0,rollback,bench,877,22,0,5536,ok
23550,1789699295529161,0,rollback,bench,596,22,0,5536,ok
23550,1789699295529161,0,rollback,bench,537,18,0,5536,ok
23559,1789699295531289,0,rollback,bench,18,18,0,5538,ok
23559,1789699295531290,0,rollback,bench,864,20,0,5538,ok
23568,1789699295534262,0,rollback,bench,895,18,0,5541,ok
23568,1789699295534263,0,rollback,bench,434,14,0,5541,ok
23568,1789699295534263,0,rollback,bench,320,22,0,5541,ok
23568,1789699295534264,0,rollback,bench,847,16,0,5541,ok
23635,1789699295568864,0,rollback,bench,583,18,0,5563,ok
23639,1789699295569969,0,rollback,bench,38,21,0,5565,ok
23644,1789699295571950,0,rollback,bench,58,21,0,5568,ok
23645,1789699295571953,0,rollback,bench,272,16,0,5569,ok
23651,1789699295573932,0,rollback,bench,77,18,0,5571,ok
23651,1789699295573933,0,rollback,bench,701,27,0,5571,ok
23651,1789699295573933,0,rollback,bench,453,16,0,5571,ok
23651,1789699295573933,0,rollback,bench,316,19,0,5571,ok
23655,1789699295573936,0,rollback,bench,873,24,0,5572,ok
23656,1789699295573945,0,rollback,bench,24,23,0,5573,ok
23656,1789699295573946,0,rollback,bench,14,13,0,5573,ok
23656,1789699295573946,0,rollback,bench,673,24,0,5573,ok
23656,1789699295573946,0,rollback,bench,519,18,0,5573,ok
23660,1789699295573953,0,rollback,bench,431,30,0,5574,ok
23660,1789699295573953,0,rollback,bench,433,17,0,5574,ok
23660,1789699295573954,0,rollback,bench,929,20,0,5574,ok
23663,1789699295573962,0,rollback,bench,303,15,0,5575,ok
23663,1789699295573962,0,rollback,bench,146,20,0,5575,ok
23663,1789699295573962,0,rollback,bench,140,20,0,5575,ok
23663,1789699295573963,0,rollback,bench,177,24,0,5575,ok
23680,1789699295579851,0,rollback,bench,230,19,0,5580,ok
23680,1789699295579852,0,rollback,bench,173,20,0,5580,ok
23680,1789699295579852,0,rollback,bench,693,18,0,5580,ok
23680,1789699295579853,0,rollback,bench,140,20,0,5580,ok
23689,1789699295582188,0,rollback,bench,499,17,0,5582,ok
23689,1789699295582189,0,rollback,bench,776,17,0,5582,ok
23689,1789699295582189,0,rollback,bench,66,23,0,5582,ok
23692,1789699295582199,0,rollback,bench,504,23,0,5583,ok
23692,1789699295582199,0,rollback,bench,257,24,0,5583,ok
23692,1789699295582199,0,rollback,bench,170,25,0,5583,ok
23692,1789699295582200,0,rollback,bench,83,24,0,5583,ok
23720,1789699295593266,0,rollback,bench,74,17,0,5591,ok
23720,1789699295593267,0,rollback,bench,306,14,0,5591,ok
23720,1789699295593267,0,rollback,bench,38,21,0,5591,ok
23727,1789699295595495,0,rollback,bench,391,22,0,5593,ok
23727,1789699295595496,0,rollback,bench,242,19,0,5593,ok
23727,1789699295595497,0,rollback,bench,177,25,0,5593,ok
23727,1789699295595497,0,rollback,bench,535,23,0,5593,ok
23727,1789699295595497,0,rollback,bench,880,15,0,5593,ok
23732,1789699295595500,0,rollback,bench,390,21,0,5594,ok
23733,1789699295595509,0,rollback,bench,146,20,0,5595,ok
23733,1789699295595510,0,rollback,bench,42,25,0,5595,ok
23733,1789699295595510,0,rollback,bench,631,21,0,5595,ok
23750,1789699295601807,0,rollback,bench,694,23,0,5601,ok
23750,1789699295601808,0,rollback,bench,458,21,0,5601,ok
23750,1789699295601808,0,rollback,bench,776,17,0,5601,ok
23771,1789699295610293,0,rollback,bench,802,15,0,5608,ok
23771,1789699295610295,0,rollback,bench,319,21,0,5608,ok
23771,1789699295610295,0,rollback,bench,903,12,0,5608,ok
23771,1789699295610295,0,rollback,bench,763,25,0,5608,ok
23784,1789699295614061,0,rollback,bench,47,17,0,5613,ok
23784,1789699295614062,0,rollback,bench,754,23,0,5613,ok
23791,1789699295616245,0,rollback,bench,121,30,0,5615,ok
23791,1789699295616246,0,rollback,bench,710,23,0,5615,ok
23791,1789699295616246,0,rollback,bench,615,14,0,5615,ok
23791,1789699295616247,0,rollback,bench,608,18,0,5615,ok
23791,1789699295616247,0,rollback,bench,680,26,0,5615,ok
23796,1789699295616257,0,rollback,bench,734,25,0,5616,ok
23796,1789699295616258,0,rollback,bench,712,19,0,5616,ok
23796,1789699295616258,0,rollback,bench,15,21,0,5616,ok
23796,1789699295616258,0,rollback,bench,652,33,0,5616,ok
23804,1789699295618027,0,rollback,bench,428,24,0,5620,ok
23804,1789699295618027,0,rollback,bench,690,25,0,5620,ok
23809,1789699295619248,0,rollback,bench,33,24,0,5622,ok
23809,1789699295619249,0,rollback,bench,708,13,0,5622,ok
23809,1789699295619249,0,rollback,bench,551,19,0,5622,ok
23847,1789699295639381,0,rollback,bench,396,22,0,5635,ok
23847,1789699295639383,0,rollback,bench,576,22,0,5635,ok
23847,1789699295639383,0,rollback,bench,584,21,0,5635,ok
23847,1789699295639384,0,rollback,bench,584,21,0,5635,ok
23851,1789699295639404,0,rollback,bench,267,19,0,5636,ok
23851,1789699295639404,0,rollback,bench,206,14,0,5636,ok
23851,1789699295639405,0,rollback,bench,380,23,0,5636,ok
23851,1789699295639405,0,rollback,bench,475,18,0,5636,ok
23863,1789699295644078,0,rollback,bench,855,16,0,5639,ok
23863,1789699295644079,0,rollback,bench,776,17,0,5639,ok
23863,1789699295644080,0,rollback,bench,66,24,0,5639,ok
23863,1789699295644080,0,rollback,bench,741,12,0,5639,ok
23863,1789699295644080,0,rollback,bench,900,22,0,5639,ok
23881,1789699295650549,0,rollback,bench,965,22,0,5643,ok
23887,1789699295653060,0,rollback,bench,692,23,0,5645,ok
23899,1789699295659663,0,rollback,bench,168,25,0,5652,ok
23899,1789699295659664,0,rollback,bench,948,17,0,5652,ok
23899,1789699295659664,0,rollback,bench,937,18,0,5652,ok
23899,1789699295659665,0,rollback,bench,796,17,0,5652,ok
23914,1789699295665111,0,rollback,bench,481,18,0,5656,ok
23914,1789699295665112,0,rollback,bench,687,12,0,5656,ok
23914,1789699295665113,0,rollback,bench,842,13,0,5656,ok
23914,1789699295665113,0,rollback,bench,87,26,0,5656,ok
23918,1789699295665120,0,rollback,bench,288,22,0,5657,ok
23918,1789699295665121,0,rollback,bench,705,19,0,5657,ok
23918,1789699295665121,0,rollback,bench,358,23,0,5657,ok
23946,1789699295679229,0,rollback,bench,491,23,0,5666,ok
23946,1789699295679230,0,rollback,bench,248,17,0,5666,ok
23946,1789699295679231,0,rollback,bench,672,29,0,5666,ok
23946,1789699295679231,0,rollback,bench,32,20,0,5666,ok
23946,1789699295679232,0,rollback,bench,79,20,0,5666,ok
23979,1789699295692056,0,rollback,bench,547,18,0,5677,ok
23979,1789699295692057,0,rollback,bench,304,19,0,5677,ok
24025,1789699295713867,0,rollback,bench,503,18,0,5693,ok
24025,1789699295713868,0,rollback,bench,645,25,0,5693,ok
24025,1789699295713869,0,rollback,bench,230,19,0,5693,ok
24025,1789699295713869,0,rollback,bench,221,23,0,5693,ok
24037,1789699295717392,0,rollback,bench,374,20,0,5697,ok
24056,1789699295726256,0,rollback,bench,134,14,0,5704,ok
24056,1789699295726257,0,rollback,bench,467,24,0,5704,ok
24056,1789699295726258,0,rollback,bench,17,13,0,5704,ok
24056,1789699295726258,0,rollback,bench,732,17,0,5704,ok
24056,1789699295726258,0,rollback,bench,567,18,0,5704,ok
24070,1789699295730649,0,rollback,bench,189,21,0,5707,ok
24070,1789699295730650,0,rollback,bench,20,26,0,5707,ok
24070,1789699295730651,0,rollback,bench,889,26,0,5707,ok
24074,1789699295730984,0,rollback,bench,847,18,0,5709,ok
24074,1789699295730984,0,rollback,bench,22,11,0,5709,ok
24078,1789699295732079,0,rollback,bench,711,23,0,5711,ok
24078,1789699295732080,0,rollback,bench,172,26,0,5711,ok
24078,1789699295732080,0,rollback,bench,256,20,0,5711,ok
24095,1789699295737854,0,rollback,bench,763,25,0,5718,ok
24101,1789699295740284,0,rollback,bench,80,23,0,5721,ok
24101,1789699295740285,0,rollback,bench,714,16,0,5721,ok
24101,1789699295740285,0,rollback,bench,824,23,0,5721,ok
24135,1789699295752843,0,rollback,bench,2,22,0,5733,ok
24135,1789699295752844,0,rollback,bench,93,23,0,5733,ok
24135,1789699295752845,0,rollback,bench,977,25,0,5733,ok
24135,1789699295752845,0,rollback,bench,817,17,0,5733,ok
24142,1789699295754109,0,rollback,bench,599,21,0,5735,ok
24142,1789699295754110,0,rollback,bench,807,21,0,5735,ok
24142,1789699295754110,0,rollback,bench,35,16,0,5735,ok
24154,1789699295758418,0,rollback,bench,791,19,0,5738,ok
24154,1789699295758420,0,rollback,bench,415,16,0,5738,ok
24154,1789699295758420,0,rollback,bench,739,15,0,5738,ok
24157,1789699295758428,0,rollback,bench,294,18,0,5739,ok
24157,1789699295758428,0,rollback,bench,828,18,0,5739,ok
24157,1789699295758428,0,rollback,bench,20,26,0,5739,ok
24157,1789699295758429,0,rollback,bench,809,20,0,5739,ok
24163,1789699295759327,0,rollback,bench,223,20,0,5742,ok
24163,1789699295759328,0,rollback,bench,509,17,0,5742,ok
24163,1789699295759328,0,rollback,bench,485,16,0,5742,ok
24167,1789699295759770,0,rollback,bench,956,15,0,5744,ok
24167,1789699295759771,0,rollback,bench,95,11,0,5744,ok
24167,1789699295759771,0,rollback,bench,541,16,0,5744,ok
24167,1789699295759771,0,rollback,bench,307,24,0,5744,ok
24167,1789699295759772,0,rollback,bench,106,19,0,5744,ok
24172,1789699295759782,0,rollback,bench,199,12,0,5745,ok
24172,1789699295759782,0,rollback,bench,450,21,0,5745,ok
24172,1789699295759782,0,rollback,bench,719,18,0,5745,ok
24172,1789699295759783,0,rollback,bench,97,17,0,5745,ok
24184,1789699295763214,0,rollback,bench,809,20,0,5748,ok
24194,1789699295767374,0,rollback,bench,500,14,0,5752,ok
24206,1789699295772117,0,rollback,bench,437,14,0,5756,ok
24206,1789699295772118,0,rollback,bench,956,15,0,5756,ok
24206,1789699295772118,0,rollback,bench,426,25,0,5756,ok
24206,1789699295772119,0,rollback,bench,207,22,0,5756,ok
24215,1789699295774217,0,rollback,bench,865,25,0,5759,ok
24216,1789699295774236,0,rollback,bench,535,24,0,5760,ok
24216,1789699295774236,0,rollback,bench,882,11,0,5760,ok
24216,1789699295774237,0,rollback,bench,454,9,0,5760,ok
24216,1789699295774237,0,rollback,bench,424,16,0,5760,ok
24227,1789699295777253,0,rollback,bench,954,26,0,5764,ok
24227,1789699295777254,0,rollback,bench,602,20,0,5764,ok
24240,1789699295781888,0,rollback,bench,574,18,0,5770,ok
24240,1789699295781888,0,rollback,bench,707,18,0,5770,ok
24240,1789699295781889,0,rollback,bench,927,20,0,5770,ok
24240,1789699295781889,0,rollback,bench,889,26,0,5770,ok
24254,1789699295785667,0,rollback,bench,943,29,0,5773,ok
24254,1789699295785667,0,rollback,bench,626,23,0,5773,ok
24254,1789699295785668,0,rollback,bench,102,11,0,5773,ok
24257,1789699295785676,0,rollback,bench,695,31,0,5774,ok
24257,1789699295785676,0,rollback,bench,717,25,0,5774,ok
24257,1789699295785677,0,rollback,bench,212,18,0,5774,ok
24257,1789699295785677,0,rollback,bench,223,20,0,5774,ok
24297,1789699295801252,0,rollback,bench,386,22,0,5786,ok
24297,1789699295801253,0,rollback,bench,904,19,0,5786,ok
24297,1789699295801254,0,rollback,bench,792,20,0,5786,ok
24300,1789699295801264,0,rollback,bench,964,18,0,5787,ok
24300,1789699295801264,0,rollback,bench,583,18,0,5787,ok
24300,1789699295801265,0,rollback,bench,861,22,0,5787,ok
24300,1789699295801265,0,rollback,bench,819,19,0,5787,ok
24300,1789699295801265,0,rollback,bench,190,17,0,5787,ok
24305,1789699295801268,0,rollback,bench,377,17,0,5788,ok
24306,1789699295801270,0,rollback,bench,578,21,0,5789,ok
24339,1789699295820927,0,rollback,bench,623,18,0,5801,ok
24339,1789699295820928,0,rollback,bench,776,17,0,5801,ok
24339,1789699295820928,0,rollback,bench,695,31,0,5801,ok
24339,1789699295820929,0,rollback,bench,480,18,0,5801,ok
24343,1789699295820931,0,rollback,bench,318,18,0,5802,ok
24345,1789699295821418,0,rollback,bench,503,19,0,5804,ok
24348,1789699295821951,0,rollback,bench,886,18,0,5806,ok
24354,1789699295823934,0,rollback,bench,590,27,0,5810,ok
24354,1789699295823935,0,rollback,bench,946,16,0,5810,ok
24382,1789699295835006,0,rollback,bench,440,18,0,5820,ok
24382,1789699295835007,0,rollback,bench,628,24,0,5820,ok
24382,1789699295835008,0,rollback,bench,205,25,0,5820,ok
24382,1789699295835008,0,rollback,bench,167,18,0,5820,ok
24400,1789699295841429,0,rollback,bench,441,24,0,5826,ok
24403,1789699295842351,0,rollback,bench,745,19,0,5828,ok
24409,1789699295844481,0,rollback,bench,304,19,0,5831,ok
24409,1789699295844482,0,rollback,bench,272,17,0,5831,ok
24409,1789699295844482,0,rollback,bench,555,28,0,5831,ok
24409,1789699295844483,0,rollback,bench,728,26,0,5831,ok
24409,1789699295844483,0,rollback,bench,243,18,0,5831,ok
24415,1789699295845362,0,rollback,bench,901,14,0,5833,ok
24415,1789699295845362,0,rollback,bench,259,22,0,5833,ok
24417,1789699295845391,0,rollback,bench,901,14,0,5834,ok
24417,1789699295845391,0,rollback,bench,728,26,0,5834,ok
24417,1789699295845391,0,rollback,bench,883,18,0,5834,ok
24417,1789699295845391,0,rollback,bench,769,29,0,5834,ok
24417,1789699295845392,0,rollback,bench,444,18,0,5834,ok
24423,1789699295846044,0,rollback,bench,101,23,0,5836,ok
24423,1789699295846045,0,rollback,bench,683,21,0,5836,ok
24423,1789699295846046,0,rollback,bench,850,21,0,5836,ok
24427,1789699295847024,0,rollback,bench,123,21,0,5838,ok
24427,1789699295847025,0,rollback,bench,63,28,0,5838,ok
24427,1789699295847026,0,rollback,bench,8,21,0,5838,ok
24427,1789699295847026,0,rollback,bench,642,21,0,5838,ok
24427,1789699295847036,0,rollback,bench,843,19,0,5838,ok
24454,1789699295857991,0,rollback,bench,301,18,0,5845,ok
24455,1789699295858005,0,rollback,bench,434,15,0,5846,ok
24455,1789699295858005,0,rollback,bench,370,22,0,5846,ok
24455,1789699295858006,0,rollback,bench,365,21,0,5846,ok
24455,1789699295858006,0,rollback,bench,726,19,0,5846,ok
24476,1789699295865487,0,rollback,bench,897,16,0,5853,ok
24476,1789699295865488,0,rollback,bench,640,15,0,5853,ok
24476,1789699295865488,0,rollback,bench,89,19,0,5853,ok
24476,1789699295865488,0,rollback,bench,651,23,0,5853,ok
24480,1789699295865493,0,rollback,bench,835,23,0,5854,ok
24480,1789699295865493,0,rollback,bench,123,21,0,5854,ok
24497,1789699295872254,0,rollback,bench,379,18,0,5858,ok
24497,1789699295872255,0,rollback,bench,436,24,0,5858,ok
24497,1789699295872256,0,rollback,bench,673,24,0,5858,ok
24502,1789699295873248,0,rollback,bench,121,31,0,5860,ok
24502,1789699295873249,0,rollback,bench,188,21,0,5860,ok
24502,1789699295873250,0,rollback,bench,101,23,0,5860,ok
24502,1789699295873250,0,rollback,bench,469,19,0,5860,ok
24537,1789699295887233,0,rollback,bench,987,20,0,5871,ok
24537,1789699295887234,0,rollback,bench,234,20,0,5871,ok
24537,1789699295887234,0,rollback,bench,293,20,0,5871,ok
24537,1789699295887235,0,rollback,bench,672,29,0,5871,ok
24537,1789699295887235,0,rollback,bench,669,20,0,5871,ok
24542,1789699295887243,0,rollback,bench,389,14,0,5872,ok
24542,1789699295887244,0,rollback,bench,894,26,0,5872,ok
24542,1789699295887244,0,rollback,bench,440,18,0,5872,ok
24547,1789699295888160,0,rollback,bench,60,23,0,5874,ok
24567,1789699295896305,0,rollback,bench,842,13,0,5880,ok
24567,1789699295896306,0,rollback,bench,139,25,0,5880,ok
24574,1789699295898493,0,rollback,bench,671,18,0,5882,ok
24574,1789699295898494,0,rollback,bench,891,26,0,5882,ok
24589,1789699295904988,0,rollback,bench,570,25,0,5886,ok
24589,1789699295904989,0,rollback,bench,558,23,0,5886,ok
24591,1789699295904993,0,rollback,bench,610,19,0,5887,ok
24591,1789699295904994,0,rollback,bench,623,18,0,5887,ok
24605,1789699295910655,0,rollback,bench,260,22,0,5893,ok
24605,1789699295910656,0,rollback,bench,774,21,0,5893,ok
24605,1789699295910657,0,rollback,bench,912,15,0,5893,ok
24605,1789699295910657,0,rollback,bench,968,25,0,5893,ok
24626,1789699295917890,0,rollback,bench,926,22,0,5901,ok
24626,1789699295917891,0,rollback,bench,203,22,0,5901,ok
24640,1789699295923961,0,rollback,bench,794,17,0,5905,ok
24640,1789699295923962,0,rollback,bench,642,21,0,5905,ok
24640,1789699295923963,0,rollback,bench,971,16,0,5905,ok
24640,1789699295923963,0,rollback,bench,647,12,0,5905,ok
24645,1789699295924304,0,rollback,bench,769,29,0,5907,ok
24645,1789699295924305,0,rollback,bench,163,18,0,5907,ok
24645,1789699295924306,0,rollback,bench,813,25,0,5907,ok
24648,1789699295924319,0,rollback,bench,847,18,0,5908,ok
24648,1789699295924319,0,rollback,bench,405,17,0,5908,ok
24648,1789699295924319,0,rollback,bench,353,19,0,5908,ok
24648,1789699295924320,0,rollback,bench,0,14,0,5908,ok
24648,1789699295924320,0,rollback,bench,386,23,0,5908,ok
24661,1789699295927775,0,rollback,bench,716,31,0,5911,ok
24661,1789699295927776,0,rollback,bench,661,16,0,5911,ok
24661,1789699295927776,0,rollback,bench,272,17,0,5911,ok
24661,1789699295927777,0,rollback,bench,861,22,0,5911,ok
24661,1789699295927777,0,rollback,bench,602,20,0,5911,ok
24669,1789699295928937,0,rollback,bench,608,18,0,5914,ok
24670,1789699295928956,0,rollback,bench,656,26,0,5915,ok
24670,1789699295928956,0,rollback,bench,954,27,0,5915,ok
24670,1789699295928956,0,rollback,bench,184,22,0,5915,ok
24678,1789699295931004,0,rollback,bench,864,20,0,5919,ok
24678,1789699295931005,0,rollback,bench,993,27,0,5919,ok
24678,1789699295931006,0,rollback,bench,456,19,0,5919,ok
24687,1789699295933672,0,rollback,bench,925,16,0,5922,ok
24687,1789699295933673,0,rollback,bench,775,22,0,5922,ok
24687,1789699295933673,0,rollback,bench,116,20,0,5922,ok
24693,1789699295935171,0,rollback,bench,728,27,0,5924,ok
24693,1789699295935172,0,rollback,bench,822,20,0,5924,ok
24693,1789699295935172,0,rollback,bench,84,23,0,5924,ok
24696,1789699295935175,0,rollback,bench,586,18,0,5925,ok
24700,1789699295936514,0,rollback,bench,685,19,0,5927,ok
24700,1789699295936515,0,rollback,bench,517,26,0,5927,ok
24700,1789699295936515,0,rollback,bench,446,20,0,5927,ok
24713,1789699295941062,0,rollback,bench,862,25,0,5932,ok
24721,1789699295944227,0,rollback,bench,315,18,0,5935,ok
24721,1789699295944228,0,rollback,bench,391,22,0,5935,ok
24721,1789699295944228,0,rollback,bench,873,25,0,5935,ok
24721,1789699295944228,0,rollback,bench,696,18,0,5935,ok
24721,1789699295944229,0,rollback,bench,419,16,0,5935,ok
24726,1789699295944231,0,rollback,bench,256,21,0,5936,ok
24744,1789699295952308,0,rollback,bench,969,30,0,5943,ok
24744,1789699295952308,0,rollback,bench,809,21,0,5943,ok
24744,1789699295952309,0,rollback,bench,633,19,0,5943,ok
24744,1789699295952309,0,rollback,bench,402,21,0,5943,ok
24757,1789699295955821,0,rollback,bench,545,26,0,5946,ok
24769,1789699295961851,0,rollback,bench,782,16,0,5951,ok
24769,1789699295961852,0,rollback,bench,83,26,0,5951,ok
24769,1789699295961853,0,rollback,bench,979,27,0,5951,ok
24769,1789699295961854,0,rollback,bench,763,25,0,5951,ok
24769,1789699295961854,0,rollback,bench,448,30,0,5951,ok
24786,1789699295968023,0,rollback,bench,324,24,0,5955,ok
24786,1789699295968024,0,rollback,bench,326,22,0,5955,ok
24786,1789699295968024,0,rollback,bench,71,18,0,5955,ok
24786,1789699295968025,0,rollback,bench,257,25,0,5955,ok
24792,1789699295969043,0,rollback,bench,99,26,0,5957,ok
24792,1789699295969044,0,rollback,bench,566,19,0,5957,ok
24792,1789699295969044,0,rollback,bench,973,25,0,5957,ok
24792,1789699295969045,0,rollback,bench,160,18,0,5957,ok
24800,1789699295970895,0,rollback,bench,722,23,0,5959,ok
24800,1789699295970896,0,rollback,bench,922,27,0,5959,ok
24800,1789699295970896,0,rollback,bench,353,19,0,5959,ok
24800,1789699295970896,0,rollback,bench,264,18,0,5959,ok
24804,1789699295970899,0,rollback,bench,876,22,0,5960,ok
24814,1789699295974897,0,rollback,bench,39,15,0,5966,ok
24814,1789699295974898,0,rollback,bench,452,13,0,5966,ok
24814,1789699295974898,0,rollback,bench,827,20,0,5966,ok
24839,1789699295985689,0,rollback,bench,707,18,0,5974,ok
24850,1789699295990171,0,rollback,bench,870,16,0,5977,ok
24850,1789699295990172,0,rollback,bench,3,22,0,5977,ok
24850,1789699295990172,0,rollback,bench,252,15,0,5977,ok
24866,1789699295995916,0,rollback,bench,86,26,0,5983,ok
24868,1789699295996255,0,rollback,bench,913,15,0,5985,ok
24868,1789699295996256,0,rollback,bench,831,10,0,5985,ok
24868,1789699295996256,0,rollback,bench,239,14,0,5985,ok
24883,1789699296001115,0,rollback,bench,746,21,0,5989,ok
24883,1789699296001116,0,rollback,bench,627,19,0,5989,ok
24883,1789699296001117,0,rollback,bench,742,19,0,5989,ok
24883,1789699296001117,0,rollback,bench,0,14,0,5989,ok
24900,1789699296007718,0,rollback,bench,682,18,0,5994,ok
24900,1789699296007719,0,rollback,bench,163,18,0,5994,ok
24900,1789699296007720,0,rollback,bench,301,18,0,5994,ok
24903,1789699296007722,0,rollback,bench,94,16,0,5995,ok
24931,1789699296020289,0,rollback,bench,597,26,0,6006,ok
24932,1789699296020301,0,rollback,bench,794,17,0,6007,ok
24932,1789699296020301,0,rollback,bench,285,20,0,6007,ok
24932,1789699296020302,0,rollback,bench,849,21,0,6007,ok
24942,1789699296024686,0,rollback,bench,114,24,0,6011,ok
24942,1789699296024687,0,rollback,bench,898,27,0,6011,ok
24942,1789699296024687,0,rollback,bench,236,22,0,6011,ok
24942,1789699296024688,0,rollback,bench,555,28,0,6011,ok
24950,1789699296026484,0,rollback,bench,990,22,0,6013,ok
24950,1789699296026485,0,rollback,bench,239,14,0,6013,ok
24950,1789699296026485,0,rollback,bench,305,23,0,6013,ok
24950,1789699296026485,0,rollback,bench,329,16,0,6013,ok
24950,1789699296026486,0,rollback,bench,417,20,0,6013,ok
24968,1789699296033304,0,rollback,bench,931,17,0,6018,ok
24968,1789699296033305,0,rollback,bench,125,13,0,6018,ok
24970,1789699296033321,0,rollback,bench,290,23,0,6019,ok
24970,1789699296033321,0,rollback,bench,669,20,0,6019,ok
24970,1789699296033322,0,rollback,bench,668,17,0,6019,ok
24970,1789699296033333,0,rollback,bench,444,18,0,6019,ok
24984,1789699296038072,0,rollback,bench,711,24,0,6024,ok
24984,1789699296038073,0,rollback,bench,739,15,0,6024,ok
24984,1789699296038073,0,rollback,bench,584,21,0,6024,ok
24987,1789699296038082,0,rollback,bench,761,24,0,6025,ok
24987,1789699296038082,0,rollback,bench,494,24,0,6025,ok
24987,1789699296038083,0,rollback,bench,90,18,0,6025,ok
24987,1789699296038083,0,rollback,bench,623,18,0,6025,ok
24993,1789699296039043,0,rollback,bench,925,17,0,6028,ok
24994,1789699296039064,0,rollback,bench,892,13,0,6029,ok
24994,1789699296039064,0,rollback,bench,490,17,0,6029,ok
24994,1789699296039065,0,rollback,bench,187,15,0,6029,ok
24994,1789699296039065,0,rollback,bench,709,21,0,6029,ok
24994,1789699296039065,0,rollback,bench,702,39,0,6029,ok
24999,1789699296039068,0,rollback,bench,769,29,0,6030,ok
25000,1789699296039070,0,rollback,bench,543,24,0,6031,ok
25001,1789699296039081,0,rollback,bench,441,24,0,6032,ok
25001,1789699296039081,0,rollback,bench,896,22,0,6032,ok
25001,1789699296039081,0,rollback,bench,688,20,0,6032,ok
25001,1789699296039082,0,rollback,bench,125,13,0,6032,ok
25001,1789699296039082,0,rollback,bench,946,18,0,6032,ok
25011,1789699296041409,0,rollback,bench,788,24,0,6035,ok
25011,1789699296041410,0,rollback,bench,133,22,0,6035,ok
25011,1789699296041410,0,rollback,bench,76,15,0,6035,ok
25011,1789699296041410,0,rollback,bench,168,25,0,6035,ok
25011,1789699296041411,0,rollback,bench,60,23,0,6035,ok
25019,1789699296042995,0,rollback,bench,506,29,0,6037,ok
25019,1789699296042996,0,rollback,bench,736,19,0,6037,ok
25019,1789699296042996,0,rollback,bench,896,22,0,6037,ok
25019,1789699296042996,0,rollback,bench,922,27,0,6037,ok
25029,1789699296045529,0,rollback,bench,482,29,0,6040,ok
25029,1789699296045530,0,rollback,bench,532,18,0,6040,ok
25031,1789699296045547,0,rollback,bench,85,21,0,6041,ok
25031,1789699296045547,0,rollback,bench,254,21,0,6041,ok
25031,1789699296045548,0,rollback,bench,257,25,0,6041,ok
25031,1789699296045548,0,rollback,bench,143,15,0,6041,ok
25031,1789699296045548,0,rollback,bench,175,27,0,6041,ok
25036,1789699296045556,0,rollback,bench,623,18,0,6042,ok
25036,1789699296045556,0,rollback,bench,923,18,0,6042,ok
25036,1789699296045557,0,rollback,bench,939,22,0,6042,ok
25036,1789699296045557,0,rollback,bench,408,24,0,6042,ok
25040,1789699296045564,0,rollback,bench,736,19,0,6043,ok
25040,1789699296045565,0,rollback,bench,648,31,0,6043,ok
25040,1789699296045565,0,rollback,bench,498,18,0,6043,ok
25040,1789699296045565,0,rollback,bench,952,21,0,6043,ok
25058,1789699296052113,0,rollback,bench,128,14,0,6048,ok
25058,1789699296052114,0,rollback,bench,567,19,0,6048,ok
25058,1789699296052114,0,rollback,bench,293,20,0,6048,ok
25058,1789699296052114,0,rollback,bench,908,20,0,6048,ok
25062,1789699296052121,0,rollback,bench,282,23,0,6049,ok
25062,1789699296052121,0,rollback,bench,629,15,0,6049,ok
25062,1789699296052122,0,rollback,bench,288,22,0,6049,ok
25075,1789699296057058,0,rollback,bench,576,22,0,6054,ok
25075,1789699296057059,0,rollback,bench,648,31,0,6054,ok
25075,1789699296057059,0,rollback,bench,101,23,0,6054,ok
25078,1789699296057068,0,rollback,bench,727,19,0,6055,ok
25078,1789699296057068,0,rollback,bench,423,23,0,6055,ok
25078,1789699296057069,0,rollback,bench,65,15,0,6055,ok
25078,1789699296057069,0,rollback,bench,941,24,0,6055,ok
25111,1789699296069746,0,rollback,bench,324,24,0,6066,ok
25111,1789699296069747,0,rollback,bench,221,24,0,6066,ok
25113,1789699296069760,0,rollback,bench,941,24,0,6067,ok
25113,1789699296069760,0,rollback,bench,392,16,0,6067,ok
25113,1789699296069761,0,rollback,bench,864,20,0,6067,ok
25117,1789699296070174,0,rollback,bench,692,23,0,6069,ok
25117,1789699296070175,0,rollback,bench,909,23,0,6069,ok
25117,1789699296070175,0,rollback,bench,193,19,0,6069,ok
25117,1789699296070176,0,rollback,bench,5,12,0,6069,ok
25138,1789699296097116,0,rollback,bench,85,21,0,6077,ok
25138,1789699296097118,0,rollback,bench,306,14,0,6077,ok
25138,1789699296097118,0,rollback,bench,105,24,0,6077,ok
25141,1789699296097120,0,rollback,bench,455,16,0,6078,ok
25149,1789699296100728,0,rollback,bench,693,18,0,6083,ok
25149,1789699296100729,0,rollback,bench,339,23,0,6083,ok
25149,1789699296100730,0,rollback,bench,40,25,0,6083,ok
25149,1789699296100730,0,rollback,bench,631,21,0,6083,ok
25184,1789699296116297,0,rollback,bench,406,29,0,6094,ok
25184,1789699296116298,0,rollback,bench,8,21,0,6094,ok
25184,1789699296116298,0,rollback,bench,35,16,0,6094,ok
25184,1789699296116298,0,rollback,bench,370,22,0,6094,ok
25188,1789699296116312,0,rollback,bench,156,17,0,6095,ok
25188,1789699296116312,0,rollback,bench,960,21,0,6095,ok
25188,1789699296116313,0,rollback,bench,57,23,0,6095,ok
25188,1789699296116313,0,rollback,bench,200,24,0,6095,ok
25188,1789699296116313,0,rollback,bench,33,26,0,6095,ok
25196,1789699296117361,0,rollback,bench,956,15,0,6097,ok
25196,1789699296117362,0,rollback,bench,930,14,0,6097,ok
25223,1789699296128686,0,rollback,bench,863,19,0,6105,ok
25223,1789699296128687,0,rollback,bench,237,23,0,6105,ok
25223,1789699296128688,0,rollback,bench,286,18,0,6105,ok
25223,1789699296128688,0,rollback,bench,180,18,0,6105,ok
25223,1789699296128688,0,rollback,bench,627,19,0,6105,ok
25234,1789699296130963,0,rollback,bench,507,13,0,6108,ok
25234,1789699296130964,0,rollback,bench,885,16,0,6108,ok
25236,1789699296130988,0,rollback,bench,679,19,0,6109,ok
25236,1789699296130989,0,rollback,bench,733,20,0,6109,ok
25236,1789699296130989,0,rollback,bench,231,16,0,6109,ok
25236,1789699296130990,0,rollback,bench,370,22,0,6109,ok
25259,1789699296139295,0,rollback,bench,512,16,0,6117,ok
25269,1789699296143957,0,rollback,bench,389,14,0,6122,ok
25269,1789699296143958,0,rollback,bench,560,17,0,6122,ok
25280,1789699296147554,0,rollback,bench,758,17,0,6128,ok
25280,1789699296147555,0,rollback,bench,750,25,0,6128,ok
25280,1789699296147555,0,rollback,bench,706,24,0,6128,ok
25283,1789699296147567,0,rollback,bench,255,23,0,6129,ok
25283,1789699296147567,0,rollback,bench,506,29,0,6129,ok
25283,1789699296147567,0,rollback,bench,871,28,0,6129,ok
25283,1789699296147568,0,rollback,bench,916,22,0,6129,ok
25289,1789699296148874,0,rollback,bench,757,16,0,6131,ok
25289,1789699296148874,0,rollback,bench,638,17,0,6131,ok
25291,1789699296148902,0,rollback,bench,343,29,0,6132,ok
25291,1789699296148902,0,rollback,bench,715,17,0,6132,ok
25291,1789699296148902,0,rollback,bench,790,13,0,6132,ok
25291,1789699296148903,0,rollback,bench,113,25,0,6132,ok
25291,1789699296148903,0,rollback,bench,881,21,0,6132,ok
25309,1789699296154563,0,rollback,bench,796,20,0,6137,ok
25309,1789699296154564,0,rollback,bench,280,13,0,6137,ok
25309,1789699296154564,0,rollback,bench,847,18,0,6137,ok
25309,1789699296154565,0,rollback,bench,191,21,0,6137,ok
25352,1789699296171022,0,rollback,bench,337,18,0,6151,ok
25352,1789699296171023,0,rollback,bench,594,27,0,6151,ok
25352,1789699296171024,0,rollback,bench,849,22,0,6151,ok
25358,1789699296172322,0,rollback,bench,330,23,0,6154,ok
25358,1789699296172323,0,rollback,bench,173,22,0,6154,ok
25358,1789699296172324,0,rollback,bench,93,23,0,6154,ok
25388,1789699296183789,0,rollback,bench,5,13,0,6164,ok
25388,1789699296183790,0,rollback,bench,109,24,0,6164,ok
25390,1789699296183815,0,rollback,bench,238,16,0,6165,ok
25390,1789699296183816,0,rollback,bench,708,15,0,6165,ok
25390,1789699296183816,0,rollback,bench,363,22,0,6165,ok
25390,1789699296183817,0,rollback,bench,475,19,0,6165,ok
25390,1789699296183817,0,rollback,bench,737,24,0,6165,ok
25400,1789699296185632,0,rollback,bench,82,23,0,6167,ok
25400,1789699296185633,0,rollback,bench,126,23,0,6167,ok
25405,1789699296186630,0,rollback,bench,702,40,0,6169,ok
25405,1789699296186631,0,rollback,bench,572,28,0,6169,ok
25416,1789699296190935,0,rollback,bench,873,27,0,6173,ok
25416,1789699296190936,0,rollback,bench,749,26,0,6173,ok
25416,1789699296190937,0,rollback,bench,263,18,0,6173,ok
25416,1789699296190937,0,rollback,bench,742,20,0,6173,ok
25416,1789699296190937,0,rollback,bench,767,21,0,6173,ok
25421,1789699296190948,0,rollback,bench,494,24,0,6174,ok
25421,1789699296190948,0,rollback,bench,512,16,0,6174,ok
25421,1789699296190948,0,rollback,bench,298,15,0,6174,ok
25421,1789699296190949,0,rollback,bench,463,29,0,6174,ok
25425,1789699296190974,0,rollback,bench,687,15,0,6175,ok
25425,1789699296190974,0,rollback,bench,205,26,0,6175,ok
25425,1789699296190974,0,rollback,bench,626,25,0,6175,ok
25425,1789699296190974,0,rollback,bench,868,30,0,6175,ok
25425,1789699296190975,0,rollback,bench,479,19,0,6175,ok
25459,1789699296202858,0,rollback,bench,92,19,0,6183,ok
25459,1789699296202859,0,rollback,bench,311,23,0,6183,ok
25459,1789699296202859,0,rollback,bench,107,18,0,6183,ok
25475,1789699296208147,0,rollback,bench,128,14,0,6188,ok
25475,1789699296208148,0,rollback,bench,235,23,0,6188,ok
25477,1789699296208168,0,rollback,bench,288,22,0,6189,ok
25477,1789699296208168,0,rollback,bench,673,25,0,6189,ok
25477,1789699296208169,0,rollback,bench,781,28,0,6189,ok
25482,1789699296208917,0,rollback,bench,433,20,0,6191,ok
25482,1789699296208918,0,rollback,bench,990,22,0,6191,ok
25482,1789699296208918,0,rollback,bench,996,16,0,6191,ok
25494,1789699296212794,0,rollback,bench,935,18,0,6196,ok
25494,1789699296212795,0,rollback,bench,629,15,0,6196,ok
25496,1789699296212800,0,rollback,bench,36,19,0,6197,ok
25496,1789699296212800,0,rollback,bench,173,22,0,6197,ok
25500,1789699296213702,0,rollback,bench,33,26,0,6199,ok
25500,1789699296213703,0,rollback,bench,547,18,0,6199,ok
25500,1789699296213703,0,rollback,bench,761,25,0,6199,ok
25515,1789699296218796,0,rollback,bench,133,22,0,6203,ok
25515,1789699296218797,0,rollback,bench,891,26,0,6203,ok
25515,1789699296218798,0,rollback,bench,900,25,0,6203,ok
25515,1789699296218798,0,rollback,bench,560,17,0,6203,ok
25519,1789699296218810,0,rollback,bench,229,26,0,6204,ok
25519,1789699296218810,0,rollback,bench,568,20,0,6204,ok
25519,1789699296218810,0,rollback,bench,932,20,0,6204,ok
25519,1789699296218811,0,rollback,bench,410,18,0,6204,ok
25519,1789699296218811,0,rollback,bench,323,17,0,6204,ok
25535,1789699296223377,0,rollback,bench,830,24,0,6210,ok
25535,1789699296223378,0,rollback,bench,764,21,0,6210,ok
25535,1789699296223379,0,rollback,bench,524,17,0,6210,ok
25535,1789699296223379,0,rollback,bench,489,18,0,6210,ok
25535,1789699296223379,0,rollback,bench,153,21,0,6210,ok
25544,1789699296224837,0,rollback,bench,448,32,0,6212,ok
25544,1789699296224838,0,rollback,bench,443,25,0,6212,ok
25544,1789699296224838,0,rollback,bench,158,17,0,6212,ok
25559,1789699296230227,0,rollback,bench,92,19,0,6217,ok
25559,1789699296230228,0,rollback,bench,781,28,0,6217,ok
25559,1789699296230228,0,rollback,bench,225,24,0,6217,ok
25559,1789699296230229,0,rollback,bench,364,17,0,6217,ok
25563,1789699296230231,0,rollback,bench,931,17,0,6218,ok
25575,1789699296234529,0,rollback,bench,191,21,0,6222,ok
25575,1789699296234530,0,rollback,bench,519,18,0,6222,ok
25582,1789699296236371,0,rollback,bench,190,18,0,6225,ok
25582,1789699296236372,0,rollback,bench,48,14,0,6225,ok
25582,1789699296236373,0,rollback,bench,682,18,0,6225,ok
25582,1789699296236373,0,rollback,bench,247,13,0,6225,ok
25582,1789699296236373,0,rollback,bench,197,19,0,6225,ok
25598,1789699296240939,0,rollback,bench,136,20,0,6229,ok
25598,1789699296240940,0,rollback,bench,683,21,0,6229,ok
25598,1789699296240940,0,rollback,bench,283,28,0,6229,ok
25598,1789699296240941,0,rollback,bench,44,21,0,6229,ok
25607,1789699296242875,0,rollback,bench,344,24,0,6233,ok
25614,1789699296245587,0,rollback,bench,915,18,0,6237,ok
25614,1789699296245588,0,rollback,bench,986,19,0,6237,ok
25614,1789699296245588,0,rollback,bench,975,18,0,6237,ok
25614,1789699296245589,0,rollback,bench,871,28,0,6237,ok
25618,1789699296245627,0,rollback,bench,93,23,0,6238,ok
25618,1789699296245628,0,rollback,bench,65,15,0,6238,ok
25618,1789699296245628,0,rollback,bench,110,15,0,6238,ok
25621,1789699296245633,0,rollback,bench,883,19,0,6239,ok
25621,1789699296245634,0,rollback,bench,275,13,0,6239,ok
25623,1789699296245636,0,rollback,bench,783,21,0,6240,ok
25624,1789699296245649,0,rollback,bench,553,21,0,6241,ok
25624,1789699296245649,0,rollback,bench,496,27,0,6241,ok
25624,1789699296245649,0,rollback,bench,307,24,0,6241,ok
25624,1789699296245650,0,rollback,bench,66,26,0,6241,ok
25624,1789699296245650,0,rollback,bench,559,22,0,6241,ok
25629,1789699296245658,0,rollback,bench,876,22,0,6242,ok
25629,1789699296245659,0,rollback,bench,834,31,0,6242,ok
25629,1789699296245659,0,rollback,bench,192,24,0,6242,ok
25629,1789699296245660,0,rollback,bench,935,18,0,6242,ok
25641,1789699296249152,0,rollback,bench,194,22,0,6246,ok
25641,1789699296249153,0,rollback,bench,516,17,0,6246,ok
25641,1789699296249154,0,rollback,bench,301,18,0,6246,ok
25641,1789699296249154,0,rollback,bench,235,23,0,6246,ok
25641,1789699296249154,0,rollback,bench,28,24,0,6246,ok
25662,1789699296256279,0,rollback,bench,876,22,0,6254,ok
25662,1789699296256281,0,rollback,bench,353,19,0,6254,ok
25662,1789699296256281,0,rollback,bench,108,31,0,6254,ok
25662,1789699296256281,0,rollback,bench,834,31,0,6254,ok
25666,1789699296256291,0,rollback,bench,760,21,0,6255,ok
25666,1789699296256291,0,rollback,bench,795,21,0,6255,ok
25666,1789699296256291,0,rollback,bench,641,13,0,6255,ok
25666,1789699296256292,0,rollback,bench,727,19,0,6255,ok
25675,1789699296258160,0,rollback,bench,494,24,0,6257,ok
25675,1789699296258161,0,rollback,bench,771,25,0,6257,ok
25675,1789699296258161,0,rollback,bench,952,21,0,6257,ok
25675,1789699296258161,0,rollback,bench,227,16,0,6257,ok
25692,1789699296263250,0,rollback,bench,153,21,0,6262,ok
25692,1789699296263251,0,rollback,bench,999,13,0,6262,ok
25692,1789699296263251,0,rollback,bench,806,28,0,6262,ok
25743,1789699296282428,0,rollback,bench,291,16,0,6276,ok
25743,1789699296282429,0,rollback,bench,296,22,0,6276,ok
25743,1789699296282429,0,rollback,bench,84,23,0,6276,ok
25770,1789699296291259,0,rollback,bench,430,19,0,6282,ok
25770,1789699296291260,0,rollback,bench,238,16,0,6282,ok
25770,1789699296291260,0,rollback,bench,468,23,0,6282,ok
25773,1789699296291264,0,rollback,bench,171,24,0,6283,ok
25773,1789699296291264,0,rollback,bench,598,21,0,6283,ok
25798,1789699296301428,0,rollback,bench,995,20,0,6291,ok
25799,1789699296301442,0,rollback,bench,851,16,0,6292,ok
25799,1789699296301442,0,rollback,bench,36,20,0,6292,ok
25799,1789699296301443,0,rollback,bench,687,15,0,6292,ok
25802,1789699296301446,0,rollback,bench,281,22,0,6293,ok
25802,1789699296301447,0,rollback,bench,252,16,0,6293,ok
25811,1789699296304149,0,rollback,bench,10,18,0,6296,ok
25811,1789699296304150,0,rollback,bench,73,22,0,6296,ok
25813,1789699296304164,0,rollback,bench,925,17,0,6297,ok
25813,1789699296304164,0,rollback,bench,489,19,0,6297,ok
25813,1789699296304165,0,rollback,bench,311,24,0,6297,ok
25821,1789699296306233,0,rollback,bench,704,16,0,6299,ok
25840,1789699296313015,0,rollback,bench,321,24,0,6304,ok
25840,1789699296313016,0,rollback,bench,317,24,0,6304,ok
25840,1789699296313017,0,rollback,bench,109,24,0,6304,ok
25864,1789699296320754,0,rollback,bench,666,26,0,6311,ok
25875,1789699296325275,0,rollback,bench,31,27,0,6315,ok
25875,1789699296325276,0,rollback,bench,193,20,0,6315,ok
25875,1789699296325276,0,rollback,bench,934,23,0,6315,ok
25890,1789699296329551,0,rollback,bench,189,22,0,6320,ok
25890,1789699296329552,0,rollback,bench,615,14,0,6320,ok
25890,1789699296329553,0,rollback,bench,721,17,0,6320,ok
25890,1789699296329553,0,rollback,bench,678,22,0,6320,ok
25903,1789699296339071,0,rollback,bench,511,23,0,6324,ok
25903,1789699296339072,0,rollback,bench,772,29,0,6324,ok
25903,1789699296339073,0,rollback,bench,336,16,0,6324,ok
25903,1789699296339073,0,rollback,bench,618,24,0,6324,ok
25903,1789699296339074,0,rollback,bench,526,17,0,6324,ok
25911,1789699296340486,0,rollback,bench,237,23,0,6326,ok
25911,1789699296340487,0,rollback,bench,895,18,0,6326,ok
25911,1789699296340487,0,rollback,bench,481,19,0,6326,ok
25911,1789699296340488,0,rollback,bench,899,28,0,6326,ok
25911,1789699296340489,0,rollback,bench,173,22,0,6326,ok
25919,1789699296341751,0,rollback,bench,788,24,0,6328,ok
25919,1789699296341752,0,rollback,bench,696,19,0,6328,ok
25919,1789699296341752,0,rollback,bench,388,23,0,6328,ok
25956,1789699296355826,0,rollback,bench,109,24,0,6341,ok
25956,1789699296355827,0,rollback,bench,496,28,0,6341,ok
25958,1789699296355831,0,rollback,bench,820,13,0,6342,ok
25958,1789699296355842,0,rollback,bench,894,26,0,6342,ok
25973,1789699296361164,0,rollback,bench,125,15,0,6347,ok
25973,1789699296361165,0,rollback,bench,361,21,0,6347,ok
25975,1789699296361182,0,rollback,bench,36,20,0,6348,ok
25975,1789699296361183,0,rollback,bench,296,22,0,6348,ok
25975,1789699296361183,0,rollback,bench,279,24,0,6348,ok
25980,1789699296361871,0,rollback,bench,778,17,0,6350,ok
25981,1789699296361873,0,rollback,bench,728,30,0,6351,ok
25982,1789699296361876,0,rollback,bench,637,22,0,6352,ok
25996,1789699296366964,0,rollback,bench,969,31,0,6357,ok
25996,1789699296366965,0,rollback,bench,859,23,0,6357,ok
25998,1789699296366986,0,rollback,bench,52,19,0,6358,ok
25998,1789699296366987,0,rollback,bench,590,28,0,6358,ok
25998,1789699296366987,0,rollback,bench,821,17,0,6358,ok
25998,1789699296366988,0,rollback,bench,109,24,0,6358,ok
26002,1789699296367000,0,rollback,bench,806,28,0,6359,ok
26002,1789699296367000,0,rollback,bench,287,19,0,6359,ok
26002,1789699296367001,0,rollback,bench,492,22,0,6359,ok
26002,1789699296367001,0,rollback,bench,72,16,0,6359,ok
26018,1789699296372104,0,rollback,bench,584,22,0,6364,ok
26020,1789699296372621,0,rollback,bench,687,15,0,6366,ok
26020,1789699296372622,0,rollback,bench,75,15,0,6366,ok
26020,1789699296372623,0,rollback,bench,521,27,0,6366,ok
26020,1789699296372623,0,rollback,bench,735,21,0,6366,ok
26024,1789699296372635,0,rollback,bench,884,20,0,6367,ok
26024,1789699296372635,0,rollback,bench,444,19,0,6367,ok
26024,1789699296372636,0,rollback,bench,955,23,0,6367,ok
26024,1789699296372636,0,rollback,bench,943,32,0,6367,ok
26028,1789699296372640,0,rollback,bench,808,18,0,6368,ok
26028,1789699296372641,0,rollback,bench,752,21,0,6368,ok
26056,1789699296386226,0,rollback,bench,286,20,0,6379,ok
26056,1789699296386227,0,rollback,bench,497,23,0,6379,ok
26058,1789699296386251,0,rollback,bench,973,26,0,6380,ok
26058,1789699296386252,0,rollback,bench,760,21,0,6380,ok
26058,1789699296386252,0,rollback,bench,216,25,0,6380,ok
26058,1789699296386252,0,rollback,bench,445,22,0,6380,ok
26062,1789699296386263,0,rollback,bench,99,29,0,6381,ok
26062,1789699296386263,0,rollback,bench,455,17,0,6381,ok
26062,1789699296386264,0,rollback,bench,44,21,0,6381,ok
26062,1789699296386264,0,rollback,bench,156,17,0,6381,ok
26074,1789699296389958,0,rollback,bench,678,22,0,6385,ok
26075,1789699296389977,0,rollback,bench,456,19,0,6386,ok
26075,1789699296389978,0,rollback,bench,470,27,0,6386,ok
26075,1789699296389978,0,rollback,bench,370,22,0,6386,ok
26084,1789699296392758,0,rollback,bench,843,21,0,6389,ok
26084,1789699296392759,0,rollback,bench,709,21,0,6389,ok
26084,1789699296392759,0,rollback,bench,365,22,0,6389,ok
26084,1789699296392759,0,rollback,bench,342,21,0,6389,ok
26084,1789699296392760,0,rollback,bench,969,31,0,6389,ok
26130,1789699296414109,0,rollback,bench,321,24,0,6404,ok
26135,1789699296416016,0,rollback,bench,854,16,0,6406,ok
26135,1789699296416017,0,rollback,bench,813,25,0,6406,ok
26135,1789699296416017,0,rollback,bench,0,14,0,6406,ok
26153,1789699296422560,0,rollback,bench,388,23,0,6411,ok
26154,1789699296422580,0,rollback,bench,731,19,0,6412,ok
26154,1789699296422581,0,rollback,bench,214,24,0,6412,ok
26154,1789699296422581,0,rollback,bench,737,25,0,6412,ok
26163,1789699296425051,0,rollback,bench,646,22,0,6415,ok
26163,1789699296425052,0,rollback,bench,975,18,0,6415,ok
26189,1789699296435708,0,rollback,bench,866,26,0,6423,ok
26189,1789699296435709,0,rollback,bench,916,23,0,6423,ok
26189,1789699296435710,0,rollback,bench,329,16,0,6423,ok
26189,1789699296435710,0,rollback,bench,285,21,0,6423,ok
26189,1789699296435711,0,rollback,bench,507,15,0,6423,ok
26195,1789699296436225,0,rollback,bench,325,21,0,6425,ok
26204,1789699296440091,0,rollback,bench,845,22,0,6428,ok
26214,1789699296444480,0,rollback,bench,585,16,0,6434,ok
26214,1789699296444481,0,rollback,bench,824,25,0,6434,ok
26214,1789699296444482,0,rollback,bench,286,20,0,6434,ok
26225,1789699296448344,0,rollback,bench,465,22,0,6438,ok
26225,1789699296448345,0,rollback,bench,988,21,0,6438,ok
26225,1789699296448345,0,rollback,bench,215,18,0,6438,ok
26225,1789699296448346,0,rollback,bench,35,17,0,6438,ok
26225,1789699296448346,0,rollback,bench,137,21,0,6438,ok
26253,1789699296459455,0,rollback,bench,204,26,0,6448,ok
26253,1789699296459456,0,rollback,bench,855,20,0,6448,ok
26253,1789699296459457,0,rollback,bench,259,23,0,6448,ok
26253,1789699296459457,0,rollback,bench,997,25,0,6448,ok
26253,1789699296459457,0,rollback,bench,495,19,0,6448,ok
26268,1789699296464477,0,rollback,bench,899,28,0,6452,ok
26268,1789699296464478,0,rollback,bench,625,19,0,6452,ok
26282,1789699296469780,0,rollback,bench,548,23,0,6456,ok
26283,1789699296469798,0,rollback,bench,443,25,0,6457,ok
26283,1789699296469799,0,rollback,bench,699,26,0,6457,ok
26283,1789699296469799,0,rollback,bench,112,20,0,6457,ok
26327,1789699296488668,0,rollback,bench,742,22,0,6472,ok
26327,1789699296488669,0,rollback,bench,257,27,0,6472,ok
26329,1789699296488684,0,rollback,bench,665,26,0,6473,ok
26329,1789699296488685,0,rollback,bench,778,17,0,6473,ok
26329,1789699296488685,0,rollback,bench,273,14,0,6473,ok
26329,1789699296488686,0,rollback,bench,694,25,0,6473,ok
26356,1789699296500396,0,rollback,bench,356,19,0,6483,ok
26356,1789699296500397,0,rollback,bench,803,23,0,6483,ok
26356,1789699296500397,0,rollback,bench,876,22,0,6483,ok
26356,1789699296500398,0,rollback,bench,781,28,0,6483,ok
26356,1789699296500398,0,rollback,bench,697,20,0,6483,ok
26363,1789699296501360,0,rollback,bench,290,23,0,6485,ok
26374,1789699296505964,0,rollback,bench,984,31,0,6491,ok
26385,1789699296511042,0,rollback,bench,543,24,0,6497,ok
26385,1789699296511043,0,rollback,bench,758,19,0,6497,ok
26385,1789699296511044,0,rollback,bench,533,27,0,6497,ok
26385,1789699296511044,0,rollback,bench,838,20,0,6497,ok
26385,1789699296511044,0,rollback,bench,366,16,0,6497,ok
26407,1789699296518772,0,rollback,bench,149,22,0,6504,ok
26407,1789699296518773,0,rollback,bench,386,24,0,6504,ok
26407,1789699296518774,0,rollback,bench,607,28,0,6504,ok
26416,1789699296521331,0,rollback,bench,112,21,0,6507,ok
26416,1789699296521332,0,rollback,bench,172,27,0,6507,ok
26416,1789699296521333,0,rollback,bench,609,18,0,6507,ok
26416,1789699296521333,0,rollback,bench,567,19,0,6507,ok
26423,1789699296522694,0,rollback,bench,680,26,0,6509,ok
26423,1789699296522695,0,rollback,bench,416,26,0,6509,ok
26423,1789699296522695,0,rollback,bench,223,22,0,6509,ok
26423,1789699296522695,0,rollback,bench,805,27,0,6509,ok
26423,1789699296522696,0,rollback,bench,198,25,0,6509,ok
26428,1789699296522702,0,rollback,bench,602,21,0,6510,ok
26428,1789699296522703,0,rollback,bench,798,17,0,6510,ok
26428,1789699296522703,0,rollback,bench,851,16,0,6510,ok
26431,1789699296522707,0,rollback,bench,365,22,0,6511,ok
26431,1789699296522708,0,rollback,bench,823,28,0,6511,ok
26433,1789699296522716,0,rollback,bench,708,15,0,6512,ok
26433,1789699296522716,0,rollback,bench,1,28,0,6512,ok
26433,1789699296522717,0,rollback,bench,843,21,0,6512,ok
26433,1789699296522717,0,rollback,bench,254,21,0,6512,ok
26437,1789699296522719,0,rollback,bench,573,18,0,6513,ok
26438,1789699296522723,0,rollback,bench,687,15,0,6514,ok
26438,1789699296522724,0,rollback,bench,75,15,0,6514,ok
26440,1789699296522732,0,rollback,bench,321,24,0,6515,ok
26440,1789699296522732,0,rollback,bench,688,21,0,6515,ok
26440,1789699296522733,0,rollback,bench,808,18,0,6515,ok
26440,1789699296522733,0,rollback,bench,542,23,0,6515,ok
26461,1789699296530824,0,rollback,bench,280,14,0,6523,ok
26462,1789699296530827,0,rollback,bench,740,19,0,6524,ok
26463,1789699296530846,0,rollback,bench,913,16,0,6525,ok
26463,1789699296530846,0,rollback,bench,987,21,0,6525,ok
26463,1789699296530846,0,rollback,bench,892,15,0,6525,ok
26489,1789699296542526,0,rollback,bench,670,23,0,6534,ok
26489,1789699296542527,0,rollback,bench,267,20,0,6534,ok
26489,1789699296542527,0,rollback,bench,60,25,0,6534,ok
26489,1789699296542528,0,rollback,bench,832,16,0,6534,ok
26495,1789699296543451,0,rollback,bench,937,18,0,6536,ok
26499,1789699296545536,0,rollback,bench,22,13,0,6538,ok
26499,1789699296545537,0,rollback,bench,5,13,0,6538,ok
26499,1789699296545538,0,rollback,bench,223,22,0,6538,ok
26499,1789699296545556,0,rollback,bench,869,15,0,6538,ok
26504,1789699296546303,0,rollback,bench,832,16,0,6540,ok
26504,1789699296546305,0,rollback,bench,994,24,0,6540,ok
26504,1789699296546305,0,rollback,bench,631,22,0,6540,ok
26504,1789699296546306,0,rollback,bench,28,24,0,6540,ok
26508,1789699296546323,0,rollback,bench,717,25,0,6541,ok
26508,1789699296546323,0,rollback,bench,853,13,0,6541,ok
26508,1789699296546324,0,rollback,bench,752,21,0,6541,ok
26508,1789699296546324,0,rollback,bench,201,21,0,6541,ok
26508,1789699296546325,0,rollback,bench,947,17,0,6541,ok
26532,1789699296557208,0,rollback,bench,169,29,0,6548,ok
26532,1789699296557209,0,rollback,bench,128,15,0,6548,ok
26548,1789699296564303,0,rollback,bench,532,20,0,6553,ok
26548,1789699296564304,0,rollback,bench,780,18,0,6553,ok
26550,1789699296564321,0,rollback,bench,889,27,0,6554,ok
26550,1789699296564322,0,rollback,bench,662,23,0,6554,ok
26550,1789699296564322,0,rollback,bench,151,34,0,6554,ok
26559,1789699296567263,0,rollback,bench,88,19,0,6558,ok
26559,1789699296567264,0,rollback,bench,688,21,0,6558,ok
26561,1789699296567281,0,rollback,bench,199,13,0,6559,ok
26561,1789699296567281,0,rollback,bench,506,32,0,6559,ok
26561,1789699296567282,0,rollback,bench,631,22,0,6559,ok
26561,1789699296567282,0,rollback,bench,321,24,0,6559,ok
26561,1789699296567282,0,rollback,bench,612,17,0,6559,ok
26618,1789699296597737,0,rollback,bench,321,24,0,6576,ok
26618,1789699296597738,0,rollback,bench,224,28,0,6576,ok
26636,1789699296606490,0,rollback,bench,397,15,0,6581,ok
26636,1789699296606491,0,rollback,bench,336,16,0,6581,ok
26636,1789699296606492,0,rollback,bench,567,20,0,6581,ok
26636,1789699296606492,0,rollback,bench,899,28,0,6581,ok
26645,1789699296609346,0,rollback,bench,553,21,0,6584,ok
26668,1789699296628222,0,rollback,bench,680,26,0,6593,ok
26668,1789699296628224,0,rollback,bench,490,18,0,6593,ok
26668,1789699296628224,0,rollback,bench,980,14,0,6593,ok
26713,1789699296652074,0,rollback,bench,38,21,0,6607,ok
26713,1789699296652077,0,rollback,bench,80,24,0,6607,ok
26758,1789699296678224,0,rollback,bench,531,24,0,6622,ok
26758,1789699296678226,0,rollback,bench,475,20,0,6622,ok
26758,1789699296678227,0,rollback,bench,449,19,0,6622,ok
26765,1789699296680405,0,rollback,bench,929,21,0,6624,ok
26765,1789699296680406,0,rollback,bench,48,14,0,6624,ok
26765,1789699296680407,0,rollback,bench,229,27,0,6624,ok
26765,1789699296680407,0,rollback,bench,987,21,0,6624,ok
26769,1789699296680412,0,rollback,bench,269,14,0,6625,ok
26769,1789699296680413,0,rollback,bench,14,14,0,6625,ok
26782,1789699296687130,0,rollback,bench,591,19,0,6630,ok
26782,1789699296687132,0,rollback,bench,42,27,0,6630,ok
26782,1789699296687132,0,rollback,bench,886,20,0,6630,ok
26782,1789699296687133,0,rollback,bench,284,18,0,6630,ok
26782,1789699296687133,0,rollback,bench,364,20,0,6630,ok
26797,1789699296692675,0,rollback,bench,28,24,0,6635,ok
26797,1789699296692677,0,rollback,bench,215,18,0,6635,ok
26797,1789699296692677,0,rollback,bench,99,30,0,6635,ok
26797,1789699296692678,0,rollback,bench,305,24,0,6635,ok
26803,1789699296693955,0,rollback,bench,135,19,0,6638,ok
26803,1789699296693956,0,rollback,bench,455,18,0,6638,ok
26803,1789699296693956,0,rollback,bench,437,16,0,6638,ok
26803,1789699296693956,0,rollback,bench,656,28,0,6638,ok
26818,1789699296700860,0,rollback,bench,178,14,0,6642,ok
26842,1789699296713439,0,rollback,bench,16,16,0,6650,ok
26843,1789699296713443,0,rollback,bench,170,26,0,6651,ok
26857,1789699296719622,0,rollback,bench,492,23,0,6656,ok
26857,1789699296719624,0,rollback,bench,919,18,0,6656,ok
26857,1789699296719624,0,rollback,bench,358,27,0,6656,ok
26869,1789699296724159,0,rollback,bench,974,18,0,6660,ok
26869,1789699296724160,0,rollback,bench,973,26,0,6660,ok
26869,1789699296724160,0,rollback,bench,120,21,0,6660,ok
26869,1789699296724161,0,rollback,bench,153,22,0,6660,ok
26873,1789699296724177,0,rollback,bench,214,25,0,6661,ok
26873,1789699296724178,0,rollback,bench,575,27,0,6661,ok
26873,1789699296724178,0,rollback,bench,95,15,0,6661,ok
26873,1789699296724179,0,rollback,bench,810,29,0,6661,ok
26873,1789699296724179,0,rollback,bench,297,22,0,6661,ok
26887,1789699296729360,0,rollback,bench,606,26,0,6665,ok
26887,1789699296729361,0,rollback,bench,80,24,0,6665,ok
26898,1789699296734115,0,rollback,bench,421,23,0,6668,ok
26906,1789699296737201,0,rollback,bench,573,18,0,6672,ok
26906,1789699296737202,0,rollback,bench,241,21,0,6672,ok
26906,1789699296737203,0,rollback,bench,995,23,0,6672,ok
26906,1789699296737203,0,rollback,bench,35,17,0,6672,ok
26910,1789699296737216,0,rollback,bench,81,25,0,6673,ok
26910,1789699296737217,0,rollback,bench,90,19,0,6673,ok
26910,1789699296737217,0,rollback,bench,498,19,0,6673,ok
26910,1789699296737217,0,rollback,bench,963,25,0,6673,ok
26910,1789699296737218,0,rollback,bench,25,21,0,6673,ok
26915,1789699296737220,0,rollback,bench,882,11,0,6674,ok
26920,1789699296740052,0,rollback,bench,515,25,0,6677,ok
26935,1789699296746967,0,rollback,bench,252,16,0,6682,ok
26935,1789699296746968,0,rollback,bench,511,23,0,6682,ok
26935,1789699296746969,0,rollback,bench,938,18,0,6682,ok
26935,1789699296746969,0,rollback,bench,416,26,0,6682,ok
26939,1789699296746977,0,rollback,bench,872,20,0,6683,ok
26939,1789699296746977,0,rollback,bench,301,20,0,6683,ok
26939,1789699296746977,0,rollback,bench,592,18,0,6683,ok
26947,1789699296749321,0,rollback,bench,563,14,0,6685,ok
26947,1789699296749322,0,rollback,bench,735,21,0,6685,ok
26947,1789699296749323,0,rollback,bench,684,16,0,6685,ok
26947,1789699296749323,0,rollback,bench,742,22,0,6685,ok
27001,1789699296776321,0,rollback,bench,378,25,0,6701,ok
27001,1789699296776322,0,rollback,bench,528,15,0,6701,ok
27001,1789699296776323,0,rollback,bench,934,25,0,6701,ok
27007,1789699296777801,0,rollback,bench,830,25,0,6704,ok
27030,1789699296789058,0,rollback,bench,541,18,0,6714,ok
27030,1789699296789059,0,rollback,bench,453,22,0,6714,ok
27030,1789699296789060,0,rollback,bench,60,27,0,6714,ok
27037,1789699296790798,0,rollback,bench,1,28,0,6716,ok
27055,1789699296798870,0,rollback,bench,351,18,0,6721,ok
27059,1789699296800212,0,rollback,bench,229,28,0,6723,ok
27059,1789699296800213,0,rollback,bench,770,14,0,6723,ok
27059,1789699296800214,0,rollback,bench,205,28,0,6723,ok
27083,1789699296811277,0,rollback,bench,824,26,0,6731,ok
27083,1789699296811278,0,rollback,bench,140,21,0,6731,ok
27126,1789699296831326,0,rollback,bench,201,21,0,6746,ok
27126,1789699296831327,0,rollback,bench,41,23,0,6746,ok
27126,1789699296831327,0,rollback,bench,123,22,0,6746,ok
27129,1789699296831334,0,rollback,bench,670,24,0,6747,ok
27129,1789699296831335,0,rollback,bench,253,19,0,6747,ok
27129,1789699296831335,0,rollback,bench,616,26,0,6747,ok
27141,1789699296836100,0,rollback,bench,616,26,0,6751,ok
27141,1789699296836101,0,rollback,bench,212,20,0,6751,ok
27141,1789699296836101,0,rollback,bench,324,26,0,6751,ok
27155,1789699296841453,0,rollback,bench,545,27,0,6756,ok
27155,1789699296841454,0,rollback,bench,983,24,0,6756,ok
27155,1789699296841454,0,rollback,bench,553,22,0,6756,ok
27155,1789699296841455,0,rollback,bench,720,28,0,6756,ok
27159,1789699296841466,0,rollback,bench,430,19,0,6757,ok
27159,1789699296841466,0,rollback,bench,950,19,0,6757,ok
27159,1789699296841466,0,rollback,bench,187,18,0,6757,ok
27159,1789699296841467,0,rollback,bench,238,19,0,6757,ok
27174,1789699296846943,0,rollback,bench,146,22,0,6761,ok
27174,1789699296846944,0,rollback,bench,123,22,0,6761,ok
27174,1789699296846945,0,rollback,bench,934,25,0,6761,ok
27174,1789699296846945,0,rollback,bench,175,28,0,6761,ok
27174,1789699296846945,0,rollback,bench,556,17,0,6761,ok
27179,1789699296846949,0,rollback,bench,335,22,0,6762,ok
27179,1789699296846949,0,rollback,bench,418,27,0,6762,ok
27196,1789699296854354,0,rollback,bench,710,24,0,6770,ok
27196,1789699296854355,0,rollback,bench,385,17,0,6770,ok
27196,1789699296854355,0,rollback,bench,670,24,0,6770,ok
27196,1789699296854356,0,rollback,bench,464,18,0,6770,ok
27205,1789699296856859,0,rollback,bench,744,15,0,6772,ok
27218,1789699296862473,0,rollback,bench,892,15,0,6776,ok
27218,1789699296862474,0,rollback,bench,363,22,0,6776,ok
27218,1789699296862475,0,rollback,bench,741,15,0,6776,ok
27237,1789699296870018,0,rollback,bench,159,23,0,6785,ok
27237,1789699296870029,0,rollback,bench,128,15,0,6785,ok
27237,1789699296870029,0,rollback,bench,673,26,0,6785,ok
27248,1789699296874358,0,rollback,bench,18,20,0,6788,ok
27263,1789699296882327,0,rollback,bench,967,18,0,6794,ok
27264,1789699296882331,0,rollback,bench,527,23,0,6795,ok
27264,1789699296882332,0,rollback,bench,50,26,0,6795,ok
27283,1789699296891663,0,rollback,bench,134,16,0,6801,ok
27283,1789699296891664,0,rollback,bench,596,25,0,6801,ok
27283,1789699296891665,0,rollback,bench,588,16,0,6801,ok
27283,1789699296891665,0,rollback,bench,513,27,0,6801,ok
27283,1789699296891666,0,rollback,bench,834,32,0,6801,ok
27288,1789699296891674,0,rollback,bench,356,21,0,6802,ok
27288,1789699296891675,0,rollback,bench,992,23,0,6802,ok
27288,1789699296891675,0,rollback,bench,898,28,0,6802,ok
27288,1789699296891675,0,rollback,bench,770,14,0,6802,ok
27304,1789699296897301,0,rollback,bench,431,35,0,6806,ok
27304,1789699296897302,0,rollback,bench,489,21,0,6806,ok
27304,1789699296897302,0,rollback,bench,916,23,0,6806,ok
27304,1789699296897303,0,rollback,bench,530,20,0,6806,ok
27314,1789699296900386,0,rollback,bench,167,19,0,6809,ok
27317,1789699296901140,0,rollback,bench,908,22,0,6811,ok
27317,1789699296901141,0,rollback,bench,497,24,0,6811,ok
27317,1789699296901142,0,rollback,bench,2,24,0,6811,ok
27317,1789699296901142,0,rollback,bench,292,22,0,6811,ok
27321,1789699296901150,0,rollback,bench,240,19,0,6812,ok
27321,1789699296901150,0,rollback,bench,963,26,0,6812,ok
27321,1789699296901150,0,rollback,bench,258,23,0,6812,ok
27321,1789699296901151,0,rollback,bench,475,21,0,6812,ok
27335,1789699296906284,0,rollback,bench,847,19,0,6816,ok
27335,1789699296906285,0,rollback,bench,92,19,0,6816,ok
27335,1789699296906286,0,rollback,bench,508,22,0,6816,ok
27346,1789699296910297,0,rollback,bench,768,28,0,6819,ok
27346,1789699296910298,0,rollback,bench,513,27,0,6819,ok
27346,1789699296910298,0,rollback,bench,1,28,0,6819,ok
27346,1789699296910299,0,rollback,bench,6,22,0,6819,ok
27346,1789699296910299,0,rollback,bench,893,24,0,6819,ok
27408,1789699296963555,0,rollback,bench,957,19,0,6840,ok
27409,1789699296963588,0,rollback,bench,434,17,0,6841,ok
27409,1789699296963620,0,rollback,bench,731,20,0,6841,ok
27409,1789699296963621,0,rollback,bench,536,20,0,6841,ok
27483,1789699297002240,0,rollback,bench,386,24,0,6866,ok
27483,1789699297002242,0,rollback,bench,847,19,0,6866,ok
27483,1789699297002242,0,rollback,bench,207,29,0,6866,ok
27488,1789699297003368,0,rollback,bench,778,18,0,6868,ok
27491,1789699297004800,0,rollback,bench,756,22,0,6871,ok
27491,1789699297004801,0,rollback,bench,834,32,0,6871,ok
27491,1789699297004802,0,rollback,bench,930,15,0,6871,ok
27491,1789699297004802,0,rollback,bench,805,30,0,6871,ok
27491,1789699297004803,0,rollback,bench,325,22,0,6871,ok
27498,1789699297005802,0,rollback,bench,162,18,0,6873,ok
27498,1789699297005803,0,rollback,bench,797,19,0,6873,ok
27498,1789699297005803,0,rollback,bench,241,21,0,6873,ok
27511,1789699297011496,0,rollback,bench,455,19,0,6878,ok
27511,1789699297011497,0,rollback,bench,442,21,0,6878,ok
27547,1789699297032212,0,rollback,bench,951,15,0,6892,ok
27547,1789699297032214,0,rollback,bench,32,23,0,6892,ok
27547,1789699297032215,0,rollback,bench,682,21,0,6892,ok
27547,1789699297032215,0,rollback,bench,366,16,0,6892,ok
27547,1789699297032216,0,rollback,bench,262,25,0,6892,ok
27558,1789699297035406,0,rollback,bench,137,22,0,6895,ok
27558,1789699297035407,0,rollback,bench,833,21,0,6895,ok
27558,1789699297035408,0,rollback,bench,644,18,0,6895,ok
27558,1789699297035408,0,rollback,bench,757,17,0,6895,ok
27558,1789699297035408,0,rollback,bench,969,33,0,6895,ok
27563,1789699297035423,0,rollback,bench,432,18,0,6896,ok
27563,1789699297035424,0,rollback,bench,388,25,0,6896,ok
27563,1789699297035424,0,rollback,bench,240,19,0,6896,ok
27563,1789699297035424,0,rollback,bench,378,25,0,6896,ok
27563,1789699297035425,0,rollback,bench,664,22,0,6896,ok
27568,1789699297035429,0,rollback,bench,692,24,0,6897,ok
27568,1789699297035429,0,rollback,bench,339,26,0,6897,ok
27576,1789699297038857,0,rollback,bench,464,18,0,6901,ok
27576,1789699297038858,0,rollback,bench,397,16,0,6901,ok
27583,1789699297042709,0,rollback,bench,939,24,0,6903,ok
27583,1789699297042710,0,rollback,bench,217,22,0,6903,ok
27585,1789699297042715,0,rollback,bench,330,24,0,6904,ok
27585,1789699297042715,0,rollback,bench,453,23,0,6904,ok
27599,1789699297049905,0,rollback,bench,177,27,0,6910,ok
27642,1789699297075402,0,rollback,bench,410,19,0,6922,ok
27658,1789699297082997,0,rollback,bench,651,28,0,6928,ok
27658,1789699297082998,0,rollback,bench,743,26,0,6928,ok
27658,1789699297082999,0,rollback,bench,246,22,0,6928,ok
27669,1789699297087438,0,rollback,bench,767,24,0,6933,ok
27672,1789699297088634,0,rollback,bench,256,22,0,6935,ok
27672,1789699297088635,0,rollback,bench,133,23,0,6935,ok
27672,1789699297088635,0,rollback,bench,313,21,0,6935,ok
27672,1789699297088636,0,rollback,bench,141,20,0,6935,ok
27676,1789699297088649,0,rollback,bench,339,26,0,6936,ok
27676,1789699297088650,0,rollback,bench,191,22,0,6936,ok
27676,1789699297088650,0,rollback,bench,162,18,0,6936,ok
27676,1789699297088650,0,rollback,bench,80,24,0,6936,ok
27686,1789699297092133,0,rollback,bench,301,21,0,6941,ok
27686,1789699297092134,0,rollback,bench,526,19,0,6941,ok
27686,1789699297092134,0,rollback,bench,563,14,0,6941,ok
27686,1789699297092135,0,rollback,bench,474,22,0,6941,ok
27695,1789699297094737,0,rollback,bench,558,26,0,6944,ok
27695,1789699297094738,0,rollback,bench,979,30,0,6944,ok
27695,1789699297094738,0,rollback,bench,150,22,0,6944,ok
27695,1789699297094738,0,rollback,bench,840,27,0,6944,ok
27695,1789699297094739,0,rollback,bench,800,25,0,6944,ok
27727,1789699297108428,0,rollback,bench,284,19,0,6954,ok
27727,1789699297108429,0,rollback,bench,141,20,0,6954,ok
27737,1789699297113361,0,rollback,bench,968,31,0,6957,ok
27737,1789699297113362,0,rollback,bench,331,23,0,6957,ok
27737,1789699297113363,0,rollback,bench,866,26,0,6957,ok
27737,1789699297113363,0,rollback,bench,855,21,0,6957,ok
27737,1789699297113364,0,rollback,bench,138,18,0,6957,ok
27757,1789699297123272,0,rollback,bench,651,28,0,6963,ok
27770,1789699297130706,0,rollback,bench,566,20,0,6968,ok
27770,1789699297130708,0,rollback,bench,29,15,0,6968,ok
27770,1789699297130709,0,rollback,bench,238,19,0,6968,ok
27794,1789699297143183,0,rollback,bench,605,17,0,6976,ok
27871,1789699297188398,0,rollback,bench,334,23,0,7001,ok
27871,1789699297188400,0,rollback,bench,447,19,0,7001,ok
27871,1789699297188400,0,rollback,bench,234,23,0,7001,ok
27876,1789699297189357,0,rollback,bench,293,23,0,7003,ok
27876,1789699297189358,0,rollback,bench,787,19,0,7003,ok
27876,1789699297189358,0,rollback,bench,643,18,0,7003,ok
27876,1789699297189358,0,rollback,bench,633,23,0,7003,ok
27876,1789699297189359,0,rollback,bench,973,27,0,7003,ok
27912,1789699297206843,0,rollback,bench,401,22,0,7014,ok
27912,1789699297206844,0,rollback,bench,642,24,0,7014,ok
27920,1789699297209690,0,rollback,bench,616,26,0,7018,ok
27924,1789699297210952,0,rollback,bench,453,23,0,7020,ok
27924,1789699297210953,0,rollback,bench,314,25,0,7020,ok
27924,1789699297210953,0,rollback,bench,140,22,0,7020,ok
27924,1789699297210954,0,rollback,bench,810,29,0,7020,ok
27928,1789699297210964,0,rollback,bench,644,18,0,7021,ok
27928,1789699297210965,0,rollback,bench,261,19,0,7021,ok
27928,1789699297210965,0,rollback,bench,711,26,0,7021,ok
27928,1789699297210965,0,rollback,bench,975,18,0,7021,ok
27928,1789699297210966,0,rollback,bench,409,27,0,7021,ok
27941,1789699297215168,0,rollback,bench,636,21,0,7025,ok
27942,1789699297215184,0,rollback,bench,246,22,0,7026,ok
27942,1789699297215185,0,rollback,bench,652,39,0,7026,ok
27942,1789699297215185,0,rollback,bench,565,17,0,7026,ok
27953,1789699297220072,0,rollback,bench,984,31,0,7029,ok
27953,1789699297220074,0,rollback,bench,410,20,0,7029,ok
27959,1789699297222529,0,rollback,bench,987,22,0,7031,ok
27959,1789699297222529,0,rollback,bench,211,16,0,7031,ok
27966,1789699297225554,0,rollback,bench,175,28,0,7035,ok
27966,1789699297225555,0,rollback,bench,465,25,0,7035,ok
27968,1789699297225581,0,rollback,bench,525,18,0,7036,ok
27968,1789699297225616,0,rollback,bench,866,26,0,7036,ok
27968,1789699297225617,0,rollback,bench,236,22,0,7036,ok
27968,1789699297225617,0,rollback,bench,72,19,0,7036,ok
27972,1789699297225624,0,rollback,bench,628,27,0,7037,ok
27972,1789699297225624,0,rollback,bench,896,23,0,7037,ok
27987,1789699297232284,0,rollback,bench,380,27,0,7043,ok
27987,1789699297232284,0,rollback,bench,756,23,0,7043,ok
27987,1789699297232285,0,rollback,bench,575,27,0,7043,ok
28012,1789699297243393,0,rollback,bench,600,20,0,7052,ok
28012,1789699297243394,0,rollback,bench,876,22,0,7052,ok
28012,1789699297243395,0,rollback,bench,465,25,0,7052,ok
28012,1789699297243395,0,rollback,bench,709,23,0,7052,ok
28012,1789699297243395,0,rollback,bench,977,28,0,7052,ok
28033,1789699297250814,0,rollback,bench,836,17,0,7057,ok
28033,1789699297250815,0,rollback,bench,941,25,0,7057,ok
28033,1789699297250815,0,rollback,bench,455,20,0,7057,ok
28033,1789699297250816,0,rollback,bench,826,25,0,7057,ok
28033,1789699297250816,0,rollback,bench,535,25,0,7057,ok
28058,1789699297261197,0,rollback,bench,836,17,0,7064,ok
28058,1789699297261198,0,rollback,bench,883,22,0,7064,ok
28058,1789699297261198,0,rollback,bench,700,24,0,7064,ok
28058,1789699297261199,0,rollback,bench,351,19,0,7064,ok
28058,1789699297261199,0,rollback,bench,59,17,0,7064,ok
28076,1789699297273336,0,rollback,bench,908,22,0,7071,ok
28076,1789699297273337,0,rollback,bench,289,23,0,7071,ok
28076,1789699297273338,0,rollback,bench,652,39,0,7071,ok
28076,1789699297273339,0,rollback,bench,134,16,0,7071,ok
28085,1789699297275997,0,rollback,bench,78,22,0,7073,ok
28085,1789699297275998,0,rollback,bench,908,22,0,7073,ok
28087,1789699297276001,0,rollback,bench,262,25,0,7074,ok
28125,1789699297295495,0,rollback,bench,990,23,0,7089,ok
28125,1789699297295496,0,rollback,bench,982,19,0,7089,ok
28125,1789699297295497,0,rollback,bench,515,26,0,7089,ok
28125,1789699297295497,0,rollback,bench,120,23,0,7089,ok
28158,1789699297312138,0,rollback,bench,523,21,0,7098,ok
28166,1789699297316066,0,rollback,bench,671,21,0,7101,ok
28166,1789699297316067,0,rollback,bench,851,17,0,7101,ok
28175,1789699297319725,0,rollback,bench,639,22,0,7104,ok
28190,1789699297327859,0,rollback,bench,705,23,0,7110,ok
28193,1789699297328954,0,rollback,bench,878,16,0,7113,ok
28193,1789699297328955,0,rollback,bench,61,22,0,7113,ok
28193,1789699297328955,0,rollback,bench,665,29,0,7113,ok
28193,1789699297328955,0,rollback,bench,514,27,0,7113,ok
28193,1789699297328956,0,rollback,bench,215,18,0,7113,ok
28199,1789699297329464,0,rollback,bench,226,21,0,7115,ok
28199,1789699297329465,0,rollback,bench,685,20,0,7115,ok
28201,1789699297329494,0,rollback,bench,689,26,0,7116,ok
28201,1789699297329495,0,rollback,bench,71,19,0,7116,ok
28201,1789699297329495,0,rollback,bench,146,24,0,7116,ok
28201,1789699297329495,0,rollback,bench,54,25,0,7116,ok
28201,1789699297329496,0,rollback,bench,791,22,0,7116,ok
28219,1789699297335963,0,rollback,bench,773,22,0,7122,ok
28219,1789699297335964,0,rollback,bench,187,19,0,7122,ok
28219,1789699297335965,0,rollback,bench,752,23,0,7122,ok
28219,1789699297335965,0,rollback,bench,362,14,0,7122,ok
28228,1789699297338496,0,rollback,bench,684,18,0,7124,ok
28228,1789699297338497,0,rollback,bench,150,22,0,7124,ok
28228,1789699297338497,0,rollback,bench,842,18,0,7124,ok
28235,1789699297340418,0,rollback,bench,241,21,0,7126,ok
28235,1789699297340418,0,rollback,bench,712,24,0,7126,ok
28235,1789699297340419,0,rollback,bench,706,25,0,7126,ok
28242,1789699297342358,0,rollback,bench,398,26,0,7128,ok
28242,1789699297342359,0,rollback,bench,404,18,0,7128,ok
28242,1789699297342360,0,rollback,bench,666,28,0,7128,ok
28242,1789699297342360,0,rollback,bench,227,17,0,7128,ok
28247,1789699297342953,0,rollback,bench,227,17,0,7130,ok
28247,1789699297342954,0,rollback,bench,839,18,0,7130,ok
28249,1789699297342984,0,rollback,bench,9,17,0,7131,ok
28249,1789699297342984,0,rollback,bench,747,18,0,7131,ok
28249,1789699297342985,0,rollback,bench,280,17,0,7131,ok
28249,1789699297342985,0,rollback,bench,658,17,0,7131,ok
28249,1789699297342986,0,rollback,bench,591,19,0,7131,ok
28254,1789699297342990,0,rollback,bench,270,28,0,7132,ok
28254,1789699297342990,0,rollback,bench,138,19,0,7132,ok
28259,1789699297344954,0,rollback,bench,436,25,0,7134,ok
28308,1789699297369681,0,rollback,bench,70,19,0,7151,ok
28309,1789699297369685,0,rollback,bench,207,31,0,7152,ok
28320,1789699297374323,0,rollback,bench,447,21,0,7155,ok
28320,1789699297374324,0,rollback,bench,266,18,0,7155,ok
28320,1789699297374324,0,rollback,bench,890,27,0,7155,ok
28320,1789699297374325,0,rollback,bench,138,19,0,7155,ok
28320,1789699297374325,0,rollback,bench,548,25,0,7155,ok
28343,1789699297382859,0,rollback,bench,647,15,0,7161,ok
28343,1789699297382860,0,rollback,bench,652,39,0,7161,ok
28343,1789699297382861,0,rollback,bench,936,25,0,7161,ok
28343,1789699297382861,0,rollback,bench,363,22,0,7161,ok
28343,1789699297382862,0,rollback,bench,279,24,0,7161,ok
28358,1789699297389380,0,rollback,bench,825,31,0,7166,ok
28400,1789699297408930,0,rollback,bench,299,18,0,7183,ok
28400,1789699297408931,0,rollback,bench,813,28,0,7183,ok
28400,1789699297408932,0,rollback,bench,867,36,0,7183,ok
28400,1789699297408932,0,rollback,bench,973,27,0,7183,ok
28421,1789699297417777,0,rollback,bench,196,22,0,7188,ok
28421,1789699297417778,0,rollback,bench,48,14,0,7188,ok
28421,1789699297417778,0,rollback,bench,904,23,0,7188,ok
28421,1789699297417779,0,rollback,bench,29,15,0,7188,ok
28440,1789699297426164,0,rollback,bench,567,20,0,7194,ok
28440,1789699297426165,0,rollback,bench,153,25,0,7194,ok
28452,1789699297431678,0,rollback,bench,219,24,0,7198,ok
28452,1789699297431679,0,rollback,bench,95,19,0,7198,ok
28471,1789699297439878,0,rollback,bench,92,21,0,7206,ok
28471,1789699297439879,0,rollback,bench,810,29,0,7206,ok
28513,1789699297460618,0,rollback,bench,417,22,0,7221,ok
28513,1789699297460619,0,rollback,bench,124,22,0,7221,ok
28513,1789699297460620,0,rollback,bench,239,18,0,7221,ok
28513,1789699297460620,0,rollback,bench,37,18,0,7221,ok
28517,1789699297460633,0,rollback,bench,794,21,0,7222,ok
28517,1789699297460634,0,rollback,bench,279,24,0,7222,ok
28517,1789699297460634,0,rollback,bench,996,19,0,7222,ok
28517,1789699297460634,0,rollback,bench,348,30,0,7222,ok
28524,1789699297462076,0,rollback,bench,67,22,0,7224,ok
28537,1789699297469352,0,rollback,bench,256,23,0,7229,ok
28537,1789699297469353,0,rollback,bench,960,21,0,7229,ok
28537,1789699297469353,0,rollback,bench,571,28,0,7229,ok
28540,1789699297469363,0,rollback,bench,599,26,0,7230,ok
28540,1789699297469364,0,rollback,bench,878,16,0,7230,ok
28540,1789699297469364,0,rollback,bench,280,17,0,7230,ok
28540,1789699297469364,0,rollback,bench,297,22,0,7230,ok
28545,1789699297469924,0,rollback,bench,69,20,0,7232,ok
28545,1789699297469925,0,rollback,bench,34,25,0,7232,ok
28549,1789699297471435,0,rollback,bench,340,27,0,7235,ok
28549,1789699297471436,0,rollback,bench,422,15,0,7235,ok
28549,1789699297471437,0,rollback,bench,694,28,0,7235,ok
28549,1789699297471437,0,rollback,bench,908,22,0,7235,ok
28559,1789699297474273,0,rollback,bench,422,15,0,7238,ok
28559,1789699297474274,0,rollback,bench,102,13,0,7238,ok
28559,1789699297474275,0,rollback,bench,292,22,0,7238,ok
28559,1789699297474275,0,rollback,bench,929,22,0,7238,ok
28559,1789699297474275,0,rollback,bench,152,19,0,7238,ok
28570,1789699297477427,0,rollback,bench,151,35,0,7241,ok
28570,1789699297477428,0,rollback,bench,869,17,0,7241,ok
28576,1789699297479386,0,rollback,bench,321,26,0,7243,ok
28599,1789699297491669,0,rollback,bench,116,24,0,7250,ok
28631,1789699297507903,0,rollback,bench,390,25,0,7263,ok
28631,1789699297507904,0,rollback,bench,668,21,0,7263,ok
28633,1789699297507909,0,rollback,bench,86,29,0,7264,ok
28633,1789699297507910,0,rollback,bench,569,24,0,7264,ok
28645,1789699297513309,0,rollback,bench,139,29,0,7269,ok
28645,1789699297513310,0,rollback,bench,59,17,0,7269,ok
28645,1789699297513311,0,rollback,bench,513,30,0,7269,ok
28657,1789699297518182,0,rollback,bench,773,22,0,7273,ok
28657,1789699297518182,0,rollback,bench,60,27,0,7273,ok
28657,1789699297518183,0,rollback,bench,328,13,0,7273,ok
28657,1789699297518183,0,rollback,bench,456,19,0,7273,ok
28657,1789699297518184,0,rollback,bench,440,19,0,7273,ok
28664,1789699297519109,0,rollback,bench,947,17,0,7275,ok
28664,1789699297519110,0,rollback,bench,493,28,0,7275,ok
28666,1789699297519112,0,rollback,bench,535,26,0,7276,ok
28687,1789699297529110,0,rollback,bench,372,17,0,7282,ok
28711,1789699297541366,0,rollback,bench,320,25,0,7291,ok
28711,1789699297541367,0,rollback,bench,929,22,0,7291,ok
28711,1789699297541367,0,rollback,bench,96,21,0,7291,ok
28711,1789699297541368,0,rollback,bench,998,26,0,7291,ok
28711,1789699297541368,0,rollback,bench,289,23,0,7291,ok
28722,1789699297544277,0,rollback,bench,151,35,0,7294,ok
28722,1789699297544278,0,rollback,bench,103,24,0,7294,ok
28722,1789699297544278,0,rollback,bench,795,24,0,7294,ok
28722,1789699297544279,0,rollback,bench,363,22,0,7294,ok
28726,1789699297544283,0,rollback,bench,75,18,0,7295,ok
28726,1789699297544283,0,rollback,bench,400,18,0,7295,ok
28728,1789699297544289,0,rollback,bench,395,17,0,7296,ok
28728,1789699297544289,0,rollback,bench,357,18,0,7296,ok
28728,1789699297544289,0,rollback,bench,231,18,0,7296,ok
28742,1789699297550041,0,rollback,bench,132,19,0,7300,ok
28742,1789699297550042,0,rollback,bench,189,23,0,7300,ok
28742,1789699297550042,0,rollback,bench,701,30,0,7300,ok
28790,1789699297581466,0,rollback,bench,215,18,0,7317,ok
28790,1789699297581467,0,rollback,bench,922,29,0,7317,ok
28790,1789699297581468,0,rollback,bench,629,17,0,7317,ok
28837,1789699297605982,0,rollback,bench,450,26,0,7332,ok
28837,1789699297605984,0,rollback,bench,907,21,0,7332,ok
28837,1789699297605984,0,rollback,bench,575,27,0,7332,ok
28837,1789699297605985,0,rollback,bench,21,19,0,7332,ok
28837,1789699297605985,0,rollback,bench,630,19,0,7332,ok
28850,1789699297609958,0,rollback,bench,925,17,0,7335,ok
28850,1789699297609959,0,rollback,bench,620,20,0,7335,ok
28859,1789699297613720,0,rollback,bench,572,31,0,7340,ok
28860,1789699297613746,0,rollback,bench,919,18,0,7341,ok
28860,1789699297613747,0,rollback,bench,476,26,0,7341,ok
28860,1789699297613747,0,rollback,bench,465,26,0,7341,ok
28860,1789699297613748,0,rollback,bench,301,21,0,7341,ok
28878,1789699297621993,0,rollback,bench,420,17,0,7346,ok
28878,1789699297621994,0,rollback,bench,819,20,0,7346,ok
28878,1789699297621995,0,rollback,bench,136,22,0,7346,ok
28878,1789699297621995,0,rollback,bench,556,19,0,7346,ok
28890,1789699297626908,0,rollback,bench,882,11,0,7350,ok
28890,1789699297626909,0,rollback,bench,334,24,0,7350,ok
28890,1789699297626909,0,rollback,bench,362,14,0,7350,ok
28890,1789699297626910,0,rollback,bench,316,24,0,7350,ok
28919,1789699297641855,0,rollback,bench,346,29,0,7361,ok
28919,1789699297641856,0,rollback,bench,346,29,0,7361,ok
28919,1789699297641857,0,rollback,bench,810,29,0,7361,ok
28923,1789699297642341,0,rollback,bench,468,25,0,7363,ok
28923,1789699297642341,0,rollback,bench,133,23,0,7363,ok
28923,1789699297642342,0,rollback,bench,992,24,0,7363,ok
28923,1789699297642342,0,rollback,bench,323,22,0,7363,ok
28933,1789699297645767,0,rollback,bench,267,20,0,7367,ok
28933,1789699297645768,0,rollback,bench,347,22,0,7367,ok
28933,1789699297645768,0,rollback,bench,861,27,0,7367,ok
28933,1789699297645768,0,rollback,bench,633,24,0,7367,ok
28947,1789699297651900,0,rollback,bench,379,23,0,7372,ok
28947,1789699297651901,0,rollback,bench,270,28,0,7372,ok
28947,1789699297651901,0,rollback,bench,34,25,0,7372,ok
28947,1789699297651902,0,rollback,bench,650,19,0,7372,ok
28947,1789699297651902,0,rollback,bench,774,21,0,7372,ok
28962,1789699297657807,0,rollback,bench,527,23,0,7376,ok
28963,1789699297657833,0,rollback,bench,187,20,0,7377,ok
28963,1789699297657834,0,rollback,bench,785,28,0,7377,ok
28963,1789699297657834,0,rollback,bench,888,20,0,7377,ok
28963,1789699297657834,0,rollback,bench,358,30,0,7377,ok
28972,1789699297660406,0,rollback,bench,565,17,0,7379,ok
28972,1789699297660407,0,rollback,bench,56,19,0,7379,ok
28972,1789699297660407,0,rollback,bench,995,24,0,7379,ok
28978,1789699297662761,0,rollback,bench,344,26,0,7381,ok
28978,1789699297662762,0,rollback,bench,315,23,0,7381,ok
28978,1789699297662762,0,rollback,bench,529,23,0,7381,ok
28978,1789699297662763,0,rollback,bench,952,23,0,7381,ok
28978,1789699297662763,0,rollback,bench,86,29,0,7381,ok
28983,1789699297662772,0,rollback,bench,26,20,0,7382,ok
28983,1789699297662773,0,rollback,bench,591,19,0,7382,ok
28983,1789699297662773,0,rollback,bench,922,29,0,7382,ok
28991,1789699297666122,0,rollback,bench,130,27,0,7384,ok
28991,1789699297666123,0,rollback,bench,78,23,0,7384,ok
28991,1789699297666124,0,rollback,bench,873,31,0,7384,ok
28997,1789699297667669,0,rollback,bench,270,28,0,7386,ok
28998,1789699297667692,0,rollback,bench,647,16,0,7387,ok
28998,1789699297667692,0,rollback,bench,990,23,0,7387,ok
28998,1789699297667692,0,rollback,bench,164,36,0,7387,ok
29038,1789699297689897,0,rollback,bench,469,22,0,7399,ok
29038,1789699297689898,0,rollback,bench,934,25,0,7399,ok
29038,1789699297689899,0,rollback,bench,777,27,0,7399,ok
29063,1789699297704383,0,rollback,bench,333,22,0,7407,ok
29063,1789699297704384,0,rollback,bench,138,20,0,7407,ok
29091,1789699297717839,0,rollback,bench,576,24,0,7415,ok
29091,1789699297717841,0,rollback,bench,467,31,0,7415,ok
29091,1789699297717841,0,rollback,bench,563,14,0,7415,ok
29091,1789699297717841,0,rollback,bench,260,25,0,7415,ok
29091,1789699297717842,0,rollback,bench,69,20,0,7415,ok
29101,1789699297720262,0,rollback,bench,789,25,0,7417,ok
29101,1789699297720263,0,rollback,bench,613,31,0,7417,ok
29101,1789699297720264,0,rollback,bench,930,16,0,7417,ok
29121,1789699297730230,0,rollback,bench,574,22,0,7424,ok
29121,1789699297730231,0,rollback,bench,694,28,0,7424,ok
29128,1789699297732952,0,rollback,bench,811,28,0,7426,ok
29128,1789699297732953,0,rollback,bench,178,17,0,7426,ok
29141,1789699297739063,0,rollback,bench,350,18,0,7431,ok
29142,1789699297739089,0,rollback,bench,22,14,0,7432,ok
29142,1789699297739089,0,rollback,bench,338,24,0,7432,ok
29142,1789699297739089,0,rollback,bench,344,26,0,7432,ok
29142,1789699297739090,0,rollback,bench,375,24,0,7432,ok
29142,1789699297739090,0,rollback,bench,349,26,0,7432,ok
29150,1789699297740330,0,rollback,bench,68,27,0,7434,ok
29150,1789699297740331,0,rollback,bench,343,30,0,7434,ok
29150,1789699297740331,0,rollback,bench,64,22,0,7434,ok
29170,1789699297748555,0,rollback,bench,861,27,0,7441,ok
29174,1789699297750096,0,rollback,bench,273,16,0,7443,ok
29174,1789699297750097,0,rollback,bench,746,24,0,7443,ok
29181,1789699297752546,0,rollback,bench,700,24,0,7445,ok
29181,1789699297752547,0,rollback,bench,363,23,0,7445,ok
29181,1789699297752548,0,rollback,bench,739,22,0,7445,ok
29181,1789699297752548,0,rollback,bench,442,22,0,7445,ok
29200,1789699297759702,0,rollback,bench,605,17,0,7450,ok
29200,1789699297759703,0,rollback,bench,561,30,0,7450,ok
29200,1789699297759704,0,rollback,bench,964,19,0,7450,ok
29208,1789699297761972,0,rollback,bench,185,30,0,7452,ok
29208,1789699297761973,0,rollback,bench,59,19,0,7452,ok
29208,1789699297761974,0,rollback,bench,304,25,0,7452,ok
29208,1789699297761974,0,rollback,bench,844,21,0,7452,ok
29213,1789699297762444,0,rollback,bench,483,28,0,7454,ok
29213,1789699297762444,0,rollback,bench,291,19,0,7454,ok
29238,1789699297775109,0,rollback,bench,151,35,0,7460,ok
29238,1789699297775111,0,rollback,bench,189,24,0,7460,ok
29238,1789699297775111,0,rollback,bench,445,29,0,7460,ok
29238,1789699297775111,0,rollback,bench,693,21,0,7460,ok
29238,1789699297775112,0,rollback,bench,335,24,0,7460,ok
29278,1789699297791809,0,rollback,bench,477,17,0,7474,ok
29278,1789699297791810,0,rollback,bench,277,31,0,7474,ok
29295,1789699297799548,0,rollback,bench,662,26,0,7479,ok
29295,1789699297799549,0,rollback,bench,596,29,0,7479,ok
29295,1789699297799549,0,rollback,bench,280,17,0,7479,ok
29298,1789699297799554,0,rollback,bench,601,15,0,7480,ok
29298,1789699297799554,0,rollback,bench,969,34,0,7480,ok
29352,1789699297825249,0,rollback,bench,687,19,0,7499,ok
29381,1789699297838281,0,rollback,bench,61,22,0,7510,ok
29381,1789699297838282,0,rollback,bench,854,20,0,7510,ok
29386,1789699297839875,0,rollback,bench,482,33,0,7513,ok
29386,1789699297839876,0,rollback,bench,485,18,0,7513,ok
29386,1789699297839876,0,rollback,bench,693,21,0,7513,ok
29386,1789699297839892,0,rollback,bench,612,20,0,7513,ok
29386,1789699297839892,0,rollback,bench,746,25,0,7513,ok
29395,1789699297842172,0,rollback,bench,198,29,0,7516,ok
29395,1789699297842172,0,rollback,bench,473,19,0,7516,ok
29395,1789699297842173,0,rollback,bench,71,21,0,7516,ok
29395,1789699297842173,0,rollback,bench,58,24,0,7516,ok
29411,1789699297848356,0,rollback,bench,760,21,0,7522,ok
29411,1789699297848356,0,rollback,bench,390,25,0,7522,ok
29411,1789699297848357,0,rollback,bench,612,20,0,7522,ok
29411,1789699297848357,0,rollback,bench,274,24,0,7522,ok
29419,1789699297850210,0,rollback,bench,41,24,0,7524,ok
29419,1789699297850211,0,rollback,bench,176,23,0,7524,ok
29421,1789699297850213,0,rollback,bench,768,30,0,7525,ok
29428,1789699297853146,0,rollback,bench,57,24,0,7528,ok
29430,1789699297853863,0,rollback,bench,782,21,0,7530,ok
29430,1789699297853864,0,rollback,bench,568,23,0,7530,ok
29430,1789699297853865,0,rollback,bench,514,27,0,7530,ok
29437,1789699297855569,0,rollback,bench,728,34,0,7532,ok
29437,1789699297855570,0,rollback,bench,165,24,0,7532,ok
29437,1789699297855570,0,rollback,bench,542,26,0,7532,ok
29437,1789699297855571,0,rollback,bench,838,21,0,7532,ok
29441,1789699297855575,0,rollback,bench,63,31,0,7533,ok
29441,1789699297855575,0,rollback,bench,173,25,0,7533,ok
29443,1789699297855579,0,rollback,bench,430,23,0,7534,ok
29443,1789699297855580,0,rollback,bench,456,20,0,7534,ok
29458,1789699297861280,0,rollback,bench,855,23,0,7539,ok
29458,1789699297861281,0,rollback,bench,84,26,0,7539,ok
29458,1789699297861282,0,rollback,bench,979,32,0,7539,ok
29461,1789699297861284,0,rollback,bench,913,16,0,7540,ok
29468,1789699297864290,0,rollback,bench,236,25,0,7543,ok
29469,1789699297864307,0,rollback,bench,546,22,0,7544,ok
29469,1789699297864307,0,rollback,bench,933,22,0,7544,ok
29469,1789699297864308,0,rollback,bench,617,17,0,7544,ok
29469,1789699297864308,0,rollback,bench,892,18,0,7544,ok
29469,1789699297864308,0,rollback,bench,148,23,0,7544,ok
29485,1789699297870341,0,rollback,bench,122,26,0,7549,ok
29485,1789699297870343,0,rollback,bench,203,27,0,7549,ok
29485,1789699297870343,0,rollback,bench,143,18,0,7549,ok
29490,1789699297871340,0,rollback,bench,863,23,0,7551,ok
29490,1789699297871341,0,rollback,bench,451,22,0,7551,ok
29490,1789699297871342,0,rollback,bench,677,20,0,7551,ok
29528,1789699297911320,0,rollback,bench,723,27,0,7564,ok
29538,1789699297916993,0,rollback,bench,440,19,0,7567,ok
29538,1789699297916994,0,rollback,bench,819,21,0,7567,ok
29538,1789699297916995,0,rollback,bench,971,19,0,7567,ok
29538,1789699297916995,0,rollback,bench,626,27,0,7567,ok
29569,1789699297933177,0,rollback,bench,680,31,0,7577,ok
29573,1789699297935030,0,rollback,bench,272,20,0,7579,ok
29573,1789699297935031,0,rollback,bench,619,25,0,7579,ok
29575,1789699297935060,0,rollback,bench,579,18,0,7580,ok
29575,1789699297935060,0,rollback,bench,634,18,0,7580,ok
29575,1789699297935060,0,rollback,bench,185,30,0,7580,ok
29575,1789699297935061,0,rollback,bench,128,15,0,7580,ok
29575,1789699297935061,0,rollback,bench,877,26,0,7580,ok
29614,1789699297954306,0,rollback,bench,704,22,0,7590,ok
29614,1789699297954307,0,rollback,bench,838,21,0,7590,ok
29614,1789699297954308,0,rollback,bench,496,32,0,7590,ok
29614,1789699297954308,0,rollback,bench,717,28,0,7590,ok
29633,1789699297961458,0,rollback,bench,250,20,0,7595,ok
29649,1789699297968848,0,rollback,bench,707,22,0,7600,ok
29649,1789699297968849,0,rollback,bench,869,20,0,7600,ok
29649,1789699297968850,0,rollback,bench,551,22,0,7600,ok
29649,1789699297968850,0,rollback,bench,816,28,0,7600,ok
29658,1789699297971723,0,rollback,bench,913,17,0,7603,ok
29659,1789699297971726,0,rollback,bench,140,25,0,7604,ok
29660,1789699297971787,0,rollback,bench,728,34,0,7605,ok
29660,1789699297971787,0,rollback,bench,78,23,0,7605,ok
29660,1789699297971788,0,rollback,bench,816,28,0,7605,ok
29660,1789699297971788,0,rollback,bench,997,27,0,7605,ok
29660,1789699297971789,0,rollback,bench,557,30,0,7605,ok
29665,1789699297971794,0,rollback,bench,369,30,0,7606,ok
29665,1789699297971794,0,rollback,bench,165,24,0,7606,ok
29672,1789699297974127,0,rollback,bench,475,25,0,7608,ok
29672,1789699297974128,0,rollback,bench,946,21,0,7608,ok
29672,1789699297974129,0,rollback,bench,923,19,0,7608,ok
29691,1789699297982347,0,rollback,bench,621,26,0,7614,ok
29691,1789699297982349,0,rollback,bench,593,15,0,7614,ok
29691,1789699297982349,0,rollback,bench,478,23,0,7614,ok
29691,1789699297982350,0,rollback,bench,2,26,0,7614,ok
29691,1789699297982350,0,rollback,bench,298,19,0,7614,ok
29719,1789699297994375,0,rollback,bench,584,23,0,7624,ok
29744,1789699298006809,0,rollback,bench,831,10,0,7633,ok
29744,1789699298006810,0,rollback,bench,857,19,0,7633,ok
29744,1789699298006811,0,rollback,bench,168,26,0,7633,ok
29767,1789699298015944,0,rollback,bench,640,19,0,7640,ok
29767,1789699298015945,0,rollback,bench,457,27,0,7640,ok
29769,1789699298015949,0,rollback,bench,154,24,0,7641,ok
29769,1789699298015949,0,rollback,bench,50,28,0,7641,ok
29790,1789699298025864,0,rollback,bench,556,19,0,7648,ok
29790,1789699298025866,0,rollback,bench,148,23,0,7648,ok
29790,1789699298025866,0,rollback,bench,537,23,0,7648,ok
29790,1789699298025866,0,rollback,bench,581,39,0,7648,ok
29804,1789699298030718,0,rollback,bench,232,27,0,7651,ok
29804,1789699298030719,0,rollback,bench,476,26,0,7651,ok
29804,1789699298030719,0,rollback,bench,265,25,0,7651,ok
29822,1789699298038117,0,rollback,bench,158,20,0,7657,ok
29822,1789699298038118,0,rollback,bench,305,26,0,7657,ok
29822,1789699298038119,0,rollback,bench,952,23,0,7657,ok
29822,1789699298038120,0,rollback,bench,133,24,0,7657,ok
29831,1789699298040712,0,rollback,bench,825,31,0,7660,ok
29831,1789699298040713,0,rollback,bench,306,16,0,7660,ok
29831,1789699298040713,0,rollback,bench,348,30,0,7660,ok
29831,1789699298040714,0,rollback,bench,677,21,0,7660,ok
29831,1789699298040714,0,rollback,bench,265,25,0,7660,ok
29859,1789699298053006,0,rollback,bench,898,30,0,7670,ok
29859,1789699298053007,0,rollback,bench,956,16,0,7670,ok
29859,1789699298053008,0,rollback,bench,947,19,0,7670,ok
29864,1789699298053922,0,rollback,bench,705,24,0,7672,ok
29864,1789699298053923,0,rollback,bench,906,23,0,7672,ok
29864,1789699298053923,0,rollback,bench,425,19,0,7672,ok
29864,1789699298053923,0,rollback,bench,232,27,0,7672,ok
29868,1789699298053931,0,rollback,bench,291,19,0,7673,ok
29868,1789699298053931,0,rollback,bench,685,20,0,7673,ok
29868,1789699298053932,0,rollback,bench,918,30,0,7673,ok
29872,1789699298054339,0,rollback,bench,426,29,0,7675,ok
29879,1789699298057389,0,rollback,bench,802,20,0,7678,ok
29879,1789699298057390,0,rollback,bench,293,26,0,7678,ok
29879,1789699298057390,0,rollback,bench,898,30,0,7678,ok
29879,1789699298057391,0,rollback,bench,267,20,0,7678,ok
29891,1789699298061187,0,rollback,bench,103,25,0,7681,ok
29891,1789699298061188,0,rollback,bench,213,22,0,7681,ok
29902,1789699298066408,0,rollback,bench,452,16,0,7685,ok
29902,1789699298066409,0,rollback,bench,177,29,0,7685,ok
29902,1789699298066409,0,rollback,bench,779,23,0,7685,ok
29902,1789699298066410,0,rollback,bench,3,23,0,7685,ok
29915,1789699298070518,0,rollback,bench,214,29,0,7688,ok
29915,1789699298070519,0,rollback,bench,449,21,0,7688,ok
29915,1789699298070520,0,rollback,bench,123,24,0,7688,ok
29918,1789699298070522,0,rollback,bench,489,24,0,7689,ok
29919,1789699298070532,0,rollback,bench,553,24,0,7690,ok
29919,1789699298070532,0,rollback,bench,395,18,0,7690,ok
29919,1789699298070532,0,rollback,bench,452,16,0,7690,ok
29919,1789699298070533,0,rollback,bench,460,29,0,7690,ok
29943,1789699298082538,0,rollback,bench,800,29,0,7697,ok
29943,1789699298082539,0,rollback,bench,300,23,0,7697,ok
29943,1789699298082540,0,rollback,bench,270,28,0,7697,ok
29960,1789699298090973,0,rollback,bench,311,26,0,7705,ok
29960,1789699298090974,0,rollback,bench,361,27,0,7705,ok
29960,1789699298090974,0,rollback,bench,479,24,0,7705,ok
29960,1789699298090975,0,rollback,bench,858,22,0,7705,ok
29982,1789699298101782,0,rollback,bench,60,27,0,7712,ok
30049,1789699298143861,0,rollback,bench,474,23,0,7734,ok
30049,1789699298143862,0,rollback,bench,138,20,0,7734,ok
30053,1789699298145290,0,rollback,bench,398,29,0,7736,ok
30053,1789699298145303,0,rollback,bench,809,23,0,7736,ok
30053,1789699298145303,0,rollback,bench,655,30,0,7736,ok
30053,1789699298145304,0,rollback,bench,358,31,0,7736,ok
30053,1789699298145304,0,rollback,bench,675,25,0,7736,ok
30058,1789699298145317,0,rollback,bench,398,29,0,7737,ok
30058,1789699298145317,0,rollback,bench,89,22,0,7737,ok
30058,1789699298145317,0,rollback,bench,413,30,0,7737,ok
30058,1789699298145317,0,rollback,bench,983,26,0,7737,ok
30058,1789699298145318,0,rollback,bench,460,29,0,7737,ok
30063,1789699298145322,0,rollback,bench,845,30,0,7738,ok
30063,1789699298145322,0,rollback,bench,698,16,0,7738,ok
30075,1789699298152318,0,rollback,bench,651,28,0,7743,ok
30075,1789699298152320,0,rollback,bench,557,30,0,7743,ok
30075,1789699298152320,0,rollback,bench,455,22,0,7743,ok
30075,1789699298152321,0,rollback,bench,486,27,0,7743,ok
30075,1789699298152321,0,rollback,bench,267,20,0,7743,ok
30092,1789699298159936,0,rollback,bench,624,24,0,7748,ok
30092,1789699298159938,0,rollback,bench,973,31,0,7748,ok
30092,1789699298159939,0,rollback,bench,146,24,0,7748,ok
30092,1789699298159939,0,rollback,bench,431,37,0,7748,ok
30092,1789699298159940,0,rollback,bench,214,29,0,7748,ok
30104,1789699298164619,0,rollback,bench,635,39,0,7751,ok
30104,1789699298164620,0,rollback,bench,595,25,0,7751,ok
30104,1789699298164620,0,rollback,bench,834,34,0,7751,ok
30104,1789699298164621,0,rollback,bench,309,14,0,7751,ok
30104,1789699298164621,0,rollback,bench,854,21,0,7751,ok
30109,1789699298164624,0,rollback,bench,625,23,0,7752,ok
30110,1789699298164628,0,rollback,bench,65,19,0,7753,ok
30110,1789699298164629,0,rollback,bench,770,17,0,7753,ok
30134,1789699298177438,0,rollback,bench,134,16,0,7761,ok
30134,1789699298177439,0,rollback,bench,898,31,0,7761,ok
30136,1789699298177455,0,rollback,bench,622,30,0,7762,ok
30136,1789699298177455,0,rollback,bench,555,32,0,7762,ok
30136,1789699298177455,0,rollback,bench,89,22,0,7762,ok
30136,1789699298177456,0,rollback,bench,877,26,0,7762,ok
30146,1789699298181534,0,rollback,bench,625,23,0,7767,ok
30146,1789699298181536,0,rollback,bench,808,21,0,7767,ok
30146,1789699298181536,0,rollback,bench,998,26,0,7767,ok
30146,1789699298181536,0,rollback,bench,566,22,0,7767,ok
30150,1789699298181546,0,rollback,bench,317,26,0,7768,ok
30150,1789699298181546,0,rollback,bench,607,32,0,7768,ok
30150,1789699298181546,0,rollback,bench,466,24,0,7768,ok
30150,1789699298181547,0,rollback,bench,94,19,0,7768,ok
30157,1789699298183388,0,rollback,bench,307,33,0,7770,ok
30164,1789699298187972,0,rollback,bench,353,24,0,7773,ok
30164,1789699298187973,0,rollback,bench,734,30,0,7773,ok
30173,1789699298192228,0,rollback,bench,684,20,0,7776,ok
30174,1789699298192245,0,rollback,bench,410,21,0,7777,ok
30174,1789699298192245,0,rollback,bench,66,31,0,7777,ok
30174,1789699298192246,0,rollback,bench,841,23,0,7777,ok
30182,1789699298195780,0,rollback,bench,326,26,0,7779,ok
30182,1789699298195781,0,rollback,bench,268,24,0,7779,ok
30182,1789699298195782,0,rollback,bench,137,27,0,7779,ok
30182,1789699298195783,0,rollback,bench,377,22,0,7779,ok
30182,1789699298195783,0,rollback,bench,420,17,0,7779,ok
30223,1789699298235424,0,rollback,bench,546,22,0,7793,ok
30223,1789699298235425,0,rollback,bench,459,27,0,7793,ok
30223,1789699298235426,0,rollback,bench,974,19,0,7793,ok
30223,1789699298235426,0,rollback,bench,417,25,0,7793,ok
30223,1789699298235427,0,rollback,bench,341,22,0,7793,ok
30260,1789699298258089,0,rollback,bench,795,24,0,7805,ok
30260,1789699298258091,0,rollback,bench,529,25,0,7805,ok
30260,1789699298258092,0,rollback,bench,709,25,0,7805,ok
30263,1789699298258097,0,rollback,bench,274,25,0,7806,ok
30263,1789699298258098,0,rollback,bench,510,20,0,7806,ok
30265,1789699298258100,0,rollback,bench,479,24,0,7807,ok
30270,1789699298260872,0,rollback,bench,789,26,0,7810,ok
30270,1789699298260873,0,rollback,bench,783,24,0,7810,ok
30281,1789699298266985,0,rollback,bench,202,20,0,7813,ok
30281,1789699298266987,0,rollback,bench,565,19,0,7813,ok
30281,1789699298266987,0,rollback,bench,583,21,0,7813,ok
30281,1789699298266988,0,rollback,bench,982,23,0,7813,ok
30285,1789699298266992,0,rollback,bench,586,25,0,7814,ok
30285,1789699298266993,0,rollback,bench,326,26,0,7814,ok
30287,1789699298266995,0,rollback,bench,635,39,0,7815,ok
30301,1789699298275891,0,rollback,bench,422,16,0,7821,ok
30325,1789699298292046,0,rollback,bench,917,23,0,7830,ok
30325,1789699298292047,0,rollback,bench,714,23,0,7830,ok
30325,1789699298292048,0,rollback,bench,436,27,0,7830,ok
30340,1789699298300270,0,rollback,bench,232,29,0,7835,ok
30340,1789699298300272,0,rollback,bench,663,28,0,7835,ok
30340,1789699298300272,0,rollback,bench,603,24,0,7835,ok
30340,1789699298300273,0,rollback,bench,987,26,0,7835,ok
30340,1789699298300273,0,rollback,bench,804,21,0,7835,ok
30348,1789699298302168,0,rollback,bench,321,28,0,7838,ok
30348,1789699298302170,0,rollback,bench,528,19,0,7838,ok
30348,1789699298302170,0,rollback,bench,509,25,0,7838,ok
30348,1789699298302170,0,rollback,bench,121,34,0,7838,ok
30371,1789699298316818,0,rollback,bench,745,21,0,7845,ok
30371,1789699298316819,0,rollback,bench,340,27,0,7845,ok
30374,1789699298317540,0,rollback,bench,589,22,0,7847,ok
30374,1789699298317540,0,rollback,bench,818,29,0,7847,ok
30374,1789699298317541,0,rollback,bench,866,28,0,7847,ok
30377,1789699298317553,0,rollback,bench,181,27,0,7848,ok
30377,1789699298317553,0,rollback,bench,626,29,0,7848,ok
30377,1789699298317553,0,rollback,bench,782,22,0,7848,ok
30377,1789699298317554,0,rollback,bench,432,19,0,7848,ok
30381,1789699298317564,0,rollback,bench,25,27,0,7849,ok
30381,1789699298317565,0,rollback,bench,46,28,0,7849,ok
30381,1789699298317565,0,rollback,bench,463,36,0,7849,ok
30381,1789699298317566,0,rollback,bench,390,25,0,7849,ok
30394,1789699298323679,0,rollback,bench,778,20,0,7855,ok
30394,1789699298323681,0,rollback,bench,440,19,0,7855,ok
30394,1789699298323681,0,rollback,bench,99,38,0,7855,ok
30424,1789699298343084,0,rollback,bench,16,22,0,7863,ok
30424,1789699298343086,0,rollback,bench,717,28,0,7863,ok
30424,1789699298343086,0,rollback,bench,657,19,0,7863,ok
30429,1789699298344288,0,rollback,bench,868,35,0,7865,ok
30429,1789699298344289,0,rollback,bench,61,23,0,7865,ok
30438,1789699298349571,0,rollback,bench,164,38,0,7869,ok
30438,1789699298349572,0,rollback,bench,402,24,0,7869,ok
30438,1789699298349572,0,rollback,bench,520,17,0,7869,ok
30438,1789699298349573,0,rollback,bench,20,30,0,7869,ok
30438,1789699298349573,0,rollback,bench,983,26,0,7869,ok
30448,1789699298352814,0,rollback,bench,477,18,0,7872,ok
30448,1789699298352815,0,rollback,bench,236,26,0,7872,ok
30448,1789699298352815,0,rollback,bench,188,24,0,7872,ok
30451,1789699298352820,0,rollback,bench,556,19,0,7873,ok
30451,1789699298352820,0,rollback,bench,406,33,0,7873,ok
30489,1789699298379169,0,rollback,bench,29,15,0,7889,ok
30489,1789699298379170,0,rollback,bench,712,27,0,7889,ok
30489,1789699298379171,0,rollback,bench,944,26,0,7889,ok
30489,1789699298379171,0,rollback,bench,881,24,0,7889,ok
30526,1789699298404373,0,rollback,bench,583,21,0,7899,ok
30526,1789699298404374,0,rollback,bench,261,20,0,7899,ok
30526,1789699298404374,0,rollback,bench,77,26,0,7899,ok
30533,1789699298407211,0,rollback,bench,718,36,0,7901,ok
30554,1789699298421927,0,rollback,bench,685,20,0,7907,ok
30554,1789699298421929,0,rollback,bench,354,23,0,7907,ok
30554,1789699298421929,0,rollback,bench,267,21,0,7907,ok
30562,1789699298424976,0,rollback,bench,959,27,0,7909,ok
30572,1789699298431687,0,rollback,bench,346,29,0,7913,ok
30574,1789699298432391,0,rollback,bench,896,26,0,7915,ok
30574,1789699298432392,0,rollback,bench,258,25,0,7915,ok
30576,1789699298432412,0,rollback,bench,605,17,0,7916,ok
30576,1789699298432412,0,rollback,bench,461,23,0,7916,ok
30576,1789699298432413,0,rollback,bench,428,34,0,7916,ok
30584,1789699298436153,0,rollback,bench,231,21,0,7918,ok
30584,1789699298436154,0,rollback,bench,791,24,0,7918,ok
30593,1789699298440641,0,rollback,bench,627,23,0,7923,ok
30593,1789699298440642,0,rollback,bench,13,31,0,7923,ok
30595,1789699298440666,0,rollback,bench,731,20,0,7924,ok
30595,1789699298440667,0,rollback,bench,339,27,0,7924,ok
30595,1789699298440667,0,rollback,bench,277,31,0,7924,ok
30595,1789699298440678,0,rollback,bench,297,23,0,7924,ok
30617,1789699298453479,0,rollback,bench,282,26,0,7931,ok
30617,1789699298453480,0,rollback,bench,204,27,0,7931,ok
30617,1789699298453481,0,rollback,bench,163,21,0,7931,ok
30617,1789699298453481,0,rollback,bench,38,26,0,7931,ok
30624,1789699298455446,0,rollback,bench,219,26,0,7933,ok
30624,1789699298455448,0,rollback,bench,304,26,0,7933,ok
30624,1789699298455448,0,rollback,bench,618,27,0,7933,ok
30631,1789699298458091,0,rollback,bench,588,18,0,7935,ok
30645,1789699298468441,0,rollback,bench,170,28,0,7940,ok
30645,1789699298468443,0,rollback,bench,69,22,0,7940,ok
30645,1789699298468444,0,rollback,bench,377,22,0,7940,ok
30645,1789699298468444,0,rollback,bench,456,22,0,7940,ok
30645,1789699298468444,0,rollback,bench,257,32,0,7940,ok
30652,1789699298469789,0,rollback,bench,623,24,0,7942,ok
30672,1789699298484282,0,rollback,bench,522,27,0,7949,ok
30672,1789699298484284,0,rollback,bench,774,24,0,7949,ok
30672,1789699298484285,0,rollback,bench,294,21,0,7949,ok
30672,1789699298484285,0,rollback,bench,385,18,0,7949,ok
30672,1789699298484285,0,rollback,bench,126,25,0,7949,ok
30682,1789699298487610,0,rollback,bench,682,22,0,7952,ok
30682,1789699298487612,0,rollback,bench,672,34,0,7952,ok
30682,1789699298487612,0,rollback,bench,62,25,0,7952,ok
30682,1789699298487613,0,rollback,bench,35,18,0,7952,ok
30686,1789699298487621,0,rollback,bench,856,33,0,7953,ok
30686,1789699298487621,0,rollback,bench,679,25,0,7953,ok
30686,1789699298487622,0,rollback,bench,878,17,0,7953,ok
30700,1789699298494284,0,rollback,bench,219,26,0,7958,ok
30700,1789699298494285,0,rollback,bench,328,15,0,7958,ok
30700,1789699298494286,0,rollback,bench,203,28,0,7958,ok
30700,1789699298494286,0,rollback,bench,786,19,0,7958,ok
30700,1789699298494287,0,rollback,bench,415,21,0,7958,ok
30705,1789699298494300,0,rollback,bench,519,24,0,7959,ok
30705,1789699298494301,0,rollback,bench,484,25,0,7959,ok
30705,1789699298494301,0,rollback,bench,789,26,0,7959,ok
30705,1789699298494301,0,rollback,bench,775,31,0,7959,ok
30705,1789699298494302,0,rollback,bench,40,31,0,7959,ok
30718,1789699298498820,0,rollback,bench,279,27,0,7963,ok
30718,1789699298498821,0,rollback,bench,375,26,0,7963,ok
30730,1789699298504461,0,rollback,bench,873,33,0,7967,ok
30730,1789699298504462,0,rollback,bench,295,24,0,7967,ok
30730,1789699298504463,0,rollback,bench,663,29,0,7967,ok
30730,1789699298504463,0,rollback,bench,426,29,0,7967,ok
30730,1789699298504464,0,rollback,bench,39,21,0,7967,ok
30743,1789699298509840,0,rollback,bench,845,31,0,7970,ok
30743,1789699298509842,0,rollback,bench,361,27,0,7970,ok
30758,1789699298519447,0,rollback,bench,450,29,0,7976,ok
30775,1789699298529576,0,rollback,bench,217,22,0,7983,ok
30775,1789699298529577,0,rollback,bench,839,21,0,7983,ok
30775,1789699298529577,0,rollback,bench,926,29,0,7983,ok
30784,1789699298533322,0,rollback,bench,80,26,0,7987,ok
30784,1789699298533323,0,rollback,bench,794,22,0,7987,ok
30784,1789699298533324,0,rollback,bench,633,25,0,7987,ok
30784,1789699298533324,0,rollback,bench,447,24,0,7987,ok
30805,1789699298544557,0,rollback,bench,68,28,0,7993,ok
30817,1789699298552256,0,rollback,bench,647,19,0,7998,ok
30817,1789699298552258,0,rollback,bench,122,28,0,7998,ok
30817,1789699298552258,0,rollback,bench,166,22,0,7998,ok
30817,1789699298552259,0,rollback,bench,971,19,0,7998,ok
30823,1789699298553652,0,rollback,bench,445,31,0,8000,ok
30836,1789699298561965,0,rollback,bench,833,21,0,8005,ok
30836,1789699298561967,0,rollback,bench,498,22,0,8005,ok
30836,1789699298561967,0,rollback,bench,664,23,0,8005,ok
30839,1789699298561977,0,rollback,bench,305,27,0,8006,ok
30839,1789699298561978,0,rollback,bench,405,24,0,8006,ok
30839,1789699298561978,0,rollback,bench,573,23,0,8006,ok
30839,1789699298561979,0,rollback,bench,466,24,0,8006,ok
30851,1789699298567181,0,rollback,bench,828,22,0,8009,ok
30851,1789699298567183,0,rollback,bench,564,24,0,8009,ok
30851,1789699298567183,0,rollback,bench,92,22,0,8009,ok
30851,1789699298567184,0,rollback,bench,77,26,0,8009,ok
30866,1789699298575893,0,rollback,bench,453,23,0,8014,ok
30892,1789699298593901,0,rollback,bench,580,25,0,8022,ok
30892,1789699298593903,0,rollback,bench,298,20,0,8022,ok
30899,1789699298597749,0,rollback,bench,10,20,0,8026,ok
30926,1789699298620143,0,rollback,bench,717,28,0,8034,ok
30926,1789699298620145,0,rollback,bench,360,25,0,8034,ok
30926,1789699298620146,0,rollback,bench,308,24,0,8034,ok
30958,1789699298641072,0,rollback,bench,242,23,0,8042,ok
30958,1789699298641074,0,rollback,bench,939,26,0,8042,ok
30958,1789699298641075,0,rollback,bench,879,26,0,8042,ok
30958,1789699298641075,0,rollback,bench,641,20,0,8042,ok
30958,1789699298641075,0,rollback,bench,618,27,0,8042,ok
30965,1789699298642474,0,rollback,bench,948,23,0,8044,ok
30967,1789699298643304,0,rollback,bench,73,26,0,8046,ok
30967,1789699298643305,0,rollback,bench,532,22,0,8046,ok
30967,1789699298643305,0,rollback,bench,898,31,0,8046,ok
30967,1789699298643305,0,rollback,bench,269,18,0,8046,ok
30967,1789699298643306,0,rollback,bench,608,21,0,8046,ok
30995,1789699298661777,0,rollback,bench,512,23,0,8055,ok
30995,1789699298661778,0,rollback,bench,216,30,0,8055,ok
30995,1789699298661779,0,rollback,bench,121,35,0,8055,ok
30995,1789699298661779,0,rollback,bench,67,23,0,8055,ok
30995,1789699298661779,0,rollback,bench,870,22,0,8055,ok
31024,1789699298680793,0,rollback,bench,226,25,0,8066,ok
31024,1789699298680794,0,rollback,bench,776,21,0,8066,ok
31026,1789699298680797,0,rollback,bench,2,27,0,8067,ok
31040,1789699298690858,0,rollback,bench,997,28,0,8071,ok
31041,1789699298690890,0,rollback,bench,570,30,0,8072,ok
31041,1789699298690891,0,rollback,bench,55,23,0,8072,ok
31041,1789699298690891,0,rollback,bench,752,28,0,8072,ok
31041,1789699298690892,0,rollback,bench,478,24,0,8072,ok
31041,1789699298690892,0,rollback,bench,5,18,0,8072,ok
31055,1789699298697632,0,rollback,bench,84,26,0,8076,ok
31055,1789699298697633,0,rollback,bench,549,24,0,8076,ok
31059,1789699298698902,0,rollback,bench,353,24,0,8078,ok
31059,1789699298698903,0,rollback,bench,875,32,0,8078,ok
31059,1789699298698903,0,rollback,bench,916,28,0,8078,ok
31059,1789699298698903,0,rollback,bench,464,22,0,8078,ok
31068,1789699298702971,0,rollback,bench,26,21,0,8080,ok
31074,1789699298706153,0,rollback,bench,809,23,0,8082,ok
31074,1789699298706154,0,rollback,bench,224,33,0,8082,ok
31103,1789699298724326,0,rollback,bench,480,25,0,8090,ok
31122,1789699298735299,0,rollback,bench,657,19,0,8097,ok
31130,1789699298740019,0,rollback,bench,197,27,0,8100,ok
31130,1789699298740020,0,rollback,bench,360,25,0,8100,ok
31139,1789699298743802,0,rollback,bench,133,25,0,8104,ok
31139,1789699298743803,0,rollback,bench,186,31,0,8104,ok
31139,1789699298743804,0,rollback,bench,554,27,0,8104,ok
31139,1789699298743804,0,rollback,bench,221,33,0,8104,ok
31144,1789699298744431,0,rollback,bench,616,27,0,8106,ok
31144,1789699298744432,0,rollback,bench,89,22,0,8106,ok
31144,1789699298744432,0,rollback,bench,866,29,0,8106,ok
31144,1789699298744433,0,rollback,bench,5,18,0,8106,ok
31148,1789699298744451,0,rollback,bench,519,24,0,8107,ok
31148,1789699298744451,0,rollback,bench,398,30,0,8107,ok
31148,1789699298744452,0,rollback,bench,695,38,0,8107,ok
31148,1789699298744452,0,rollback,bench,454,14,0,8107,ok
31148,1789699298744453,0,rollback,bench,561,31,0,8107,ok
31159,1789699298750170,0,rollback,bench,235,26,0,8110,ok
31159,1789699298750171,0,rollback,bench,720,33,0,8110,ok
31159,1789699298750172,0,rollback,bench,356,24,0,8110,ok
31159,1789699298750172,0,rollback,bench,580,25,0,8110,ok
31169,1789699298753682,0,rollback,bench,801,27,0,8113,ok
31169,1789699298753683,0,rollback,bench,694,30,0,8113,ok
31183,1789699298762920,0,rollback,bench,0,18,0,8118,ok
31200,1789699298777093,0,rollback,bench,203,29,0,8124,ok
31220,1789699298792245,0,rollback,bench,679,25,0,8132,ok
31220,1789699298792246,0,rollback,bench,753,25,0,8132,ok
31220,1789699298792247,0,rollback,bench,612,22,0,8132,ok
31220,1789699298792247,0,rollback,bench,227,21,0,8132,ok
31220,1789699298792248,0,rollback,bench,364,23,0,8132,ok
31225,1789699298792253,0,rollback,bench,294,21,0,8133,ok
31225,1789699298792253,0,rollback,bench,466,25,0,8133,ok
31227,1789699298792276,0,rollback,bench,822,22,0,8134,ok
31227,1789699298792276,0,rollback,bench,34,27,0,8134,ok
31227,1789699298792276,0,rollback,bench,443,28,0,8134,ok
31227,1789699298792277,0,rollback,bench,112,25,0,8134,ok
31231,1789699298792279,0,rollback,bench,153,27,0,8135,ok
31232,1789699298792287,0,rollback,bench,198,30,0,8136,ok
31232,1789699298792287,0,rollback,bench,554,27,0,8136,ok
31232,1789699298792287,0,rollback,bench,173,26,0,8136,ok
31235,1789699298792289,0,rollback,bench,498,23,0,8137,ok
31256,1789699298804118,0,rollback,bench,750,31,0,8143,ok
31256,1789699298804120,0,rollback,bench,428,34,0,8143,ok
31256,1789699298804120,0,rollback,bench,292,24,0,8143,ok
31256,1789699298804121,0,rollback,bench,205,34,0,8143,ok
31265,1789699298808128,0,rollback,bench,112,25,0,8146,ok
31266,1789699298808151,0,rollback,bench,936,27,0,8147,ok
31266,1789699298808151,0,rollback,bench,338,27,0,8147,ok
31266,1789699298808152,0,rollback,bench,121,35,0,8147,ok
31266,1789699298808152,0,rollback,bench,466,25,0,8147,ok
31266,1789699298808153,0,rollback,bench,681,33,0,8147,ok
31275,1789699298810436,0,rollback,bench,653,32,0,8149,ok
31275,1789699298810437,0,rollback,bench,358,33,0,8149,ok
31275,1789699298810438,0,rollback,bench,19,21,0,8149,ok
31286,1789699298814742,0,rollback,bench,608,21,0,8153,ok
31296,1789699298820519,0,rollback,bench,80,26,0,8156,ok
31297,1789699298820522,0,rollback,bench,719,22,0,8157,ok
31305,1789699298825032,0,rollback,bench,298,20,0,8160,ok
31305,1789699298825033,0,rollback,bench,90,20,0,8160,ok
31305,1789699298825034,0,rollback,bench,316,26,0,8160,ok
31308,1789699298825048,0,rollback,bench,572,33,0,8161,ok
31308,1789699298825048,0,rollback,bench,35,18,0,8161,ok
31308,1789699298825049,0,rollback,bench,273,17,0,8161,ok
31308,1789699298825049,0,rollback,bench,704,24,0,8161,ok
31308,1789699298825049,0,rollback,bench,881,24,0,8161,ok
31321,1789699298829842,0,rollback,bench,852,36,0,8165,ok
31321,1789699298829843,0,rollback,bench,739,25,0,8165,ok
31321,1789699298829844,0,rollback,bench,683,24,0,8165,ok
31324,1789699298829846,0,rollback,bench,307,34,0,8166,ok
31325,1789699298829850,0,rollback,bench,550,26,0,8167,ok
31325,1789699298829851,0,rollback,bench,316,26,0,8167,ok
31335,1789699298834436,0,rollback,bench,893,26,0,8172,ok
31356,1789699298845721,0,rollback,bench,196,24,0,8180,ok
31356,1789699298845722,0,rollback,bench,364,23,0,8180,ok
31358,1789699298845740,0,rollback,bench,948,23,0,8181,ok
31358,1789699298845740,0,rollback,bench,921,22,0,8181,ok
31358,1789699298845740,0,rollback,bench,354,23,0,8181,ok
31368,1789699298849693,0,rollback,bench,723,29,0,8184,ok
31391,1789699298862393,0,rollback,bench,991,21,0,8191,ok
31391,1789699298862394,0,rollback,bench,855,23,0,8191,ok
31391,1789699298862394,0,rollback,bench,935,23,0,8191,ok
31391,1789699298862395,0,rollback,bench,700,24,0,8191,ok
31391,1789699298862395,0,rollback,bench,488,30,0,8191,ok
31411,1789699298870751,0,rollback,bench,523,26,0,8200,ok
31411,1789699298870752,0,rollback,bench,837,17,0,8200,ok
31411,1789699298870753,0,rollback,bench,24,24,0,8200,ok
31411,1789699298870753,0,rollback,bench,229,31,0,8200,ok
31418,1789699298872134,0,rollback,bench,163,21,0,8202,ok
31418,1789699298872135,0,rollback,bench,461,23,0,8202,ok
31424,1789699298874482,0,rollback,bench,534,33,0,8204,ok
31424,1789699298874483,0,rollback,bench,419,19,0,8204,ok
31430,1789699298876708,0,rollback,bench,313,24,0,8207,ok
31430,1789699298876709,0,rollback,bench,440,20,0,8207,ok
31433,1789699298877268,0,rollback,bench,986,21,0,8209,ok
31433,1789699298877269,0,rollback,bench,887,23,0,8209,ok
31446,1789699298884469,0,rollback,bench,743,29,0,8213,ok
31446,1789699298884470,0,rollback,bench,338,27,0,8213,ok
31454,1789699298887320,0,rollback,bench,928,25,0,8216,ok
31454,1789699298887321,0,rollback,bench,705,24,0,8216,ok
31456,1789699298887336,0,rollback,bench,68,30,0,8217,ok
31456,1789699298887337,0,rollback,bench,693,22,0,8217,ok
31456,1789699298887337,0,rollback,bench,373,26,0,8217,ok
31456,1789699298887337,0,rollback,bench,227,21,0,8217,ok
31460,1789699298887351,0,rollback,bench,447,24,0,8218,ok
31460,1789699298887352,0,rollback,bench,64,24,0,8218,ok
31460,1789699298887352,0,rollback,bench,658,17,0,8218,ok
31460,1789699298887352,0,rollback,bench,459,28,0,8218,ok
31460,1789699298887353,0,rollback,bench,622,32,0,8218,ok
31481,1789699298896321,0,rollback,bench,100,30,0,8224,ok
31494,1789699298902752,0,rollback,bench,743,29,0,8229,ok
31494,1789699298902753,0,rollback,bench,908,26,0,8229,ok
31496,1789699298902772,0,rollback,bench,798,21,0,8230,ok
31496,1789699298902773,0,rollback,bench,338,27,0,8230,ok
31496,1789699298902773,0,rollback,bench,130,31,0,8230,ok
31496,1789699298902773,0,rollback,bench,574,23,0,8230,ok
31496,1789699298902773,0,rollback,bench,29,15,0,8230,ok
31506,1789699298905386,0,rollback,bench,850,26,0,8232,ok
31506,1789699298905386,0,rollback,bench,282,26,0,8232,ok
31532,1789699298918282,0,rollback,bench,280,18,0,8239,ok
31532,1789699298918284,0,rollback,bench,16,23,0,8239,ok
31555,1789699298933849,0,rollback,bench,275,18,0,8247,ok
31563,1789699298937793,0,rollback,bench,543,27,0,8250,ok
31564,1789699298937807,0,rollback,bench,626,30,0,8251,ok
31564,1789699298937807,0,rollback,bench,915,27,0,8251,ok
31564,1789699298937807,0,rollback,bench,492,26,0,8251,ok
31578,1789699298944866,0,rollback,bench,768,31,0,8255,ok
31578,1789699298944867,0,rollback,bench,627,23,0,8255,ok
31578,1789699298944868,0,rollback,bench,91,24,0,8255,ok
31578,1789699298944868,0,rollback,bench,331,25,0,8255,ok
31578,1789699298944869,0,rollback,bench,350,21,0,8255,ok
31589,1789699298948617,0,rollback,bench,107,23,0,8258,ok
31589,1789699298948618,0,rollback,bench,781,33,0,8258,ok
31589,1789699298948619,0,rollback,bench,735,23,0,8258,ok
31589,1789699298948619,0,rollback,bench,766,20,0,8258,ok
31589,1789699298948619,0,rollback,bench,260,26,0,8258,ok
31618,1789699298962899,0,rollback,bench,401,25,0,8266,ok
31618,1789699298962900,0,rollback,bench,394,22,0,8266,ok
31618,1789699298962900,0,rollback,bench,230,34,0,8266,ok
31618,1789699298962901,0,rollback,bench,480,25,0,8266,ok
31618,1789699298962901,0,rollback,bench,237,28,0,8266,ok
31623,1789699298962905,0,rollback,bench,267,21,0,8267,ok
31623,1789699298962906,0,rollback,bench,790,21,0,8267,ok
31631,1789699298967312,0,rollback,bench,541,19,0,8271,ok
31631,1789699298967313,0,rollback,bench,772,34,0,8271,ok
31631,1789699298967313,0,rollback,bench,14,18,0,8271,ok
31631,1789699298967314,0,rollback,bench,13,32,0,8271,ok
31655,1789699298978785,0,rollback,bench,68,31,0,8279,ok
31655,1789699298978786,0,rollback,bench,251,37,0,8279,ok
31655,1789699298978786,0,rollback,bench,643,19,0,8279,ok
31655,1789699298978786,0,rollback,bench,177,31,0,8279,ok
31655,1789699298978787,0,rollback,bench,262,27,0,8279,ok
31671,1789699298990208,0,rollback,bench,606,28,0,8284,ok
31673,1789699298990915,0,rollback,bench,544,25,0,8286,ok
31682,1789699298995428,0,rollback,bench,75,19,0,8289,ok
31694,1789699299002563,0,rollback,bench,298,20,0,8294,ok
31694,1789699299002564,0,rollback,bench,664,24,0,8294,ok
31694,1789699299002564,0,rollback,bench,624,25,0,8294,ok
31697,1789699299002566,0,rollback,bench,15,28,0,8295,ok
31701,1789699299004153,0,rollback,bench,715,22,0,8297,ok
31701,1789699299004154,0,rollback,bench,647,20,0,8297,ok
31701,1789699299004154,0,rollback,bench,229,31,0,8297,ok
31712,1789699299008652,0,rollback,bench,396,30,0,8300,ok
31712,1789699299008653,0,rollback,bench,965,27,0,8300,ok
31738,1789699299021932,0,rollback,bench,423,27,0,8309,ok
31738,1789699299021932,0,rollback,bench,573,25,0,8309,ok
31738,1789699299021933,0,rollback,bench,78,23,0,8309,ok
31738,1789699299021933,0,rollback,bench,44,23,0,8309,ok
31766,1789699299034446,0,rollback,bench,443,28,0,8316,ok
31766,1789699299034447,0,rollback,bench,951,20,0,8316,ok
31766,1789699299034448,0,rollback,bench,734,33,0,8316,ok
31766,1789699299034448,0,rollback,bench,641,23,0,8316,ok
31766,1789699299034448,0,rollback,bench,66,32,0,8316,ok
31771,1789699299034457,0,rollback,bench,550,26,0,8317,ok
31771,1789699299034458,0,rollback,bench,403,27,0,8317,ok
31771,1789699299034458,0,rollback,bench,868,35,0,8317,ok
31803,1789699299050708,0,rollback,bench,921,22,0,8328,ok
31803,1789699299050709,0,rollback,bench,468,27,0,8328,ok
31814,1789699299056114,0,rollback,bench,933,25,0,8331,ok
31814,1789699299056115,0,rollback,bench,703,17,0,8331,ok
31827,1789699299061761,0,rollback,bench,370,26,0,8336,ok
31849,1789699299074830,0,rollback,bench,729,24,0,8345,ok
31849,1789699299074831,0,rollback,bench,372,18,0,8345,ok
31849,1789699299074832,0,rollback,bench,462,24,0,8345,ok
31849,1789699299074832,0,rollback,bench,0,18,0,8345,ok
31853,1789699299074839,0,rollback,bench,304,26,0,8346,ok
31853,1789699299074839,0,rollback,bench,683,24,0,8346,ok
31853,1789699299074840,0,rollback,bench,402,24,0,8346,ok
31868,1789699299082221,0,rollback,bench,591,21,0,8353,ok
31868,1789699299082222,0,rollback,bench,390,26,0,8353,ok
31868,1789699299082223,0,rollback,bench,750,32,0,8353,ok
31868,1789699299082223,0,rollback,bench,315,27,0,8353,ok
31868,1789699299082223,0,rollback,bench,270,28,0,8353,ok
31874,1789699299082702,0,rollback,bench,280,19,0,8355,ok
31874,1789699299082703,0,rollback,bench,194,29,0,8355,ok
31874,1789699299082703,0,rollback,bench,280,19,0,8355,ok
31905,1789699299097505,0,rollback,bench,704,24,0,8363,ok
31905,1789699299097506,0,rollback,bench,684,20,0,8363,ok
31914,1789699299101920,0,rollback,bench,683,24,0,8366,ok
31914,1789699299101921,0,rollback,bench,48,15,0,8366,ok
31914,1789699299101922,0,rollback,bench,964,20,0,8366,ok
31917,1789699299101933,0,rollback,bench,173,27,0,8367,ok
31917,1789699299101933,0,rollback,bench,96,24,0,8367,ok
31917,1789699299101934,0,rollback,bench,646,26,0,8367,ok
31924,1789699299104359,0,rollback,bench,517,31,0,8370,ok
31924,1789699299104360,0,rollback,bench,153,29,0,8370,ok
31924,1789699299104361,0,rollback,bench,177,31,0,8370,ok
31924,1789699299104361,0,rollback,bench,910,29,0,8370,ok
31924,1789699299104361,0,rollback,bench,169,36,0,8370,ok
31930,1789699299105016,0,rollback,bench,767,31,0,8372,ok
31930,1789699299105017,0,rollback,bench,510,20,0,8372,ok
31960,1789699299121631,0,rollback,bench,69,23,0,8383,ok
31961,1789699299121659,0,rollback,bench,514,29,0,8384,ok
31961,1789699299121660,0,rollback,bench,883,25,0,8384,ok
31961,1789699299121660,0,rollback,bench,594,31,0,8384,ok
31961,1789699299121661,0,rollback,bench,111,15,0,8384,ok
31961,1789699299121661,0,rollback,bench,503,27,0,8384,ok
31966,1789699299121672,0,rollback,bench,183,28,0,8385,ok
31966,1789699299121672,0,rollback,bench,189,24,0,8385,ok
31966,1789699299121672,0,rollback,bench,934,28,0,8385,ok
31966,1789699299121673,0,rollback,bench,320,26,0,8385,ok
31988,1789699299132210,0,rollback,bench,526,19,0,8391,ok
31988,1789699299132211,0,rollback,bench,540,17,0,8391,ok
31998,1789699299136453,0,rollback,bench,338,27,0,8394,ok
31998,1789699299136454,0,rollback,bench,885,23,0,8394,ok
32004,1789699299138348,0,rollback,bench,780,23,0,8396,ok
32007,1789699299140029,0,rollback,bench,604,25,0,8398,ok
32007,1789699299140030,0,rollback,bench,130,31,0,8398,ok
32007,1789699299140030,0,rollback,bench,204,28,0,8398,ok
32011,1789699299140540,0,rollback,bench,674,27,0,8400,ok
32012,1789699299140544,0,rollback,bench,841,23,0,8401,ok
32015,1789699299141624,0,rollback,bench,282,26,0,8403,ok
32015,1789699299141625,0,rollback,bench,847,24,0,8403,ok
32017,1789699299141646,0,rollback,bench,455,22,0,8404,ok
32017,1789699299141647,0,rollback,bench,460,31,0,8404,ok
32017,1789699299141647,0,rollback,bench,602,26,0,8404,ok
32017,1789699299141648,0,rollback,bench,484,25,0,8404,ok
32021,1789699299141652,0,rollback,bench,249,19,0,8405,ok
32021,1789699299141652,0,rollback,bench,129,30,0,8405,ok
32023,1789699299141654,0,rollback,bench,652,43,0,8406,ok
32024,1789699299141664,0,rollback,bench,746,31,0,8407,ok
32024,1789699299141665,0,rollback,bench,931,21,0,8407,ok
32024,1789699299141665,0,rollback,bench,771,31,0,8407,ok
32024,1789699299141665,0,rollback,bench,973,34,0,8407,ok
32040,1789699299147542,0,rollback,bench,776,22,0,8411,ok
32040,1789699299147543,0,rollback,bench,564,28,0,8411,ok
32040,1789699299147544,0,rollback,bench,428,35,0,8411,ok
32040,1789699299147544,0,rollback,bench,542,28,0,8411,ok
32040,1789699299147545,0,rollback,bench,616,27,0,8411,ok
32062,1789699299157513,0,rollback,bench,700,24,0,8418,ok
32062,1789699299157514,0,rollback,bench,459,28,0,8418,ok
32062,1789699299157514,0,rollback,bench,60,30,0,8418,ok
32072,1789699299161256,0,rollback,bench,22,15,0,8421,ok
32072,1789699299161257,0,rollback,bench,306,16,0,8421,ok
32087,1789699299168297,0,rollback,bench,488,32,0,8426,ok
32087,1789699299168298,0,rollback,bench,194,29,0,8426,ok
32087,1789699299168299,0,rollback,bench,940,17,0,8426,ok
32087,1789699299168299,0,rollback,bench,530,23,0,8426,ok
32087,1789699299168299,0,rollback,bench,651,31,0,8426,ok
32122,1789699299183937,0,rollback,bench,750,32,0,8435,ok
32122,1789699299183938,0,rollback,bench,609,21,0,8435,ok
32122,1789699299183939,0,rollback,bench,256,29,0,8435,ok
32122,1789699299183939,0,rollback,bench,562,29,0,8435,ok
32126,1789699299183947,0,rollback,bench,614,27,0,8436,ok
32126,1789699299183947,0,rollback,bench,374,27,0,8436,ok
32126,1789699299183947,0,rollback,bench,790,21,0,8436,ok
32140,1789699299189942,0,rollback,bench,836,20,0,8440,ok
32140,1789699299189943,0,rollback,bench,10,21,0,8440,ok
32140,1789699299189943,0,rollback,bench,643,19,0,8440,ok
32140,1789699299189944,0,rollback,bench,957,26,0,8440,ok
32160,1789699299197905,0,rollback,bench,773,23,0,8446,ok
32160,1789699299197906,0,rollback,bench,340,27,0,8446,ok
32160,1789699299197907,0,rollback,bench,883,25,0,8446,ok
32164,1789699299198363,0,rollback,bench,235,27,0,8448,ok
32164,1789699299198364,0,rollback,bench,85,26,0,8448,ok
32164,1789699299198364,0,rollback,bench,200,30,0,8448,ok
32164,1789699299198364,0,rollback,bench,718,39,0,8448,ok
32164,1789699299198365,0,rollback,bench,629,21,0,8448,ok
32169,1789699299198367,0,rollback,bench,135,22,0,8449,ok
32171,1789699299198820,0,rollback,bench,983,27,0,8451,ok
32171,1789699299198821,0,rollback,bench,110,20,0,8451,ok
32171,1789699299198821,0,rollback,bench,671,25,0,8451,ok
32174,1789699299198829,0,rollback,bench,408,28,0,8452,ok
32174,1789699299198829,0,rollback,bench,985,29,0,8452,ok
32174,1789699299198830,0,rollback,bench,739,26,0,8452,ok
32196,1789699299208957,0,rollback,bench,970,22,0,8460,ok
32196,1789699299208958,0,rollback,bench,616,28,0,8460,ok
32196,1789699299208959,0,rollback,bench,801,29,0,8460,ok
32196,1789699299208959,0,rollback,bench,550,26,0,8460,ok
32196,1789699299208959,0,rollback,bench,162,24,0,8460,ok
32201,1789699299208970,0,rollback,bench,13,32,0,8461,ok
32201,1789699299208970,0,rollback,bench,959,30,0,8461,ok
32201,1789699299208971,0,rollback,bench,501,25,0,8461,ok
32201,1789699299208971,0,rollback,bench,128,20,0,8461,ok
32231,1789699299222233,0,rollback,bench,200,30,0,8472,ok
32231,1789699299222233,0,rollback,bench,48,15,0,8472,ok
32231,1789699299222234,0,rollback,bench,988,24,0,8472,ok
32231,1789699299222234,0,rollback,bench,692,29,0,8472,ok
32231,1789699299222235,0,rollback,bench,796,24,0,8472,ok
32241,1789699299224431,0,rollback,bench,6,23,0,8474,ok
32242,1789699299224436,0,rollback,bench,444,25,0,8475,ok
32242,1789699299224437,0,rollback,bench,27,29,0,8475,ok
32282,1789699299243618,0,rollback,bench,333,24,0,8488,ok
32282,1789699299243620,0,rollback,bench,261,22,0,8488,ok
32282,1789699299243620,0,rollback,bench,600,22,0,8488,ok
32282,1789699299243620,0,rollback,bench,562,29,0,8488,ok
32282,1789699299243621,0,rollback,bench,767,31,0,8488,ok
32295,1789699299247513,0,rollback,bench,799,28,0,8491,ok
32295,1789699299247514,0,rollback,bench,85,26,0,8491,ok
32295,1789699299247515,0,rollback,bench,976,20,0,8491,ok
32307,1789699299251432,0,rollback,bench,317,28,0,8495,ok
32315,1789699299254868,0,rollback,bench,985,29,0,8498,ok
32315,1789699299254869,0,rollback,bench,190,24,0,8498,ok
32315,1789699299254869,0,rollback,bench,55,24,0,8498,ok
32320,1789699299255790,0,rollback,bench,592,22,0,8500,ok
32320,1789699299255790,0,rollback,bench,63,34,0,8500,ok
32320,1789699299255791,0,rollback,bench,988,24,0,8500,ok
32320,1789699299255791,0,rollback,bench,598,24,0,8500,ok
32343,1789699299265551,0,rollback,bench,24,25,0,8507,ok
32343,1789699299265552,0,rollback,bench,908,28,0,8507,ok
32343,1789699299265553,0,rollback,bench,741,17,0,8507,ok
32343,1789699299265553,0,rollback,bench,331,26,0,8507,ok
32376,1789699299281024,0,rollback,bench,595,27,0,8519,ok
32429,1789699299335126,0,rollback,bench,647,21,0,8540,ok
32429,1789699299335127,0,rollback,bench,700,24,0,8540,ok
32429,1789699299335128,0,rollback,bench,197,28,0,8540,ok
32429,1789699299335128,0,rollback,bench,627,23,0,8540,ok
32433,1789699299335139,0,rollback,bench,608,23,0,8541,ok
32433,1789699299335139,0,rollback,bench,551,24,0,8541,ok
32433,1789699299335140,0,rollback,bench,981,21,0,8541,ok
32433,1789699299335140,0,rollback,bench,579,19,0,8541,ok
32442,1789699299338001,0,rollback,bench,302,25,0,8543,ok
32444,1789699299338706,0,rollback,bench,217,25,0,8545,ok
32444,1789699299338707,0,rollback,bench,138,23,0,8545,ok
32444,1789699299338707,0,rollback,bench,137,31,0,8545,ok
32444,1789699299338708,0,rollback,bench,291,20,0,8545,ok
32461,1789699299346911,0,rollback,bench,649,30,0,8549,ok
32477,1789699299356359,0,rollback,bench,202,23,0,8555,ok
32477,1789699299356360,0,rollback,bench,588,18,0,8555,ok
32477,1789699299356361,0,rollback,bench,541,20,0,8555,ok
32486,1789699299360616,0,rollback,bench,363,24,0,8559,ok
32486,1789699299360617,0,rollback,bench,419,19,0,8559,ok
32486,1789699299360617,0,rollback,bench,188,25,0,8559,ok
32489,1789699299360630,0,rollback,bench,106,25,0,8560,ok
32489,1789699299360631,0,rollback,bench,731,20,0,8560,ok
32489,1789699299360631,0,rollback,bench,17,22,0,8560,ok
32489,1789699299360631,0,rollback,bench,364,24,0,8560,ok
32496,1789699299362522,0,rollback,bench,309,15,0,8562,ok
32496,1789699299362523,0,rollback,bench,947,20,0,8562,ok
32496,1789699299362523,0,rollback,bench,473,21,0,8562,ok
32496,1789699299362524,0,rollback,bench,766,20,0,8562,ok
32503,1789699299364421,0,rollback,bench,862,30,0,8564,ok
32503,1789699299364421,0,rollback,bench,12,24,0,8564,ok
32503,1789699299364422,0,rollback,bench,271,22,0,8564,ok
32503,1789699299364422,0,rollback,bench,216,31,0,8564,ok
32503,1789699299364423,0,rollback,bench,472,32,0,8564,ok
32508,1789699299364433,0,rollback,bench,792,26,0,8565,ok
32508,1789699299364433,0,rollback,bench,427,25,0,8565,ok
32508,1789699299364433,0,rollback,bench,318,25,0,8565,ok
32520,1789699299369890,0,rollback,bench,151,37,0,8570,ok
32526,1789699299372812,0,rollback,bench,938,21,0,8572,ok
32526,1789699299372813,0,rollback,bench,354,24,0,8572,ok
32526,1789699299372813,0,rollback,bench,726,24,0,8572,ok
32526,1789699299372814,0,rollback,bench,805,32,0,8572,ok
32535,1789699299375932,0,rollback,bench,413,31,0,8576,ok
32535,1789699299375933,0,rollback,bench,815,29,0,8576,ok
32535,1789699299375933,0,rollback,bench,408,28,0,8576,ok
32553,1789699299386218,0,rollback,bench,555,35,0,8584,ok
32553,1789699299386219,0,rollback,bench,820,16,0,8584,ok
32553,1789699299386219,0,rollback,bench,652,44,0,8584,ok
32559,1789699299388715,0,rollback,bench,911,25,0,8587,ok
32559,1789699299388716,0,rollback,bench,531,26,0,8587,ok
32559,1789699299388716,0,rollback,bench,407,33,0,8587,ok
32559,1789699299388717,0,rollback,bench,868,37,0,8587,ok
32563,1789699299388732,0,rollback,bench,542,28,0,8588,ok
32563,1789699299388732,0,rollback,bench,101,26,0,8588,ok
32563,1789699299388733,0,rollback,bench,891,28,0,8588,ok
32563,1789699299388733,0,rollback,bench,989,30,0,8588,ok
32563,1789699299388733,0,rollback,bench,123,26,0,8588,ok
32585,1789699299399464,0,rollback,bench,337,23,0,8594,ok
32585,1789699299399465,0,rollback,bench,661,23,0,8594,ok
32585,1789699299399466,0,rollback,bench,737,30,0,8594,ok
32585,1789699299399466,0,rollback,bench,232,30,0,8594,ok
32594,1789699299402394,0,rollback,bench,762,21,0,8597,ok
32594,1789699299402395,0,rollback,bench,968,35,0,8597,ok
32594,1789699299402396,0,rollback,bench,400,23,0,8597,ok
32594,1789699299402396,0,rollback,bench,497,30,0,8597,ok
32611,1789699299410359,0,rollback,bench,270,28,0,8602,ok
32611,1789699299410361,0,rollback,bench,509,25,0,8602,ok
32611,1789699299410362,0,rollback,bench,516,22,0,8602,ok
32611,1789699299410362,0,rollback,bench,960,23,0,8602,ok
32611,1789699299410363,0,rollback,bench,951,21,0,8602,ok
32637,1789699299425632,0,rollback,bench,318,25,0,8610,ok
32637,1789699299425633,0,rollback,bench,383,31,0,8610,ok
32637,1789699299425634,0,rollback,bench,439,33,0,8610,ok
32637,1789699299425634,0,rollback,bench,704,24,0,8610,ok
32641,1789699299425646,0,rollback,bench,806,32,0,8611,ok
32641,1789699299425646,0,rollback,bench,742,26,0,8611,ok
32641,1789699299425647,0,rollback,bench,261,22,0,8611,ok
32654,1789699299432321,0,rollback,bench,892,20,0,8616,ok
32654,1789699299432323,0,rollback,bench,959,31,0,8616,ok
32654,1789699299432324,0,rollback,bench,79,27,0,8616,ok
32654,1789699299432324,0,rollback,bench,687,23,0,8616,ok
32654,1789699299432324,0,rollback,bench,557,30,0,8616,ok
32661,1789699299433444,0,rollback,bench,325,27,0,8618,ok
32661,1789699299433445,0,rollback,bench,161,22,0,8618,ok
32668,1789699299436912,0,rollback,bench,38,27,0,8621,ok
32668,1789699299436913,0,rollback,bench,852,37,0,8621,ok
32668,1789699299436913,0,rollback,bench,13,32,0,8621,ok
32711,1789699299466307,0,rollback,bench,221,33,0,8632,ok
32711,1789699299466308,0,rollback,bench,661,23,0,8632,ok
32711,1789699299466309,0,rollback,bench,654,31,0,8632,ok
32711,1789699299466309,0,rollback,bench,716,33,0,8632,ok
32720,1789699299470329,0,rollback,bench,431,39,0,8634,ok
32720,1789699299470330,0,rollback,bench,264,19,0,8634,ok
32720,1789699299470331,0,rollback,bench,758,20,0,8634,ok
32720,1789699299470331,0,rollback,bench,783,24,0,8634,ok
32720,1789699299470331,0,rollback,bench,13,32,0,8634,ok
32737,1789699299478379,0,rollback,bench,902,31,0,8638,ok
32741,1789699299480467,0,rollback,bench,413,31,0,8640,ok
32741,1789699299480468,0,rollback,bench,827,25,0,8640,ok
32741,1789699299480468,0,rollback,bench,24,25,0,8640,ok
32741,1789699299480469,0,rollback,bench,969,34,0,8640,ok
32741,1789699299480469,0,rollback,bench,785,29,0,8640,ok
32751,1789699299483925,0,rollback,bench,254,29,0,8642,ok
32751,1789699299483926,0,rollback,bench,217,25,0,8642,ok
32751,1789699299483926,0,rollback,bench,106,25,0,8642,ok
32751,1789699299483927,0,rollback,bench,291,20,0,8642,ok
32751,1789699299483927,0,rollback,bench,394,22,0,8642,ok
32771,1789699299494348,0,rollback,bench,973,34,0,8648,ok
32771,1789699299494349,0,rollback,bench,62,27,0,8648,ok
32771,1789699299494350,0,rollback,bench,719,24,0,8648,ok
32771,1789699299494350,0,rollback,bench,830,28,0,8648,ok
32775,1789699299494355,0,rollback,bench,303,22,0,8649,ok
32775,1789699299494355,0,rollback,bench,537,25,0,8649,ok
32784,1789699299499242,0,rollback,bench,549,24,0,8652,ok
32784,1789699299499243,0,rollback,bench,501,25,0,8652,ok
32826,1789699299526205,0,rollback,bench,935,23,0,8665,ok
32826,1789699299526206,0,rollback,bench,731,20,0,8665,ok
32826,1789699299526206,0,rollback,bench,778,20,0,8665,ok
32826,1789699299526207,0,rollback,bench,971,20,0,8665,ok
32836,1789699299529937,0,rollback,bench,690,30,0,8668,ok
32836,1789699299529939,0,rollback,bench,951,22,0,8668,ok
32836,1789699299529939,0,rollback,bench,941,28,0,8668,ok
32836,1789699299529940,0,rollback,bench,181,31,0,8668,ok
32836,1789699299529940,0,rollback,bench,749,30,0,8668,ok
32841,1789699299529945,0,rollback,bench,431,39,0,8669,ok
32841,1789699299529945,0,rollback,bench,804,22,0,8669,ok
32864,1789699299542775,0,rollback,bench,104,31,0,8675,ok
32880,1789699299553129,0,rollback,bench,363,25,0,8681,ok
32880,1789699299553130,0,rollback,bench,279,28,0,8681,ok
32882,1789699299553155,0,rollback,bench,906,25,0,8682,ok
32882,1789699299553156,0,rollback,bench,175,35,0,8682,ok
32882,1789699299553156,0,rollback,bench,990,28,0,8682,ok
32882,1789699299553156,0,rollback,bench,483,31,0,8682,ok
32882,1789699299553157,0,rollback,bench,384,33,0,8682,ok
32921,1789699299573301,0,rollback,bench,751,25,0,8695,ok
32925,1789699299575184,0,rollback,bench,641,23,0,8697,ok
32925,1789699299575186,0,rollback,bench,533,33,0,8697,ok
32929,1789699299576446,0,rollback,bench,954,35,0,8699,ok
32929,1789699299576447,0,rollback,bench,733,25,0,8699,ok
32929,1789699299576447,0,rollback,bench,955,30,0,8699,ok
32929,1789699299576448,0,rollback,bench,865,31,0,8699,ok
32933,1789699299576452,0,rollback,bench,890,31,0,8700,ok
32933,1789699299576452,0,rollback,bench,864,25,0,8700,ok
32953,1789699299589466,0,rollback,bench,907,23,0,8707,ok
32953,1789699299589468,0,rollback,bench,181,31,0,8707,ok
32953,1789699299589468,0,rollback,bench,133,26,0,8707,ok
32953,1789699299589469,0,rollback,bench,307,37,0,8707,ok
32953,1789699299589469,0,rollback,bench,890,31,0,8707,ok
32967,1789699299596403,0,rollback,bench,970,22,0,8712,ok
32967,1789699299596405,0,rollback,bench,194,31,0,8712,ok
32967,1789699299596405,0,rollback,bench,438,26,0,8712,ok
32967,1789699299596406,0,rollback,bench,442,27,0,8712,ok
32967,1789699299596406,0,rollback,bench,609,22,0,8712,ok
32982,1789699299602931,0,rollback,bench,789,28,0,8715,ok
32982,1789699299602932,0,rollback,bench,482,36,0,8715,ok
32982,1789699299602933,0,rollback,bench,701,33,0,8715,ok
32982,1789699299602933,0,rollback,bench,19,24,0,8715,ok
32982,1789699299602934,0,rollback,bench,128,20,0,8715,ok
32999,1789699299610671,0,rollback,bench,379,28,0,8719,ok
32999,1789699299610672,0,rollback,bench,913,23,0,8719,ok
32999,1789699299610673,0,rollback,bench,63,34,0,8719,ok
33004,1789699299611934,0,rollback,bench,344,27,0,8721,ok
33004,1789699299611935,0,rollback,bench,897,19,0,8721,ok
33004,1789699299611935,0,rollback,bench,865,31,0,8721,ok
33004,1789699299611935,0,rollback,bench,173,27,0,8721,ok
33020,1789699299619818,0,rollback,bench,199,18,0,8726,ok
33020,1789699299619820,0,rollback,bench,355,20,0,8726,ok
33020,1789699299619820,0,rollback,bench,280,20,0,8726,ok
33020,1789699299619821,0,rollback,bench,806,32,0,8726,ok
33032,1789699299625874,0,rollback,bench,783,24,0,8729,ok
33032,1789699299625876,0,rollback,bench,822,23,0,8729,ok
33032,1789699299625876,0,rollback,bench,84,27,0,8729,ok
33032,1789699299625877,0,rollback,bench,543,29,0,8729,ok
33059,1789699299641936,0,rollback,bench,815,30,0,8736,ok
33072,1789699299650111,0,rollback,bench,899,32,0,8740,ok
33072,1789699299650113,0,rollback,bench,2,30,0,8740,ok
33072,1789699299650113,0,rollback,bench,69,24,0,8740,ok
33072,1789699299650114,0,rollback,bench,371,28,0,8740,ok
33093,1789699299661253,0,rollback,bench,863,25,0,8746,ok
33106,1789699299668977,0,rollback,bench,199,18,0,8751,ok
33106,1789699299668978,0,rollback,bench,389,19,0,8751,ok
33106,1789699299668979,0,rollback,bench,487,23,0,8751,ok
33106,1789699299668979,0,rollback,bench,940,17,0,8751,ok
33130,1789699299682893,0,rollback,bench,990,29,0,8758,ok
33130,1789699299682894,0,rollback,bench,406,36,0,8758,ok
33130,1789699299682895,0,rollback,bench,32,26,0,8758,ok
33130,1789699299682895,0,rollback,bench,759,25,0,8758,ok
33130,1789699299682896,0,rollback,bench,954,35,0,8758,ok
33136,1789699299683397,0,rollback,bench,341,25,0,8760,ok
33136,1789699299683398,0,rollback,bench,864,25,0,8760,ok
33168,1789699299708556,0,rollback,bench,606,28,0,8769,ok
33168,1789699299708557,0,rollback,bench,367,17,0,8769,ok
33168,1789699299708558,0,rollback,bench,721,21,0,8769,ok
33179,1789699299713971,0,rollback,bench,626,30,0,8773,ok
33179,1789699299713973,0,rollback,bench,544,25,0,8773,ok
33181,1789699299713975,0,rollback,bench,594,31,0,8774,ok
33182,1789699299713996,0,rollback,bench,559,31,0,8775,ok
33182,1789699299713997,0,rollback,bench,302,25,0,8775,ok
33182,1789699299713997,0,rollback,bench,503,29,0,8775,ok
33190,1789699299717624,0,rollback,bench,433,24,0,8777,ok
33190,1789699299717625,0,rollback,bench,608,23,0,8777,ok
33190,1789699299717626,0,rollback,bench,481,25,0,8777,ok
33198,1789699299720504,0,rollback,bench,533,33,0,8781,ok
33198,1789699299720505,0,rollback,bench,931,24,0,8781,ok
33203,1789699299721973,0,rollback,bench,562,29,0,8783,ok
33230,1789699299737167,0,rollback,bench,127,28,0,8792,ok
33238,1789699299741697,0,rollback,bench,31,32,0,8795,ok
33238,1789699299741698,0,rollback,bench,338,28,0,8795,ok
33240,1789699299741703,0,rollback,bench,430,25,0,8796,ok
33240,1789699299741703,0,rollback,bench,846,28,0,8796,ok
33242,1789699299741727,0,rollback,bench,830,28,0,8797,ok
33242,1789699299741728,0,rollback,bench,807,30,0,8797,ok
33242,1789699299741728,0,rollback,bench,517,31,0,8797,ok
33242,1789699299741728,0,rollback,bench,851,21,0,8797,ok
33250,1789699299744167,0,rollback,bench,401,28,0,8800,ok
33250,1789699299744168,0,rollback,bench,690,30,0,8800,ok
33264,1789699299751793,0,rollback,bench,672,35,0,8804,ok
33264,1789699299751794,0,rollback,bench,750,32,0,8804,ok
33264,1789699299751794,0,rollback,bench,12,26,0,8804,ok
33264,1789699299751795,0,rollback,bench,26,21,0,8804,ok
33270,1789699299752717,0,rollback,bench,84,27,0,8806,ok
33270,1789699299752718,0,rollback,bench,223,25,0,8806,ok
33277,1789699299755235,0,rollback,bench,953,33,0,8808,ok
33277,1789699299755235,0,rollback,bench,289,26,0,8808,ok
33279,1789699299755239,0,rollback,bench,611,29,0,8809,ok
33279,1789699299755240,0,rollback,bench,136,25,0,8809,ok
33302,1789699299766711,0,rollback,bench,838,24,0,8815,ok
33310,1789699299770748,0,rollback,bench,121,36,0,8820,ok
33310,1789699299770749,0,rollback,bench,80,29,0,8820,ok
33310,1789699299770750,0,rollback,bench,401,28,0,8820,ok
33310,1789699299770750,0,rollback,bench,25,28,0,8820,ok
33316,1789699299771791,0,rollback,bench,829,31,0,8822,ok
33316,1789699299771792,0,rollback,bench,316,27,0,8822,ok
33316,1789699299771792,0,rollback,bench,623,26,0,8822,ok
33316,1789699299771792,0,rollback,bench,530,24,0,8822,ok
33320,1789699299771804,0,rollback,bench,755,36,0,8823,ok
33320,1789699299771804,0,rollback,bench,525,20,0,8823,ok
33320,1789699299771805,0,rollback,bench,181,32,0,8823,ok
33320,1789699299771805,0,rollback,bench,919,19,0,8823,ok
33324,1789699299771809,0,rollback,bench,780,25,0,8824,ok
33324,1789699299771809,0,rollback,bench,959,31,0,8824,ok
33329,1789699299773620,0,rollback,bench,394,22,0,8826,ok
33329,1789699299773621,0,rollback,bench,795,27,0,8826,ok
33329,1789699299773622,0,rollback,bench,700,24,0,8826,ok
33329,1789699299773622,0,rollback,bench,619,27,0,8826,ok
33344,1789699299779255,0,rollback,bench,899,33,0,8833,ok
33345,1789699299779257,0,rollback,bench,895,22,0,8834,ok
33357,1789699299785402,0,rollback,bench,498,23,0,8840,ok
33360,1789699299786550,0,rollback,bench,902,32,0,8842,ok
33360,1789699299786550,0,rollback,bench,342,25,0,8842,ok
33360,1789699299786551,0,rollback,bench,514,30,0,8842,ok
33360,1789699299786551,0,rollback,bench,763,29,0,8842,ok
33360,1789699299786551,0,rollback,bench,592,24,0,8842,ok
33368,1789699299789126,0,rollback,bench,447,25,0,8844,ok
33368,1789699299789127,0,rollback,bench,633,27,0,8844,ok
33368,1789699299789128,0,rollback,bench,684,20,0,8844,ok
33368,1789699299789128,0,rollback,bench,98,34,0,8844,ok
33368,1789699299789128,0,rollback,bench,576,27,0,8844,ok
33373,1789699299789138,0,rollback,bench,589,29,0,8845,ok
33373,1789699299789139,0,rollback,bench,714,25,0,8845,ok
33373,1789699299789139,0,rollback,bench,80,29,0,8845,ok
33373,1789699299789139,0,rollback,bench,621,31,0,8845,ok
33381,1789699299791169,0,rollback,bench,768,31,0,8847,ok
33381,1789699299791170,0,rollback,bench,709,31,0,8847,ok
33386,1789699299793457,0,rollback,bench,83,38,0,8849,ok
33386,1789699299793458,0,rollback,bench,706,30,0,8849,ok
33386,1789699299793458,0,rollback,bench,680,33,0,8849,ok
33417,1789699299810060,0,rollback,bench,380,33,0,8860,ok
33417,1789699299810061,0,rollback,bench,883,26,0,8860,ok
33417,1789699299810062,0,rollback,bench,683,25,0,8860,ok
33425,1789699299812733,0,rollback,bench,914,24,0,8863,ok
33427,1789699299813270,0,rollback,bench,758,20,0,8865,ok
33428,1789699299813273,0,rollback,bench,440,21,0,8866,ok
33441,1789699299820119,0,rollback,bench,761,31,0,8870,ok
33441,1789699299820120,0,rollback,bench,717,32,0,8870,ok
33441,1789699299820121,0,rollback,bench,348,35,0,8870,ok
33441,1789699299820121,0,rollback,bench,250,23,0,8870,ok
33441,1789699299820122,0,rollback,bench,812,29,0,8870,ok
33454,1789699299826800,0,rollback,bench,51,31,0,8873,ok
33461,1789699299832710,0,rollback,bench,582,26,0,8876,ok
33471,1789699299839048,0,rollback,bench,705,25,0,8880,ok
33471,1789699299839049,0,rollback,bench,373,27,0,8880,ok
33471,1789699299839050,0,rollback,bench,747,20,0,8880,ok
33471,1789699299839050,0,rollback,bench,680,33,0,8880,ok
33477,1789699299840930,0,rollback,bench,178,22,0,8882,ok
33477,1789699299840931,0,rollback,bench,94,19,0,8882,ok
33477,1789699299840932,0,rollback,bench,417,27,0,8882,ok
33480,1789699299840951,0,rollback,bench,816,29,0,8883,ok
33480,1789699299840951,0,rollback,bench,329,19,0,8883,ok
33480,1789699299840951,0,rollback,bench,776,22,0,8883,ok
33516,1789699299862096,0,rollback,bench,274,27,0,8895,ok
33516,1789699299862098,0,rollback,bench,501,27,0,8895,ok
33516,1789699299862098,0,rollback,bench,114,28,0,8895,ok
33551,1789699299882806,0,rollback,bench,353,27,0,8905,ok
33557,1789699299885900,0,rollback,bench,973,35,0,8907,ok
33557,1789699299885901,0,rollback,bench,111,16,0,8907,ok
33569,1789699299893060,0,rollback,bench,32,27,0,8911,ok
33570,1789699299893079,0,rollback,bench,341,25,0,8912,ok
33570,1789699299893079,0,rollback,bench,183,31,0,8912,ok
33570,1789699299893080,0,rollback,bench,586,26,0,8912,ok
33570,1789699299893080,0,rollback,bench,231,22,0,8912,ok
33574,1789699299893084,0,rollback,bench,308,27,0,8913,ok
33574,1789699299893085,0,rollback,bench,477,21,0,8913,ok
33583,1789699299897607,0,rollback,bench,121,36,0,8916,ok
33583,1789699299897608,0,rollback,bench,144,28,0,8916,ok
33583,1789699299897608,0,rollback,bench,564,32,0,8916,ok
33583,1789699299897608,0,rollback,bench,972,31,0,8916,ok
33587,1789699299897624,0,rollback,bench,158,23,0,8917,ok
33587,1789699299897624,0,rollback,bench,788,28,0,8917,ok
33587,1789699299897625,0,rollback,bench,921,24,0,8917,ok
33587,1789699299897625,0,rollback,bench,792,26,0,8917,ok
33587,1789699299897625,0,rollback,bench,983,27,0,8917,ok
33592,1789699299897634,0,rollback,bench,920,15,0,8918,ok
33592,1789699299897634,0,rollback,bench,629,21,0,8918,ok
33592,1789699299897634,0,rollback,bench,524,23,0,8918,ok
33618,1789699299911549,0,rollback,bench,525,20,0,8929,ok
33618,1789699299911550,0,rollback,bench,704,26,0,8929,ok
33618,1789699299911550,0,rollback,bench,716,34,0,8929,ok
33621,1789699299911553,0,rollback,bench,468,28,0,8930,ok
33632,1789699299917194,0,rollback,bench,487,25,0,8934,ok
33632,1789699299917195,0,rollback,bench,383,32,0,8934,ok
33632,1789699299917195,0,rollback,bench,668,27,0,8934,ok
33632,1789699299917195,0,rollback,bench,36,25,0,8934,ok
33643,1789699299921623,0,rollback,bench,69,25,0,8938,ok
33643,1789699299921624,0,rollback,bench,876,23,0,8938,ok
33643,1789699299921624,0,rollback,bench,450,30,0,8938,ok
33643,1789699299921624,0,rollback,bench,201,28,0,8938,ok
33655,1789699299925990,0,rollback,bench,549,25,0,8941,ok
33655,1789699299925991,0,rollback,bench,44,23,0,8941,ok
33655,1789699299925991,0,rollback,bench,670,32,0,8941,ok
33655,1789699299925992,0,rollback,bench,101,28,0,8941,ok
33663,1789699299928222,0,rollback,bench,780,25,0,8943,ok
33666,1789699299929254,0,rollback,bench,928,27,0,8946,ok
33666,1789699299929255,0,rollback,bench,128,20,0,8946,ok
33666,1789699299929256,0,rollback,bench,877,28,0,8946,ok
33666,1789699299929256,0,rollback,bench,142,26,0,8946,ok
33666,1789699299929256,0,rollback,bench,890,32,0,8946,ok
33676,1789699299932017,0,rollback,bench,47,24,0,8948,ok
33676,1789699299932018,0,rollback,bench,488,33,0,8948,ok
33691,1789699299939565,0,rollback,bench,496,34,0,8956,ok
33695,1789699299941157,0,rollback,bench,814,24,0,8958,ok
33706,1789699299946304,0,rollback,bench,53,24,0,8962,ok
33706,1789699299946305,0,rollback,bench,126,26,0,8962,ok
33706,1789699299946306,0,rollback,bench,154,27,0,8962,ok
33706,1789699299946306,0,rollback,bench,447,25,0,8962,ok
33706,1789699299946307,0,rollback,bench,272,23,0,8962,ok
33722,1789699299953047,0,rollback,bench,447,25,0,8966,ok
33722,1789699299953048,0,rollback,bench,957,31,0,8966,ok
33722,1789699299953049,0,rollback,bench,828,24,0,8966,ok
33722,1789699299953049,0,rollback,bench,976,20,0,8966,ok
33729,1789699299954847,0,rollback,bench,839,23,0,8969,ok
33729,1789699299954848,0,rollback,bench,722,27,0,8969,ok
33729,1789699299954849,0,rollback,bench,728,37,0,8969,ok
33729,1789699299954849,0,rollback,bench,675,27,0,8969,ok
33729,1789699299954849,0,rollback,bench,742,28,0,8969,ok
33740,1789699299958774,0,rollback,bench,63,34,0,8973,ok
33740,1789699299958775,0,rollback,bench,305,27,0,8973,ok
33740,1789699299958776,0,rollback,bench,551,25,0,8973,ok
33740,1789699299958776,0,rollback,bench,182,25,0,8973,ok
33744,1789699299958786,0,rollback,bench,524,23,0,8974,ok
33744,1789699299958786,0,rollback,bench,675,27,0,8974,ok
33744,1789699299958786,0,rollback,bench,643,19,0,8974,ok
33744,1789699299958787,0,rollback,bench,714,26,0,8974,ok
33764,1789699299968788,0,rollback,bench,785,29,0,8981,ok
33764,1789699299968789,0,rollback,bench,66,33,0,8981,ok
33764,1789699299968790,0,rollback,bench,377,25,0,8981,ok
33764,1789699299968790,0,rollback,bench,170,33,0,8981,ok
33764,1789699299968791,0,rollback,bench,21,25,0,8981,ok
33772,1789699299970468,0,rollback,bench,404,24,0,8983,ok
33772,1789699299970469,0,rollback,bench,727,31,0,8983,ok
33784,1789699299976350,0,rollback,bench,214,33,0,8989,ok
33784,1789699299976351,0,rollback,bench,787,23,0,8989,ok
33784,1789699299976351,0,rollback,bench,457,28,0,8989,ok
33784,1789699299976352,0,rollback,bench,603,26,0,8989,ok
33784,1789699299976352,0,rollback,bench,437,21,0,8989,ok
33789,1789699299976366,0,rollback,bench,342,26,0,8990,ok
33789,1789699299976366,0,rollback,bench,274,27,0,8990,ok
33789,1789699299976367,0,rollback,bench,143,22,0,8990,ok
33789,1789699299976367,0,rollback,bench,157,29,0,8990,ok
33789,1789699299976367,0,rollback,bench,28,30,0,8990,ok
33794,1789699299976372,0,rollback,bench,389,19,0,8991,ok
33794,1789699299976372,0,rollback,bench,494,27,0,8991,ok
33798,1789699299977635,0,rollback,bench,876,23,0,8993,ok
33798,1789699299977636,0,rollback,bench,647,23,0,8993,ok
33798,1789699299977636,0,rollback,bench,269,24,0,8993,ok
33827,1789699299993632,0,rollback,bench,19,25,0,9002,ok
33827,1789699299993634,0,rollback,bench,529,26,0,9002,ok
33827,1789699299993634,0,rollback,bench,534,36,0,9002,ok
33827,1789699299993634,0,rollback,bench,214,33,0,9002,ok
33827,1789699299993635,0,rollback,bench,578,30,0,9002,ok
33833,1789699299994073,0,rollback,bench,392,20,0,9004,ok
33833,1789699299994073,0,rollback,bench,214,33,0,9004,ok
33833,1789699299994074,0,rollback,bench,536,26,0,9004,ok
33833,1789699299994074,0,rollback,bench,578,30,0,9004,ok
33833,1789699299994074,0,rollback,bench,146,27,0,9004,ok
33855,1789699300003311,0,rollback,bench,886,27,0,9010,ok
33855,1789699300003312,0,rollback,bench,868,38,0,9010,ok
33855,1789699300003312,0,rollback,bench,794,23,0,9010,ok
33855,1789699300003313,0,rollback,bench,906,27,0,9010,ok
33862,1789699300005813,0,rollback,bench,691,30,0,9012,ok
33862,1789699300005814,0,rollback,bench,338,28,0,9012,ok
33862,1789699300005815,0,rollback,bench,157,29,0,9012,ok
33862,1789699300005815,0,rollback,bench,388,29,0,9012,ok
33923,1789699300039233,0,rollback,bench,908,29,0,9031,ok
33923,1789699300039234,0,rollback,bench,986,21,0,9031,ok
33923,1789699300039235,0,rollback,bench,186,33,0,9031,ok
33923,1789699300039235,0,rollback,bench,445,33,0,9031,ok
33923,1789699300039235,0,rollback,bench,699,32,0,9031,ok
33928,1789699300039238,0,rollback,bench,834,37,0,9032,ok
33929,1789699300039246,0,rollback,bench,18,22,0,9033,ok
33929,1789699300039247,0,rollback,bench,876,23,0,9033,ok
33929,1789699300039247,0,rollback,bench,727,31,0,9033,ok
33929,1789699300039247,0,rollback,bench,393,28,0,9033,ok
33946,1789699300046826,0,rollback,bench,193,25,0,9040,ok
33946,1789699300046827,0,rollback,bench,927,27,0,9040,ok
33954,1789699300050245,0,rollback,bench,26,21,0,9044,ok
33954,1789699300050246,0,rollback,bench,41,24,0,9044,ok
33954,1789699300050247,0,rollback,bench,638,29,0,9044,ok
33957,1789699300050253,0,rollback,bench,876,23,0,9045,ok
33957,1789699300050254,0,rollback,bench,609,22,0,9045,ok
33957,1789699300050254,0,rollback,bench,703,18,0,9045,ok
33985,1789699300071611,0,rollback,bench,549,25,0,9055,ok
33985,1789699300071612,0,rollback,bench,174,36,0,9055,ok
33987,1789699300071633,0,rollback,bench,778,20,0,9056,ok
33987,1789699300071633,0,rollback,bench,289,26,0,9056,ok
33987,1789699300071634,0,rollback,bench,78,24,0,9056,ok
33992,1789699300072563,0,rollback,bench,375,29,0,9058,ok
33992,1789699300072564,0,rollback,bench,59,24,0,9058,ok
33992,1789699300072565,0,rollback,bench,649,30,0,9058,ok
33992,1789699300072565,0,rollback,bench,744,23,0,9058,ok
33992,1789699300072565,0,rollback,bench,603,26,0,9058,ok
33997,1789699300072615,0,rollback,bench,611,29,0,9059,ok
33997,1789699300072616,0,rollback,bench,435,31,0,9059,ok
33997,1789699300072616,0,rollback,bench,454,17,0,9059,ok
33997,1789699300072616,0,rollback,bench,831,13,0,9059,ok
34001,1789699300072619,0,rollback,bench,399,30,0,9060,ok
34002,1789699300072627,0,rollback,bench,27,30,0,9061,ok
34002,1789699300072628,0,rollback,bench,981,22,0,9061,ok
34002,1789699300072628,0,rollback,bench,364,25,0,9061,ok
34020,1789699300080725,0,rollback,bench,110,22,0,9068,ok
34020,1789699300080726,0,rollback,bench,36,25,0,9068,ok
34022,1789699300080756,0,rollback,bench,481,26,0,9069,ok
34022,1789699300080756,0,rollback,bench,824,32,0,9069,ok
34022,1789699300080756,0,rollback,bench,309,17,0,9069,ok
34022,1789699300080757,0,rollback,bench,492,28,0,9069,ok
34022,1789699300080757,0,rollback,bench,733,25,0,9069,ok
34040,1789699300088824,0,rollback,bench,637,36,0,9073,ok
34040,1789699300088825,0,rollback,bench,908,29,0,9073,ok
34040,1789699300088826,0,rollback,bench,560,28,0,9073,ok
34040,1789699300088826,0,rollback,bench,214,33,0,9073,ok
34040,1789699300088827,0,rollback,bench,458,32,0,9073,ok
34062,1789699300099966,0,rollback,bench,112,28,0,9080,ok
34062,1789699300099967,0,rollback,bench,147,19,0,9080,ok
34062,1789699300099968,0,rollback,bench,350,23,0,9080,ok
34062,1789699300099968,0,rollback,bench,278,32,0,9080,ok
34062,1789699300099969,0,rollback,bench,280,21,0,9080,ok
34071,1789699300102373,0,rollback,bench,984,34,0,9083,ok
34071,1789699300102374,0,rollback,bench,23,26,0,9083,ok
34071,1789699300102375,0,rollback,bench,934,32,0,9083,ok
34071,1789699300102375,0,rollback,bench,888,24,0,9083,ok
34096,1789699300116153,0,rollback,bench,328,16,0,9092,ok
34096,1789699300116154,0,rollback,bench,240,26,0,9092,ok
34096,1789699300116155,0,rollback,bench,699,32,0,9092,ok
34096,1789699300116155,0,rollback,bench,315,31,0,9092,ok
34100,1789699300116173,0,rollback,bench,29,20,0,9093,ok
34100,1789699300116173,0,rollback,bench,340,27,0,9093,ok
34100,1789699300116173,0,rollback,bench,205,39,0,9093,ok
34100,1789699300116174,0,rollback,bench,23,26,0,9093,ok
34100,1789699300116174,0,rollback,bench,601,26,0,9093,ok
34107,1789699300117870,0,rollback,bench,762,21,0,9095,ok
34107,1789699300117871,0,rollback,bench,109,32,0,9095,ok
34107,1789699300117871,0,rollback,bench,30,25,0,9095,ok
34107,1789699300117872,0,rollback,bench,295,24,0,9095,ok
34116,1789699300121379,0,rollback,bench,678,33,0,9098,ok
34116,1789699300121380,0,rollback,bench,542,29,0,9098,ok
34129,1789699300127356,0,rollback,bench,877,28,0,9102,ok
34129,1789699300127357,0,rollback,bench,3,25,0,9102,ok
34129,1789699300127357,0,rollback,bench,446,27,0,9102,ok
34132,1789699300127367,0,rollback,bench,208,15,0,9103,ok
34132,1789699300127368,0,rollback,bench,244,28,0,9103,ok
34132,1789699300127368,0,rollback,bench,963,32,0,9103,ok
34132,1789699300127369,0,rollback,bench,335,28,0,9103,ok
34154,1789699300139015,0,rollback,bench,40,36,0,9111,ok
34154,1789699300139016,0,rollback,bench,760,26,0,9111,ok
34156,1789699300139046,0,rollback,bench,817,20,0,9112,ok
34156,1789699300139046,0,rollback,bench,26,21,0,9112,ok
34156,1789699300139047,0,rollback,bench,881,26,0,9112,ok
34156,1789699300139047,0,rollback,bench,391,28,0,9112,ok
34156,1789699300139047,0,rollback,bench,586,26,0,9112,ok
34174,1789699300146985,0,rollback,bench,597,30,0,9118,ok
34174,1789699300146986,0,rollback,bench,398,31,0,9118,ok
34174,1789699300146987,0,rollback,bench,912,18,0,9118,ok
34174,1789699300146987,0,rollback,bench,303,23,0,9118,ok
34174,1789699300146987,0,rollback,bench,130,33,0,9118,ok
34179,1789699300146991,0,rollback,bench,305,27,0,9119,ok
34179,1789699300146992,0,rollback,bench,316,28,0,9119,ok
34184,1789699300149333,0,rollback,bench,370,29,0,9122,ok
34184,1789699300149334,0,rollback,bench,693,23,0,9122,ok
34184,1789699300149335,0,rollback,bench,654,32,0,9122,ok
34184,1789699300149335,0,rollback,bench,885,26,0,9122,ok
34184,1789699300149335,0,rollback,bench,562,29,0,9122,ok
34226,1789699300171342,0,rollback,bench,689,31,0,9133,ok
34226,1789699300171343,0,rollback,bench,108,39,0,9133,ok
34226,1789699300171344,0,rollback,bench,899,35,0,9133,ok
34226,1789699300171344,0,rollback,bench,515,28,0,9133,ok
34246,1789699300181270,0,rollback,bench,283,32,0,9138,ok
34246,1789699300181271,0,rollback,bench,189,24,0,9138,ok
34261,1789699300189853,0,rollback,bench,698,19,0,9142,ok
34261,1789699300189854,0,rollback,bench,260,27,0,9142,ok
34261,1789699300189855,0,rollback,bench,509,26,0,9142,ok
34269,1789699300193157,0,rollback,bench,31,34,0,9144,ok
34269,1789699300193158,0,rollback,bench,417,27,0,9144,ok
34317,1789699300220488,0,rollback,bench,80,29,0,9160,ok
34317,1789699300220490,0,rollback,bench,360,26,0,9160,ok
34317,1789699300220491,0,rollback,bench,681,36,0,9160,ok
34317,1789699300220491,0,rollback,bench,646,31,0,9160,ok
34317,1789699300220492,0,rollback,bench,6,26,0,9160,ok
34334,1789699300227952,0,rollback,bench,349,31,0,9164,ok
34339,1789699300230152,0,rollback,bench,150,26,0,9168,ok
34339,1789699300230153,0,rollback,bench,141,26,0,9168,ok
34339,1789699300230153,0,rollback,bench,190,26,0,9168,ok
34342,1789699300230156,0,rollback,bench,283,32,0,9169,ok
34343,1789699300230170,0,rollback,bench,748,24,0,9170,ok
34343,1789699300230170,0,rollback,bench,446,27,0,9170,ok
34343,1789699300230171,0,rollback,bench,212,23,0,9170,ok
34343,1789699300230171,0,rollback,bench,95,22,0,9170,ok
34343,1789699300230171,0,rollback,bench,960,24,0,9170,ok
34355,1789699300234349,0,rollback,bench,917,28,0,9174,ok
34355,1789699300234350,0,rollback,bench,155,34,0,9174,ok
34355,1789699300234351,0,rollback,bench,626,31,0,9174,ok
34355,1789699300234351,0,rollback,bench,794,24,0,9174,ok
34355,1789699300234351,0,rollback,bench,335,28,0,9174,ok
34372,1789699300241510,0,rollback,bench,899,35,0,9179,ok
34372,1789699300241511,0,rollback,bench,57,29,0,9179,ok
34372,1789699300241511,0,rollback,bench,183,31,0,9179,ok
34375,1789699300241516,0,rollback,bench,244,28,0,9180,ok
34375,1789699300241516,0,rollback,bench,827,25,0,9180,ok
34392,1789699300251132,0,rollback,bench,89,24,0,9186,ok
34425,1789699300269977,0,rollback,bench,817,20,0,9196,ok
34431,1789699300273386,0,rollback,bench,956,20,0,9198,ok
34431,1789699300273387,0,rollback,bench,462,25,0,9198,ok
34431,1789699300273388,0,rollback,bench,199,19,0,9198,ok
34431,1789699300273388,0,rollback,bench,434,23,0,9198,ok
34447,1789699300280293,0,rollback,bench,48,17,0,9204,ok
34465,1789699300290534,0,rollback,bench,882,15,0,9213,ok
34523,1789699300323476,0,rollback,bench,964,22,0,9233,ok
34523,1789699300323477,0,rollback,bench,860,34,0,9233,ok
34523,1789699300323478,0,rollback,bench,317,29,0,9233,ok
34523,1789699300323478,0,rollback,bench,901,22,0,9233,ok
34550,1789699300336791,0,rollback,bench,666,34,0,9242,ok
34550,1789699300336793,0,rollback,bench,232,30,0,9242,ok
34580,1789699300354860,0,rollback,bench,873,36,0,9252,ok
34580,1789699300354862,0,rollback,bench,372,20,0,9252,ok
34597,1789699300363472,0,rollback,bench,851,22,0,9257,ok
34606,1789699300368703,0,rollback,bench,883,28,0,9260,ok
34606,1789699300368704,0,rollback,bench,523,27,0,9260,ok
34606,1789699300368705,0,rollback,bench,549,25,0,9260,ok
34606,1789699300368705,0,rollback,bench,7,21,0,9260,ok
34610,1789699300368711,0,rollback,bench,640,23,0,9261,ok
34610,1789699300368712,0,rollback,bench,935,27,0,9261,ok
34610,1789699300368712,0,rollback,bench,9,21,0,9261,ok
34624,1789699300376639,0,rollback,bench,812,31,0,9265,ok
34624,1789699300376641,0,rollback,bench,226,28,0,9265,ok
34633,1789699300380976,0,rollback,bench,815,30,0,9271,ok
34633,1789699300380977,0,rollback,bench,352,19,0,9271,ok
34636,1789699300381486,0,rollback,bench,171,32,0,9273,ok
34639,1789699300382611,0,rollback,bench,869,23,0,9275,ok
34639,1789699300382612,0,rollback,bench,757,19,0,9275,ok
34639,1789699300382612,0,rollback,bench,178,23,0,9275,ok
34684,1789699300430551,0,rollback,bench,49,27,0,9292,ok
34684,1789699300430552,0,rollback,bench,129,33,0,9292,ok
34684,1789699300430553,0,rollback,bench,956,20,0,9292,ok
34684,1789699300430553,0,rollback,bench,64,26,0,9292,ok
34684,1789699300430554,0,rollback,bench,2,32,0,9292,ok
34689,1789699300430557,0,rollback,bench,153,32,0,9293,ok
34690,1789699300430609,0,rollback,bench,84,28,0,9294,ok
34690,1789699300430619,0,rollback,bench,227,22,0,9294,ok
34690,1789699300430620,0,rollback,bench,972,31,0,9294,ok
34690,1789699300430620,0,rollback,bench,701,33,0,9294,ok
34694,1789699300430623,0,rollback,bench,36,26,0,9295,ok
34700,1789699300434812,0,rollback,bench,719,26,0,9297,ok
34700,1789699300434813,0,rollback,bench,532,24,0,9297,ok
34700,1789699300434814,0,rollback,bench,530,25,0,9297,ok
34713,1789699300441395,0,rollback,bench,690,30,0,9300,ok
34713,1789699300441396,0,rollback,bench,186,34,0,9300,ok
34713,1789699300441397,0,rollback,bench,782,27,0,9300,ok
34713,1789699300441397,0,rollback,bench,203,29,0,9300,ok
34717,1789699300441400,0,rollback,bench,356,29,0,9301,ok
34740,1789699300455920,0,rollback,bench,67,27,0,9307,ok
34740,1789699300455921,0,rollback,bench,754,28,0,9307,ok
34740,1789699300455922,0,rollback,bench,168,28,0,9307,ok
34740,1789699300455922,0,rollback,bench,249,22,0,9307,ok
34740,1789699300455923,0,rollback,bench,506,43,0,9307,ok
34750,1789699300458916,0,rollback,bench,767,33,0,9310,ok
34750,1789699300458917,0,rollback,bench,725,34,0,9310,ok
34750,1789699300458918,0,rollback,bench,621,31,0,9310,ok
34750,1789699300458918,0,rollback,bench,510,21,0,9310,ok
34763,1789699300464037,0,rollback,bench,306,19,0,9315,ok
34763,1789699300464038,0,rollback,bench,605,19,0,9315,ok
34763,1789699300464038,0,rollback,bench,229,31,0,9315,ok
34763,1789699300464039,0,rollback,bench,867,40,0,9315,ok
34763,1789699300464039,0,rollback,bench,30,26,0,9315,ok
34768,1789699300464055,0,rollback,bench,972,31,0,9316,ok
34768,1789699300464055,0,rollback,bench,136,26,0,9316,ok
34768,1789699300464056,0,rollback,bench,432,22,0,9316,ok
34768,1789699300464056,0,rollback,bench,563,19,0,9316,ok
34768,1789699300464057,0,rollback,bench,822,23,0,9316,ok
34773,1789699300464067,0,rollback,bench,767,33,0,9317,ok
34773,1789699300464068,0,rollback,bench,446,27,0,9317,ok
34773,1789699300464068,0,rollback,bench,776,24,0,9317,ok
34773,1789699300464069,0,rollback,bench,245,26,0,9317,ok
34788,1789699300470764,0,rollback,bench,814,24,0,9322,ok
34788,1789699300470765,0,rollback,bench,171,32,0,9322,ok
34817,1789699300486777,0,rollback,bench,968,36,0,9330,ok
34817,1789699300486779,0,rollback,bench,600,23,0,9330,ok
34817,1789699300486780,0,rollback,bench,390,32,0,9330,ok
34817,1789699300486780,0,rollback,bench,250,26,0,9330,ok
34834,1789699300495900,0,rollback,bench,237,30,0,9337,ok
34834,1789699300495901,0,rollback,bench,253,23,0,9337,ok
34834,1789699300495902,0,rollback,bench,250,26,0,9337,ok
34834,1789699300495902,0,rollback,bench,91,27,0,9337,ok
34848,1789699300503415,0,rollback,bench,124,26,0,9341,ok
34848,1789699300503416,0,rollback,bench,313,24,0,9341,ok
34857,1789699300507979,0,rollback,bench,675,28,0,9344,ok
34857,1789699300507981,0,rollback,bench,50,37,0,9344,ok
34857,1789699300507981,0,rollback,bench,927,28,0,9344,ok
34860,1789699300507984,0,rollback,bench,113,38,0,9345,ok
34869,1789699300512750,0,rollback,bench,133,29,0,9348,ok
34872,1789699300513794,0,rollback,bench,357,21,0,9350,ok
34872,1789699300513795,0,rollback,bench,980,19,0,9350,ok
34890,1789699300523981,0,rollback,bench,383,33,0,9356,ok
34890,1789699300523982,0,rollback,bench,320,28,0,9356,ok
34890,1789699300523983,0,rollback,bench,383,33,0,9356,ok
34890,1789699300523983,0,rollback,bench,73,31,0,9356,ok
34890,1789699300523983,0,rollback,bench,14,19,0,9356,ok
34903,1789699300529035,0,rollback,bench,313,24,0,9360,ok
34928,1789699300543283,0,rollback,bench,900,35,0,9366,ok
34928,1789699300543284,0,rollback,bench,399,31,0,9366,ok
34930,1789699300543287,0,rollback,bench,67,27,0,9367,ok
34944,1789699300551604,0,rollback,bench,197,29,0,9373,ok
34944,1789699300551605,0,rollback,bench,106,28,0,9373,ok
34944,1789699300551605,0,rollback,bench,871,40,0,9373,ok
34944,1789699300551606,0,rollback,bench,158,25,0,9373,ok
34944,1789699300551606,0,rollback,bench,798,22,0,9373,ok
34955,1789699300554977,0,rollback,bench,746,33,0,9376,ok
34955,1789699300554978,0,rollback,bench,855,29,0,9376,ok
34955,1789699300554978,0,rollback,bench,135,23,0,9376,ok
34962,1789699300556972,0,rollback,bench,925,18,0,9378,ok
34962,1789699300556973,0,rollback,bench,781,33,0,9378,ok
34962,1789699300556974,0,rollback,bench,992,28,0,9378,ok
34962,1789699300556974,0,rollback,bench,487,25,0,9378,ok
34983,1789699300567893,0,rollback,bench,731,21,0,9383,ok
34983,1789699300567894,0,rollback,bench,346,32,0,9383,ok
34983,1789699300567894,0,rollback,bench,930,23,0,9383,ok
34983,1789699300567894,0,rollback,bench,488,34,0,9383,ok
34983,1789699300567895,0,rollback,bench,310,28,0,9383,ok
35002,1789699300578384,0,rollback,bench,773,26,0,9390,ok
35002,1789699300578385,0,rollback,bench,509,26,0,9390,ok
35002,1789699300578385,0,rollback,bench,575,30,0,9390,ok
35002,1789699300578386,0,rollback,bench,481,27,0,9390,ok
35009,1789699300580549,0,rollback,bench,463,40,0,9392,ok
35010,1789699300580554,0,rollback,bench,999,25,0,9393,ok
35010,1789699300580554,0,rollback,bench,4,28,0,9393,ok
35035,1789699300595213,0,rollback,bench,228,37,0,9401,ok
35035,1789699300595214,0,rollback,bench,525,20,0,9401,ok
35035,1789699300595214,0,rollback,bench,156,23,0,9401,ok
35038,1789699300595219,0,rollback,bench,618,30,0,9402,ok
35038,1789699300595219,0,rollback,bench,280,21,0,9402,ok
35044,1789699300597659,0,rollback,bench,55,27,0,9404,ok
35044,1789699300597660,0,rollback,bench,605,19,0,9404,ok
35044,1789699300597660,0,rollback,bench,488,34,0,9404,ok
35044,1789699300597661,0,rollback,bench,51,32,0,9404,ok
35059,1789699300604538,0,rollback,bench,905,32,0,9409,ok
35059,1789699300604539,0,rollback,bench,849,31,0,9409,ok
35059,1789699300604539,0,rollback,bench,29,20,0,9409,ok
35059,1789699300604539,0,rollback,bench,998,29,0,9409,ok
35068,1789699300608138,0,rollback,bench,844,27,0,9412,ok
35068,1789699300608139,0,rollback,bench,157,30,0,9412,ok
35068,1789699300608140,0,rollback,bench,581,43,0,9412,ok
35068,1789699300608140,0,rollback,bench,537,27,0,9412,ok
35068,1789699300608141,0,rollback,bench,890,34,0,9412,ok
35086,1789699300617031,0,rollback,bench,887,25,0,9417,ok
35086,1789699300617032,0,rollback,bench,423,34,0,9417,ok
35086,1789699300617033,0,rollback,bench,375,30,0,9417,ok
35086,1789699300617033,0,rollback,bench,615,19,0,9417,ok
35101,1789699300624105,0,rollback,bench,401,31,0,9421,ok
35121,1789699300639332,0,rollback,bench,856,37,0,9428,ok
35121,1789699300639334,0,rollback,bench,942,23,0,9428,ok
35121,1789699300639334,0,rollback,bench,870,23,0,9428,ok
35121,1789699300639334,0,rollback,bench,111,18,0,9428,ok
35121,1789699300639335,0,rollback,bench,23,26,0,9428,ok
35131,1789699300643207,0,rollback,bench,194,33,0,9430,ok
35131,1789699300643208,0,rollback,bench,710,29,0,9430,ok
35131,1789699300643209,0,rollback,bench,555,35,0,9430,ok
35165,1789699300664841,0,rollback,bench,688,26,0,9441,ok
35166,1789699300664848,0,rollback,bench,823,31,0,9442,ok
35166,1789699300664848,0,rollback,bench,545,38,0,9442,ok
35171,1789699300666693,0,rollback,bench,443,30,0,9444,ok
35172,1789699300666698,0,rollback,bench,64,26,0,9445,ok
35172,1789699300666699,0,rollback,bench,231,23,0,9445,ok
35176,1789699300667976,0,rollback,bench,630,26,0,9447,ok
35177,1789699300667999,0,rollback,bench,161,23,0,9448,ok
35177,1789699300668000,0,rollback,bench,210,30,0,9448,ok
35177,1789699300668000,0,rollback,bench,169,37,0,9448,ok
35177,1789699300668000,0,rollback,bench,975,25,0,9448,ok
35181,1789699300668008,0,rollback,bench,94,19,0,9449,ok
35181,1789699300668009,0,rollback,bench,417,27,0,9449,ok
35181,1789699300668009,0,rollback,bench,519,26,0,9449,ok
35185,1789699300668630,0,rollback,bench,270,29,0,9451,ok
35185,1789699300668631,0,rollback,bench,733,25,0,9451,ok
35187,1789699300668635,0,rollback,bench,609,23,0,9452,ok
35187,1789699300668635,0,rollback,bench,474,26,0,9452,ok
35189,1789699300668640,0,rollback,bench,363,28,0,9453,ok
35189,1789699300668640,0,rollback,bench,839,25,0,9453,ok
35191,1789699300668643,0,rollback,bench,824,32,0,9454,ok
35203,1789699300675250,0,rollback,bench,21,27,0,9458,ok
35203,1789699300675251,0,rollback,bench,216,34,0,9458,ok
35203,1789699300675252,0,rollback,bench,528,22,0,9458,ok
35203,1789699300675252,0,rollback,bench,495,23,0,9458,ok
35212,1789699300678200,0,rollback,bench,576,28,0,9460,ok
35212,1789699300678212,0,rollback,bench,104,35,0,9460,ok
35222,1789699300683030,0,rollback,bench,526,23,0,9466,ok
35222,1789699300683031,0,rollback,bench,63,34,0,9466,ok
35222,1789699300683032,0,rollback,bench,846,31,0,9466,ok
35228,1789699300685421,0,rollback,bench,395,23,0,9469,ok
35250,1789699300698145,0,rollback,bench,918,33,0,9476,ok
35251,1789699300698150,0,rollback,bench,768,35,0,9477,ok
35251,1789699300698151,0,rollback,bench,175,37,0,9477,ok
35253,1789699300698169,0,rollback,bench,946,23,0,9478,ok
35253,1789699300698169,0,rollback,bench,462,27,0,9478,ok
35253,1789699300698170,0,rollback,bench,992,29,0,9478,ok
35256,1789699300698180,0,rollback,bench,172,32,0,9479,ok
35256,1789699300698181,0,rollback,bench,780,26,0,9479,ok
35256,1789699300698181,0,rollback,bench,317,29,0,9479,ok
35256,1789699300698182,0,rollback,bench,204,28,0,9479,ok
35260,1789699300698188,0,rollback,bench,917,28,0,9480,ok
35260,1789699300698189,0,rollback,bench,993,33,0,9480,ok
35260,1789699300698189,0,rollback,bench,317,29,0,9480,ok
35268,1789699300701981,0,rollback,bench,694,33,0,9482,ok
35277,1789699300707142,0,rollback,bench,978,31,0,9485,ok
35277,1789699300707143,0,rollback,bench,171,32,0,9485,ok
35277,1789699300707143,0,rollback,bench,741,18,0,9485,ok
35293,1789699300715181,0,rollback,bench,48,17,0,9490,ok
35293,1789699300715182,0,rollback,bench,450,30,0,9490,ok
35293,1789699300715183,0,rollback,bench,407,34,0,9490,ok
35293,1789699300715183,0,rollback,bench,96,26,0,9490,ok
35293,1789699300715184,0,rollback,bench,426,31,0,9490,ok
35302,1789699300717240,0,rollback,bench,265,30,0,9494,ok
35302,1789699300717241,0,rollback,bench,845,33,0,9494,ok
35302,1789699300717241,0,rollback,bench,690,30,0,9494,ok
35302,1789699300717242,0,rollback,bench,401,31,0,9494,ok
35307,1789699300717867,0,rollback,bench,574,25,0,9496,ok
35307,1789699300717868,0,rollback,bench,902,33,0,9496,ok
35307,1789699300717869,0,rollback,bench,764,28,0,9496,ok
35307,1789699300717869,0,rollback,bench,80,29,0,9496,ok
35311,1789699300717883,0,rollback,bench,217,27,0,9497,ok
35311,1789699300717883,0,rollback,bench,314,30,0,9497,ok
35311,1789699300717884,0,rollback,bench,539,32,0,9497,ok
35311,1789699300717884,0,rollback,bench,627,26,0,9497,ok
35311,1789699300717884,0,rollback,bench,8,28,0,9497,ok
35321,1789699300720833,0,rollback,bench,527,24,0,9499,ok
35322,1789699300720858,0,rollback,bench,298,25,0,9500,ok
35322,1789699300720858,0,rollback,bench,826,29,0,9500,ok
35322,1789699300720859,0,rollback,bench,216,34,0,9500,ok
35322,1789699300720859,0,rollback,bench,342,26,0,9500,ok
35322,1789699300720859,0,rollback,bench,698,19,0,9500,ok
35334,1789699300725152,0,rollback,bench,54,30,0,9503,ok
35334,1789699300725153,0,rollback,bench,403,30,0,9503,ok
35348,1789699300733146,0,rollback,bench,931,27,0,9507,ok
35348,1789699300733148,0,rollback,bench,914,27,0,9507,ok
35348,1789699300733148,0,rollback,bench,142,28,0,9507,ok
35348,1789699300733148,0,rollback,bench,265,30,0,9507,ok
35348,1789699300733149,0,rollback,bench,45,27,0,9507,ok
35353,1789699300733156,0,rollback,bench,746,33,0,9508,ok
35353,1789699300733157,0,rollback,bench,337,23,0,9508,ok
35353,1789699300733157,0,rollback,bench,965,30,0,9508,ok
35361,1789699300736743,0,rollback,bench,277,34,0,9510,ok
35361,1789699300736744,0,rollback,bench,653,37,0,9510,ok
35366,1789699300738380,0,rollback,bench,422,18,0,9512,ok
35366,1789699300738381,0,rollback,bench,792,28,0,9512,ok
35366,1789699300738381,0,rollback,bench,107,25,0,9512,ok
35366,1789699300738382,0,rollback,bench,150,28,0,9512,ok
35398,1789699300756480,0,rollback,bench,654,32,0,9525,ok
35399,1789699300756485,0,rollback,bench,554,29,0,9526,ok
35399,1789699300756486,0,rollback,bench,864,25,0,9526,ok
35424,1789699300770598,0,rollback,bench,844,27,0,9533,ok
35424,1789699300770600,0,rollback,bench,877,30,0,9533,ok
35426,1789699300770618,0,rollback,bench,33,29,0,9534,ok
35426,1789699300770619,0,rollback,bench,676,29,0,9534,ok
35426,1789699300770619,0,rollback,bench,889,36,0,9534,ok
35426,1789699300770619,0,rollback,bench,838,26,0,9534,ok
35426,1789699300770620,0,rollback,bench,492,30,0,9534,ok
35449,1789699300782765,0,rollback,bench,788,30,0,9540,ok
35449,1789699300782766,0,rollback,bench,468,29,0,9540,ok
35454,1789699300784645,0,rollback,bench,701,34,0,9542,ok
35454,1789699300784646,0,rollback,bench,852,40,0,9542,ok
35454,1789699300784647,0,rollback,bench,611,30,0,9542,ok
35454,1789699300784647,0,rollback,bench,648,39,0,9542,ok
35472,1789699300794435,0,rollback,bench,664,26,0,9548,ok
35479,1789699300798324,0,rollback,bench,564,32,0,9551,ok
35479,1789699300798325,0,rollback,bench,726,27,0,9551,ok
35479,1789699300798325,0,rollback,bench,853,19,0,9551,ok
35479,1789699300798326,0,rollback,bench,398,31,0,9551,ok
35479,1789699300798326,0,rollback,bench,428,36,0,9551,ok
35515,1789699300824220,0,rollback,bench,709,34,0,9563,ok
35515,1789699300824221,0,rollback,bench,682,27,0,9563,ok
35515,1789699300824222,0,rollback,bench,389,22,0,9563,ok
35518,1789699300824233,0,rollback,bench,890,34,0,9564,ok
35518,1789699300824234,0,rollback,bench,241,26,0,9564,ok
35518,1789699300824234,0,rollback,bench,0,23,0,9564,ok
35518,1789699300824234,0,rollback,bench,893,32,0,9564,ok
35546,1789699300838100,0,rollback,bench,577,27,0,9572,ok
35546,1789699300838102,0,rollback,bench,618,30,0,9572,ok
35548,1789699300838105,0,rollback,bench,975,27,0,9573,ok
35549,1789699300838109,0,rollback,bench,398,31,0,9574,ok
35549,1789699300838109,0,rollback,bench,72,25,0,9574,ok
35556,1789699300841032,0,rollback,bench,419,20,0,9576,ok
35556,1789699300841033,0,rollback,bench,43,34,0,9576,ok
35562,1789699300843697,0,rollback,bench,839,25,0,9579,ok
35562,1789699300843698,0,rollback,bench,876,27,0,9579,ok
35573,1789699300849507,0,rollback,bench,980,20,0,9583,ok
35573,1789699300849509,0,rollback,bench,29,21,0,9583,ok
35573,1789699300849509,0,rollback,bench,904,27,0,9583,ok
35573,1789699300849509,0,rollback,bench,93,33,0,9583,ok
35577,1789699300849515,0,rollback,bench,814,24,0,9584,ok
35577,1789699300849516,0,rollback,bench,302,30,0,9584,ok
35585,1789699300853225,0,rollback,bench,367,18,0,9588,ok
35585,1789699300853226,0,rollback,bench,449,25,0,9588,ok
35585,1789699300853227,0,rollback,bench,154,29,0,9588,ok
35588,1789699300853231,0,rollback,bench,998,30,0,9589,ok
35588,1789699300853232,0,rollback,bench,888,26,0,9589,ok
35592,1789699300854787,0,rollback,bench,416,33,0,9591,ok
35592,1789699300854788,0,rollback,bench,495,23,0,9591,ok
35619,1789699300870769,0,rollback,bench,774,25,0,9600,ok
35619,1789699300870770,0,rollback,bench,877,30,0,9600,ok
35619,1789699300870771,0,rollback,bench,696,20,0,9600,ok
35619,1789699300870771,0,rollback,bench,598,25,0,9600,ok
35619,1789699300870772,0,rollback,bench,584,25,0,9600,ok
35624,1789699300870786,0,rollback,bench,727,32,0,9601,ok
35624,1789699300870786,0,rollback,bench,853,19,0,9601,ok
35624,1789699300870786,0,rollback,bench,464,27,0,9601,ok
35624,1789699300870787,0,rollback,bench,632,47,0,9601,ok
35624,1789699300870787,0,rollback,bench,884,29,0,9601,ok
35633,1789699300873982,0,rollback,bench,308,33,0,9603,ok
35633,1789699300873983,0,rollback,bench,156,23,0,9603,ok
35633,1789699300873983,0,rollback,bench,207,38,0,9603,ok
35636,1789699300873995,0,rollback,bench,923,21,0,9604,ok
35636,1789699300873995,0,rollback,bench,565,21,0,9604,ok
35636,1789699300873995,0,rollback,bench,643,22,0,9604,ok
35639,1789699300873999,0,rollback,bench,891,29,0,9605,ok
35639,1789699300873999,0,rollback,bench,922,32,0,9605,ok
35655,1789699300883342,0,rollback,bench,796,28,0,9611,ok
35674,1789699300895661,0,rollback,bench,124,27,0,9617,ok
35674,1789699300895663,0,rollback,bench,520,21,0,9617,ok
35674,1789699300895664,0,rollback,bench,755,40,0,9617,ok
35674,1789699300895664,0,rollback,bench,626,31,0,9617,ok
35686,1789699300900957,0,rollback,bench,737,33,0,9620,ok
35686,1789699300900958,0,rollback,bench,903,19,0,9620,ok
35686,1789699300900959,0,rollback,bench,822,23,0,9620,ok
35686,1789699300900959,0,rollback,bench,234,24,0,9620,ok
35686,1789699300900959,0,rollback,bench,750,35,0,9620,ok
35697,1789699300904794,0,rollback,bench,421,32,0,9624,ok
35697,1789699300904795,0,rollback,bench,213,26,0,9624,ok
35697,1789699300904806,0,rollback,bench,593,17,0,9624,ok
35700,1789699300904815,0,rollback,bench,221,35,0,9625,ok
35700,1789699300904815,0,rollback,bench,530,26,0,9625,ok
35700,1789699300904815,0,rollback,bench,82,35,0,9625,ok
35713,1789699300910834,0,rollback,bench,18,24,0,9630,ok
35713,1789699300910835,0,rollback,bench,901,22,0,9630,ok
35713,1789699300910835,0,rollback,bench,783,26,0,9630,ok
35722,1789699300915339,0,rollback,bench,442,29,0,9634,ok
35722,1789699300915340,0,rollback,bench,941,30,0,9634,ok
35722,1789699300915341,0,rollback,bench,993,33,0,9634,ok
35733,1789699300921159,0,rollback,bench,673,32,0,9638,ok
35734,1789699300921162,0,rollback,bench,473,22,0,9639,ok
35756,1789699300934739,0,rollback,bench,126,29,0,9647,ok
35762,1789699300939162,0,rollback,bench,862,31,0,9649,ok
35762,1789699300939163,0,rollback,bench,885,27,0,9649,ok
35776,1789699300946917,0,rollback,bench,103,27,0,9653,ok
35776,1789699300946919,0,rollback,bench,147,21,0,9653,ok
35776,1789699300946919,0,rollback,bench,284,27,0,9653,ok
35776,1789699300946920,0,rollback,bench,823,31,0,9653,ok
35776,1789699300946920,0,rollback,bench,173,29,0,9653,ok
35797,1789699300957376,0,rollback,bench,51,32,0,9660,ok
35797,1789699300957377,0,rollback,bench,501,27,0,9660,ok
35799,1789699300957380,0,rollback,bench,96,26,0,9661,ok
35864,1789699300996853,0,rollback,bench,301,25,0,9681,ok
35885,1789699301011070,0,rollback,bench,549,25,0,9687,ok
35885,1789699301011072,0,rollback,bench,588,19,0,9687,ok
35885,1789699301011073,0,rollback,bench,762,24,0,9687,ok
35904,1789699301020275,0,rollback,bench,326,27,0,9692,ok
35904,1789699301020276,0,rollback,bench,434,25,0,9692,ok
35918,1789699301028783,0,rollback,bench,44,24,0,9697,ok
35918,1789699301028785,0,rollback,bench,744,24,0,9697,ok
35918,1789699301028785,0,rollback,bench,954,37,0,9697,ok
35921,1789699301028796,0,rollback,bench,428,36,0,9698,ok
35921,1789699301028797,0,rollback,bench,333,25,0,9698,ok
35921,1789699301028797,0,rollback,bench,10,23,0,9698,ok
35921,1789699301028797,0,rollback,bench,54,30,0,9698,ok
35936,1789699301037301,0,rollback,bench,426,33,0,9703,ok
35936,1789699301037302,0,rollback,bench,220,30,0,9703,ok
35945,1789699301042201,0,rollback,bench,443,30,0,9707,ok
35945,1789699301042202,0,rollback,bench,763,31,0,9707,ok
35947,1789699301042223,0,rollback,bench,838,26,0,9708,ok
35947,1789699301042224,0,rollback,bench,609,24,0,9708,ok
35947,1789699301042224,0,rollback,bench,51,32,0,9708,ok
35947,1789699301042225,0,rollback,bench,643,22,0,9708,ok
35947,1789699301042225,0,rollback,bench,923,21,0,9708,ok
35953,1789699301042914,0,rollback,bench,243,25,0,9710,ok
35953,1789699301042915,0,rollback,bench,184,33,0,9710,ok
35953,1789699301042916,0,rollback,bench,931,28,0,9710,ok
35957,1789699301043536,0,rollback,bench,571,33,0,9712,ok
35957,1789699301043536,0,rollback,bench,811,34,0,9712,ok
35957,1789699301043537,0,rollback,bench,478,24,0,9712,ok
35957,1789699301043537,0,rollback,bench,792,28,0,9712,ok
35964,1789699301045829,0,rollback,bench,461,29,0,9715,ok
35964,1789699301045829,0,rollback,bench,306,20,0,9715,ok
35966,1789699301045846,0,rollback,bench,857,24,0,9716,ok
35966,1789699301045846,0,rollback,bench,883,31,0,9716,ok
35966,1789699301045847,0,rollback,bench,782,28,0,9716,ok
35966,1789699301045847,0,rollback,bench,874,28,0,9716,ok
35994,1789699301061770,0,rollback,bench,584,25,0,9724,ok
36007,1789699301069536,0,rollback,bench,588,19,0,9729,ok
36007,1789699301069537,0,rollback,bench,233,25,0,9729,ok
36007,1789699301069538,0,rollback,bench,168,28,0,9729,ok
36011,1789699301070100,0,rollback,bench,82,35,0,9731,ok
36011,1789699301070101,0,rollback,bench,788,30,0,9731,ok
36011,1789699301070101,0,rollback,bench,117,27,0,9731,ok
36011,1789699301070102,0,rollback,bench,843,27,0,9731,ok
36011,1789699301070102,0,rollback,bench,168,28,0,9731,ok
36016,1789699301070114,0,rollback,bench,447,26,0,9732,ok
36016,1789699301070114,0,rollback,bench,897,22,0,9732,ok
36016,1789699301070115,0,rollback,bench,681,38,0,9732,ok
36016,1789699301070115,0,rollback,bench,761,33,0,9732,ok
36037,1789699301079316,0,rollback,bench,916,30,0,9738,ok
36037,1789699301079317,0,rollback,bench,304,26,0,9738,ok
36068,1789699301096225,0,rollback,bench,488,34,0,9749,ok
36068,1789699301096226,0,rollback,bench,413,39,0,9749,ok
36068,1789699301096227,0,rollback,bench,63,35,0,9749,ok
36068,1789699301096227,0,rollback,bench,619,31,0,9749,ok
36068,1789699301096228,0,rollback,bench,983,27,0,9749,ok
36073,1789699301096239,0,rollback,bench,544,27,0,9750,ok
36073,1789699301096239,0,rollback,bench,17,23,0,9750,ok
36073,1789699301096240,0,rollback,bench,803,29,0,9750,ok
36073,1789699301096240,0,rollback,bench,468,29,0,9750,ok
36073,1789699301096240,0,rollback,bench,876,27,0,9750,ok
36095,1789699301105328,0,rollback,bench,433,24,0,9757,ok
36095,1789699301105329,0,rollback,bench,889,37,0,9757,ok
36095,1789699301105329,0,rollback,bench,241,27,0,9757,ok
36095,1789699301105330,0,rollback,bench,254,33,0,9757,ok
36095,1789699301105330,0,rollback,bench,675,28,0,9757,ok
36105,1789699301108139,0,rollback,bench,717,34,0,9760,ok
36105,1789699301108140,0,rollback,bench,445,35,0,9760,ok
36105,1789699301108141,0,rollback,bench,146,30,0,9760,ok
36105,1789699301108141,0,rollback,bench,339,30,0,9760,ok
36109,1789699301108145,0,rollback,bench,337,24,0,9761,ok
36109,1789699301108145,0,rollback,bench,476,29,0,9761,ok
36113,1789699301109209,0,rollback,bench,322,28,0,9764,ok
36113,1789699301109210,0,rollback,bench,337,24,0,9764,ok
36122,1789699301113071,0,rollback,bench,558,31,0,9768,ok
36122,1789699301113072,0,rollback,bench,759,29,0,9768,ok
36122,1789699301113073,0,rollback,bench,656,32,0,9768,ok
36128,1789699301114807,0,rollback,bench,34,30,0,9770,ok
36128,1789699301114808,0,rollback,bench,684,20,0,9770,ok
36128,1789699301114808,0,rollback,bench,781,33,0,9770,ok
36128,1789699301114808,0,rollback,bench,657,21,0,9770,ok
36128,1789699301114809,0,rollback,bench,308,33,0,9770,ok
36146,1789699301122387,0,rollback,bench,741,19,0,9775,ok
36155,1789699301126345,0,rollback,bench,990,32,0,9780,ok
36155,1789699301126346,0,rollback,bench,379,29,0,9780,ok
36155,1789699301126347,0,rollback,bench,220,30,0,9780,ok
36155,1789699301126347,0,rollback,bench,964,23,0,9780,ok
36169,1789699301131589,0,rollback,bench,346,32,0,9784,ok
36169,1789699301131590,0,rollback,bench,890,35,0,9784,ok
36169,1789699301131591,0,rollback,bench,876,27,0,9784,ok
36184,1789699301138027,0,rollback,bench,428,36,0,9788,ok
36184,1789699301138028,0,rollback,bench,468,30,0,9788,ok
36186,1789699301138050,0,rollback,bench,861,31,0,9789,ok
36186,1789699301138050,0,rollback,bench,691,30,0,9789,ok
36186,1789699301138051,0,rollback,bench,629,21,0,9789,ok
36186,1789699301138051,0,rollback,bench,226,28,0,9789,ok
36186,1789699301138051,0,rollback,bench,912,20,0,9789,ok
36216,1789699301150409,0,rollback,bench,448,38,0,9797,ok
36227,1789699301156457,0,rollback,bench,349,32,0,9802,ok
36227,1789699301156458,0,rollback,bench,104,35,0,9802,ok
36241,1789699301169645,0,rollback,bench,61,24,0,9809,ok
36241,1789699301169646,0,rollback,bench,388,31,0,9809,ok
36241,1789699301169647,0,rollback,bench,260,27,0,9809,ok
36244,1789699301169651,0,rollback,bench,493,32,0,9810,ok
36244,1789699301169652,0,rollback,bench,523,28,0,9810,ok
36246,1789699301169660,0,rollback,bench,434,25,0,9811,ok
36246,1789699301169660,0,rollback,bench,230,35,0,9811,ok
36246,1789699301169660,0,rollback,bench,606,29,0,9811,ok
36264,1789699301178140,0,rollback,bench,412,42,0,9816,ok
36279,1789699301186603,0,rollback,bench,130,34,0,9823,ok
36279,1789699301186604,0,rollback,bench,20,34,0,9823,ok
36286,1789699301189098,0,rollback,bench,890,35,0,9825,ok
36286,1789699301189098,0,rollback,bench,288,32,0,9825,ok
36297,1789699301194051,0,rollback,bench,362,18,0,9828,ok
36311,1789699301200895,0,rollback,bench,927,30,0,9834,ok
36311,1789699301200896,0,rollback,bench,563,20,0,9834,ok
36311,1789699301200897,0,rollback,bench,846,31,0,9834,ok
36311,1789699301200897,0,rollback,bench,332,22,0,9834,ok
36315,1789699301200902,0,rollback,bench,633,28,0,9835,ok
36315,1789699301200902,0,rollback,bench,863,27,0,9835,ok
36362,1789699301230380,0,rollback,bench,832,20,0,9851,ok
36362,1789699301230381,0,rollback,bench,219,31,0,9851,ok
36362,1789699301230392,0,rollback,bench,193,25,0,9851,ok
36362,1789699301230392,0,rollback,bench,574,26,0,9851,ok
36384,1789699301241376,0,rollback,bench,644,23,0,9858,ok
36384,1789699301241378,0,rollback,bench,572,36,0,9858,ok
36384,1789699301241378,0,rollback,bench,287,28,0,9858,ok
36387,1789699301241383,0,rollback,bench,821,25,0,9859,ok
36387,1789699301241383,0,rollback,bench,460,39,0,9859,ok
36409,1789699301254088,0,rollback,bench,387,24,0,9865,ok
36409,1789699301254089,0,rollback,bench,995,29,0,9865,ok
36411,1789699301254115,0,rollback,bench,564,33,0,9866,ok
36411,1789699301254115,0,rollback,bench,126,29,0,9866,ok
36411,1789699301254116,0,rollback,bench,171,32,0,9866,ok
36411,1789699301254116,0,rollback,bench,489,30,0,9866,ok
36415,1789699301254131,0,rollback,bench,254,34,0,9867,ok
36415,1789699301254131,0,rollback,bench,615,20,0,9867,ok
36415,1789699301254132,0,rollback,bench,190,29,0,9867,ok
36415,1789699301254132,0,rollback,bench,204,29,0,9867,ok
36415,1789699301254132,0,rollback,bench,991,23,0,9867,ok
36436,1789699301265274,0,rollback,bench,761,33,0,9874,ok
36436,1789699301265275,0,rollback,bench,849,32,0,9874,ok
36436,1789699301265276,0,rollback,bench,418,36,0,9874,ok
36436,1789699301265276,0,rollback,bench,340,27,0,9874,ok
36436,1789699301265277,0,rollback,bench,88,31,0,9874,ok
36449,1789699301270346,0,rollback,bench,330,28,0,9877,ok
36449,1789699301270347,0,rollback,bench,821,25,0,9877,ok
36449,1789699301270347,0,rollback,bench,552,30,0,9877,ok
36449,1789699301270348,0,rollback,bench,79,29,0,9877,ok
36453,1789699301270362,0,rollback,bench,559,34,0,9878,ok
36453,1789699301270363,0,rollback,bench,481,27,0,9878,ok
36453,1789699301270363,0,rollback,bench,21,28,0,9878,ok
36453,1789699301270363,0,rollback,bench,756,27,0,9878,ok
36463,1789699301274770,0,rollback,bench,811,34,0,9881,ok
36464,1789699301274794,0,rollback,bench,304,26,0,9882,ok
36464,1789699301274795,0,rollback,bench,382,23,0,9882,ok
36464,1789699301274795,0,rollback,bench,97,27,0,9882,ok
36464,1789699301274796,0,rollback,bench,39,25,0,9882,ok
36487,1789699301287556,0,rollback,bench,106,29,0,9889,ok
36487,1789699301287558,0,rollback,bench,359,42,0,9889,ok
36487,1789699301287558,0,rollback,bench,747,22,0,9889,ok
36513,1789699301304608,0,rollback,bench,166,27,0,9899,ok
36513,1789699301304610,0,rollback,bench,314,31,0,9899,ok
36513,1789699301304610,0,rollback,bench,522,32,0,9899,ok
36513,1789699301304610,0,rollback,bench,741,19,0,9899,ok
36513,1789699301304611,0,rollback,bench,858,23,0,9899,ok
36518,1789699301304619,0,rollback,bench,778,21,0,9900,ok
36518,1789699301304619,0,rollback,bench,296,28,0,9900,ok
36518,1789699301304620,0,rollback,bench,524,25,0,9900,ok
36521,1789699301304622,0,rollback,bench,949,27,0,9901,ok
36527,1789699301308854,0,rollback,bench,45,27,0,9903,ok
36535,1789699301313736,0,rollback,bench,671,28,0,9907,ok
36535,1789699301313738,0,rollback,bench,374,29,0,9907,ok
36535,1789699301313738,0,rollback,bench,590,37,0,9907,ok
36547,1789699301319022,0,rollback,bench,373,29,0,9911,ok
36547,1789699301319023,0,rollback,bench,152,30,0,9911,ok
36547,1789699301319023,0,rollback,bench,929,30,0,9911,ok
36547,1789699301319023,0,rollback,bench,110,25,0,9911,ok
36547,1789699301319024,0,rollback,bench,520,21,0,9911,ok
36587,1789699301342035,0,rollback,bench,602,28,0,9921,ok
36591,1789699301344593,0,rollback,bench,748,25,0,9923,ok
36592,1789699301344599,0,rollback,bench,466,27,0,9924,ok
36592,1789699301344600,0,rollback,bench,12,30,0,9924,ok
36633,1789699301369790,0,rollback,bench,779,29,0,9939,ok
36633,1789699301369792,0,rollback,bench,420,23,0,9939,ok
36633,1789699301369792,0,rollback,bench,78,26,0,9939,ok
36647,1789699301376277,0,rollback,bench,491,31,0,9944,ok
36647,1789699301376279,0,rollback,bench,413,39,0,9944,ok
36663,1789699301386282,0,rollback,bench,262,31,0,9949,ok
36663,1789699301386284,0,rollback,bench,786,23,0,9949,ok
36663,1789699301386284,0,rollback,bench,730,29,0,9949,ok
36663,1789699301386284,0,rollback,bench,65,22,0,9949,ok
36663,1789699301386285,0,rollback,bench,852,41,0,9949,ok
36682,1789699301395109,0,rollback,bench,245,27,0,9953,ok
36682,1789699301395110,0,rollback,bench,95,23,0,9953,ok
36682,1789699301395110,0,rollback,bench,990,33,0,9953,ok
36682,1789699301395111,0,rollback,bench,592,26,0,9953,ok
36708,1789699301408084,0,rollback,bench,865,34,0,9962,ok
36708,1789699301408086,0,rollback,bench,239,25,0,9962,ok
36727,1789699301418269,0,rollback,bench,494,30,0,9968,ok
36728,1789699301418290,0,rollback,bench,739,26,0,9969,ok
36728,1789699301418291,0,rollback,bench,428,36,0,9969,ok
36728,1789699301418291,0,rollback,bench,334,28,0,9969,ok
36728,1789699301418292,0,rollback,bench,889,38,0,9969,ok
36728,1789699301418292,0,rollback,bench,110,25,0,9969,ok
36748,1789699301427945,0,rollback,bench,406,40,0,9974,ok
36748,1789699301427946,0,rollback,bench,320,29,0,9974,ok
36748,1789699301427946,0,rollback,bench,884,29,0,9974,ok
36748,1789699301427947,0,rollback,bench,600,23,0,9974,ok
36748,1789699301427947,0,rollback,bench,24,31,0,9974,ok
36755,1789699301429085,0,rollback,bench,562,32,0,9976,ok
36756,1789699301429103,0,rollback,bench,55,30,0,9977,ok
36756,1789699301429104,0,rollback,bench,90,23,0,9977,ok
36756,1789699301429104,0,rollback,bench,787,25,0,9977,ok
36774,1789699301437357,0,rollback,bench,258,29,0,9982,ok
36774,1789699301437358,0,rollback,bench,734,34,0,9982,ok
36776,1789699301437361,0,rollback,bench,804,25,0,9983,ok
36782,1789699301440353,0,rollback,bench,518,29,0,9985,ok
36782,1789699301440354,0,rollback,bench,262,31,0,9985,ok
36782,1789699301440354,0,rollback,bench,767,35,0,9985,ok
36782,1789699301440355,0,rollback,bench,733,25,0,9985,ok
36813,1789699301455429,0,rollback,bench,643,23,0,9994,ok
36813,1789699301455430,0,rollback,bench,581,44,0,9994,ok
36813,1789699301455431,0,rollback,bench,409,33,0,9994,ok
36813,1789699301455432,0,rollback,bench,331,30,0,9994,ok
36813,1789699301455432,0,rollback,bench,732,27,0,9994,ok
36818,1789699301455444,0,rollback,bench,184,33,0,9995,ok
36818,1789699301455444,0,rollback,bench,712,35,0,9995,ok
36818,1789699301455444,0,rollback,bench,605,19,0,9995,ok
36818,1789699301455445,0,rollback,bench,60,33,0,9995,ok
36818,1789699301455445,0,rollback,bench,549,25,0,9995,ok
36827,1789699301457406,0,rollback,bench,800,34,0,9997,ok
36827,1789699301457407,0,rollback,bench,653,38,0,9997,ok
36827,1789699301457407,0,rollback,bench,690,30,0,9997,ok
36827,1789699301457408,0,rollback,bench,618,32,0,9997,ok
36827,1789699301457408,0,rollback,bench,488,34,0,9997,ok
36853,1789699301467984,0,rollback,bench,167,25,0,10004,ok
36853,1789699301467985,0,rollback,bench,595,31,0,10004,ok
36853,1789699301467986,0,rollback,bench,601,29,0,10004,ok
36856,1789699301467993,0,rollback,bench,825,35,0,10005,ok
36856,1789699301467993,0,rollback,bench,138,29,0,10005,ok
36856,1789699301467993,0,rollback,bench,632,49,0,10005,ok
36871,1789699301476225,0,rollback,bench,277,36,0,10010,ok
36871,1789699301476226,0,rollback,bench,957,36,0,10010,ok
36871,1789699301476226,0,rollback,bench,67,28,0,10010,ok
36871,1789699301476227,0,rollback,bench,220,30,0,10010,ok
36884,1789699301481209,0,rollback,bench,97,27,0,10014,ok
36884,1789699301481210,0,rollback,bench,471,28,0,10014,ok
36884,1789699301481210,0,rollback,bench,843,27,0,10014,ok
36901,1789699301488406,0,rollback,bench,312,24,0,10019,ok
36901,1789699301488407,0,rollback,bench,613,37,0,10019,ok
36910,1789699301491782,0,rollback,bench,935,28,0,10023,ok
36911,1789699301491799,0,rollback,bench,513,40,0,10024,ok
36911,1789699301491799,0,rollback,bench,174,38,0,10024,ok
36911,1789699301491800,0,rollback,bench,740,28,0,10024,ok
36911,1789699301491800,0,rollback,bench,50,38,0,10024,ok
36920,1789699301494171,0,rollback,bench,365,28,0,10026,ok
36920,1789699301494172,0,rollback,bench,257,35,0,10026,ok
36920,1789699301494173,0,rollback,bench,294,25,0,10026,ok
36935,1789699301500201,0,rollback,bench,653,38,0,10031,ok
36935,1789699301500202,0,rollback,bench,980,21,0,10031,ok
36935,1789699301500203,0,rollback,bench,598,27,0,10031,ok
36935,1789699301500203,0,rollback,bench,716,36,0,10031,ok
36954,1789699301508229,0,rollback,bench,511,31,0,10039,ok
36954,1789699301508230,0,rollback,bench,469,31,0,10039,ok
36954,1789699301508230,0,rollback,bench,344,35,0,10039,ok
36961,1789699301510066,0,rollback,bench,242,29,0,10041,ok
36961,1789699301510067,0,rollback,bench,161,24,0,10041,ok
36961,1789699301510068,0,rollback,bench,772,36,0,10041,ok
36968,1789699301512009,0,rollback,bench,620,29,0,10043,ok
36968,1789699301512010,0,rollback,bench,390,33,0,10043,ok
36968,1789699301512010,0,rollback,bench,654,34,0,10043,ok
36968,1789699301512011,0,rollback,bench,159,32,0,10043,ok
36968,1789699301512011,0,rollback,bench,121,38,0,10043,ok
36977,1789699301513957,0,rollback,bench,448,40,0,10046,ok
36977,1789699301513958,0,rollback,bench,194,33,0,10046,ok
36977,1789699301513958,0,rollback,bench,579,22,0,10046,ok
36985,1789699301535448,0,rollback,bench,485,24,0,10049,ok
36985,1789699301535449,0,rollback,bench,912,20,0,10049,ok
36985,1789699301535450,0,rollback,bench,776,25,0,10049,ok
36988,1789699301535462,0,rollback,bench,424,28,0,10050,ok
36988,1789699301535462,0,rollback,bench,374,29,0,10050,ok
36988,1789699301535463,0,rollback,bench,518,29,0,10050,ok
36998,1789699301539526,0,rollback,bench,610,26,0,10053,ok
36998,1789699301539527,0,rollback,bench,106,29,0,10053,ok
36998,1789699301539528,0,rollback,bench,673,33,0,10053,ok
36998,1789699301539528,0,rollback,bench,44,26,0,10053,ok
36998,1789699301539529,0,rollback,bench,335,29,0,10053,ok
37023,1789699301551498,0,rollback,bench,98,36,0,10061,ok
37023,1789699301551500,0,rollback,bench,176,27,0,10061,ok
37023,1789699301551500,0,rollback,bench,153,35,0,10061,ok
37023,1789699301551501,0,rollback,bench,887,27,0,10061,ok
37023,1789699301551501,0,rollback,bench,11,31,0,10061,ok
37036,1789699301556417,0,rollback,bench,570,35,0,10065,ok
37036,1789699301556419,0,rollback,bench,661,29,0,10065,ok
37079,1789699301582164,0,rollback,bench,772,36,0,10080,ok
37079,1789699301582166,0,rollback,bench,270,29,0,10080,ok
37083,1789699301583635,0,rollback,bench,49,28,0,10082,ok
37083,1789699301583637,0,rollback,bench,903,20,0,10082,ok
37083,1789699301583637,0,rollback,bench,443,30,0,10082,ok
37103,1789699301595426,0,rollback,bench,958,36,0,10090,ok
37103,1789699301595427,0,rollback,bench,456,25,0,10090,ok
37103,1789699301595428,0,rollback,bench,411,29,0,10090,ok
37103,1789699301595428,0,rollback,bench,371,29,0,10090,ok
37103,1789699301595428,0,rollback,bench,90,23,0,10090,ok
37108,1789699301595438,0,rollback,bench,200,33,0,10091,ok
37108,1789699301595438,0,rollback,bench,613,37,0,10091,ok
37108,1789699301595438,0,rollback,bench,657,23,0,10091,ok
37125,1789699301604621,0,rollback,bench,92,30,0,10096,ok
37125,1789699301604622,0,rollback,bench,598,27,0,10096,ok
37125,1789699301604622,0,rollback,bench,333,27,0,10096,ok
37130,1789699301605601,0,rollback,bench,768,35,0,10098,ok
37130,1789699301605602,0,rollback,bench,49,28,0,10098,ok
37163,1789699301621997,0,rollback,bench,48,17,0,10108,ok
37163,1789699301621999,0,rollback,bench,111,20,0,10108,ok
37163,1789699301621999,0,rollback,bench,974,25,0,10108,ok
37163,1789699301622000,0,rollback,bench,107,25,0,10108,ok
37163,1789699301622000,0,rollback,bench,746,33,0,10108,ok
37171,1789699301624133,0,rollback,bench,102,22,0,10111,ok
37171,1789699301624134,0,rollback,bench,809,24,0,10111,ok
37198,1789699301638244,0,rollback,bench,6,28,0,10120,ok
37210,1789699301644725,0,rollback,bench,892,24,0,10126,ok
37210,1789699301644727,0,rollback,bench,987,32,0,10126,ok
37210,1789699301644727,0,rollback,bench,537,28,0,10126,ok
37210,1789699301644727,0,rollback,bench,324,33,0,10126,ok
37210,1789699301644728,0,rollback,bench,905,32,0,10126,ok
37220,1789699301647633,0,rollback,bench,557,32,0,10128,ok
37220,1789699301647633,0,rollback,bench,550,31,0,10128,ok
37220,1789699301647634,0,rollback,bench,682,28,0,10128,ok
37220,1789699301647634,0,rollback,bench,536,29,0,10128,ok
37224,1789699301647642,0,rollback,bench,60,34,0,10129,ok
37224,1789699301647642,0,rollback,bench,241,29,0,10129,ok
37224,1789699301647643,0,rollback,bench,942,24,0,10129,ok
37227,1789699301647645,0,rollback,bench,849,33,0,10130,ok
37243,1789699301655689,0,rollback,bench,485,24,0,10135,ok
37253,1789699301660249,0,rollback,bench,442,33,0,10141,ok
37253,1789699301660250,0,rollback,bench,886,31,0,10141,ok
37253,1789699301660250,0,rollback,bench,689,33,0,10141,ok
37253,1789699301660251,0,rollback,bench,633,28,0,10141,ok
37262,1789699301663607,0,rollback,bench,421,34,0,10143,ok
37262,1789699301663608,0,rollback,bench,650,26,0,10143,ok
37262,1789699301663608,0,rollback,bench,188,29,0,10143,ok
37262,1789699301663609,0,rollback,bench,438,27,0,10143,ok
37272,1789699301666763,0,rollback,bench,276,23,0,10146,ok
37272,1789699301666764,0,rollback,bench,847,26,0,10146,ok
37272,1789699301666764,0,rollback,bench,616,30,0,10146,ok
37272,1789699301666765,0,rollback,bench,472,35,0,10146,ok
37276,1789699301666772,0,rollback,bench,564,34,0,10147,ok
37276,1789699301666773,0,rollback,bench,423,34,0,10147,ok
37276,1789699301666773,0,rollback,bench,868,39,0,10147,ok
37279,1789699301666777,0,rollback,bench,216,37,0,10148,ok
37279,1789699301666778,0,rollback,bench,580,27,0,10148,ok
37291,1789699301671989,0,rollback,bench,488,34,0,10154,ok
37291,1789699301671990,0,rollback,bench,356,29,0,10154,ok
37291,1789699301671991,0,rollback,bench,967,28,0,10154,ok
37291,1789699301671991,0,rollback,bench,900,38,0,10154,ok
37295,1789699301671998,0,rollback,bench,867,42,0,10155,ok
37295,1789699301671999,0,rollback,bench,249,23,0,10155,ok
37295,1789699301671999,0,rollback,bench,471,29,0,10155,ok
37304,1789699301675645,0,rollback,bench,633,28,0,10158,ok
37304,1789699301675646,0,rollback,bench,495,25,0,10158,ok
37304,1789699301675647,0,rollback,bench,13,35,0,10158,ok
37344,1789699301695127,0,rollback,bench,567,29,0,10170,ok
37344,1789699301695128,0,rollback,bench,653,38,0,10170,ok
37344,1789699301695129,0,rollback,bench,865,36,0,10170,ok
37344,1789699301695129,0,rollback,bench,355,22,0,10170,ok
37399,1789699301719790,0,rollback,bench,621,36,0,10187,ok
37400,1789699301719805,0,rollback,bench,548,35,0,10188,ok
37400,1789699301719806,0,rollback,bench,68,36,0,10188,ok
37400,1789699301719806,0,rollback,bench,21,28,0,10188,ok
37423,1789699301729176,0,rollback,bench,369,38,0,10197,ok
37423,1789699301729177,0,rollback,bench,656,33,0,10197,ok
37423,1789699301729178,0,rollback,bench,317,31,0,10197,ok
37423,1789699301729178,0,rollback,bench,449,26,0,10197,ok
37423,1789699301729178,0,rollback,bench,260,28,0,10197,ok
37428,1789699301729191,0,rollback,bench,800,35,0,10198,ok
37428,1789699301729192,0,rollback,bench,123,34,0,10198,ok
37428,1789699301729192,0,rollback,bench,749,34,0,10198,ok
37428,1789699301729193,0,rollback,bench,240,26,0,10198,ok
37428,1789699301729193,0,rollback,bench,264,21,0,10198,ok
37433,1789699301729197,0,rollback,bench,316,31,0,10199,ok
37433,1789699301729197,0,rollback,bench,402,26,0,10199,ok
37437,1789699301730872,0,rollback,bench,354,27,0,10201,ok
37437,1789699301730873,0,rollback,bench,272,25,0,10201,ok
37437,1789699301730873,0,rollback,bench,595,31,0,10201,ok
37437,1789699301730874,0,rollback,bench,228,39,0,10201,ok
37445,1789699301732674,0,rollback,bench,813,35,0,10203,ok
37445,1789699301732675,0,rollback,bench,140,33,0,10203,ok
37454,1789699301736834,0,rollback,bench,743,34,0,10207,ok
37454,1789699301736835,0,rollback,bench,573,28,0,10207,ok
37454,1789699301736836,0,rollback,bench,252,29,0,10207,ok
37454,1789699301736836,0,rollback,bench,384,36,0,10207,ok
37454,1789699301736836,0,rollback,bench,678,37,0,10207,ok
37473,1789699301744092,0,rollback,bench,31,36,0,10213,ok
37473,1789699301744093,0,rollback,bench,671,29,0,10213,ok
37473,1789699301744094,0,rollback,bench,303,23,0,10213,ok
37483,1789699301748191,0,rollback,bench,27,32,0,10216,ok
37483,1789699301748192,0,rollback,bench,287,28,0,10216,ok
37483,1789699301748192,0,rollback,bench,270,29,0,10216,ok
37483,1789699301748192,0,rollback,bench,327,33,0,10216,ok
37493,1789699301750901,0,rollback,bench,733,25,0,10219,ok
37493,1789699301750902,0,rollback,bench,23,31,0,10219,ok
37493,1789699301750902,0,rollback,bench,403,31,0,10219,ok
37493,1789699301750903,0,rollback,bench,562,34,0,10219,ok
37497,1789699301750905,0,rollback,bench,513,40,0,10220,ok
37516,1789699301759711,0,rollback,bench,695,45,0,10226,ok
37516,1789699301759712,0,rollback,bench,301,25,0,10226,ok
37516,1789699301759721,0,rollback,bench,522,32,0,10226,ok
37527,1789699301763463,0,rollback,bench,249,24,0,10229,ok
37527,1789699301763464,0,rollback,bench,215,24,0,10229,ok
37527,1789699301763464,0,rollback,bench,81,28,0,10229,ok
37527,1789699301763465,0,rollback,bench,237,30,0,10229,ok
37527,1789699301763465,0,rollback,bench,637,38,0,10229,ok
37544,1789699301770295,0,rollback,bench,899,39,0,10235,ok
37544,1789699301770296,0,rollback,bench,623,29,0,10235,ok
37544,1789699301770297,0,rollback,bench,857,25,0,10235,ok
37544,1789699301770297,0,rollback,bench,626,33,0,10235,ok
37550,1789699301771326,0,rollback,bench,60,34,0,10237,ok
37550,1789699301771327,0,rollback,bench,914,29,0,10237,ok
37550,1789699301771328,0,rollback,bench,885,28,0,10237,ok
37557,1789699301774073,0,rollback,bench,247,20,0,10239,ok
37557,1789699301774074,0,rollback,bench,720,37,0,10239,ok
37557,1789699301774075,0,rollback,bench,541,23,0,10239,ok
37557,1789699301774075,0,rollback,bench,570,36,0,10239,ok
37557,1789699301774075,0,rollback,bench,424,28,0,10239,ok
37597,1789699301794686,0,rollback,bench,97,27,0,10253,ok
37597,1789699301794687,0,rollback,bench,613,37,0,10253,ok
37597,1789699301794688,0,rollback,bench,625,29,0,10253,ok
37597,1789699301794688,0,rollback,bench,157,31,0,10253,ok
37609,1789699301798883,0,rollback,bench,198,31,0,10257,ok
37609,1789699301798884,0,rollback,bench,48,18,0,10257,ok
37609,1789699301798885,0,rollback,bench,814,27,0,10257,ok
37609,1789699301798885,0,rollback,bench,260,28,0,10257,ok
37609,1789699301798886,0,rollback,bench,292,28,0,10257,ok
37627,1789699301806549,0,rollback,bench,785,32,0,10264,ok
37627,1789699301806550,0,rollback,bench,213,27,0,10264,ok
37631,1789699301807701,0,rollback,bench,988,26,0,10266,ok
37631,1789699301807702,0,rollback,bench,129,34,0,10266,ok
37631,1789699301807702,0,rollback,bench,181,35,0,10266,ok
37634,1789699301807711,0,rollback,bench,59,25,0,10267,ok
37634,1789699301807712,0,rollback,bench,567,29,0,10267,ok
37634,1789699301807712,0,rollback,bench,268,31,0,10267,ok
37634,1789699301807712,0,rollback,bench,772,36,0,10267,ok
37651,1789699301814886,0,rollback,bench,696,20,0,10273,ok
37659,1789699301818526,0,rollback,bench,532,26,0,10276,ok
37660,1789699301818545,0,rollback,bench,425,25,0,10277,ok
37660,1789699301818546,0,rollback,bench,59,25,0,10277,ok
37660,1789699301818546,0,rollback,bench,162,31,0,10277,ok
37660,1789699301818546,0,rollback,bench,837,20,0,10277,ok
37660,1789699301818547,0,rollback,bench,455,26,0,10277,ok
37674,1789699301823356,0,rollback,bench,63,37,0,10280,ok
37674,1789699301823357,0,rollback,bench,270,29,0,10280,ok
37674,1789699301823357,0,rollback,bench,636,25,0,10280,ok
37674,1789699301823357,0,rollback,bench,264,21,0,10280,ok
37674,1789699301823358,0,rollback,bench,212,24,0,10280,ok
37679,1789699301830033,0,rollback,bench,323,28,0,10281,ok
37679,1789699301830034,0,rollback,bench,478,30,0,10281,ok
37681,1789699301830052,0,rollback,bench,153,35,0,10282,ok
37681,1789699301830052,0,rollback,bench,91,27,0,10282,ok
37681,1789699301830052,0,rollback,bench,757,23,0,10282,ok
37681,1789699301830053,0,rollback,bench,342,31,0,10282,ok
37686,1789699301830545,0,rollback,bench,274,32,0,10284,ok
37686,1789699301830546,0,rollback,bench,813,36,0,10284,ok
37686,1789699301830546,0,rollback,bench,923,22,0,10284,ok
37686,1789699301830547,0,rollback,bench,546,27,0,10284,ok
37686,1789699301830547,0,rollback,bench,686,31,0,10284,ok
37700,1789699301835510,0,rollback,bench,893,33,0,10288,ok
37700,1789699301835510,0,rollback,bench,74,21,0,10288,ok
37700,1789699301835511,0,rollback,bench,148,26,0,10288,ok
37700,1789699301835511,0,rollback,bench,420,24,0,10288,ok
37700,1789699301835512,0,rollback,bench,602,28,0,10288,ok
37714,1789699301841216,0,rollback,bench,170,41,0,10291,ok
37714,1789699301841217,0,rollback,bench,64,27,0,10291,ok
37714,1789699301841217,0,rollback,bench,5,23,0,10291,ok
37714,1789699301841218,0,rollback,bench,888,26,0,10291,ok
37738,1789699301851706,0,rollback,bench,37,26,0,10298,ok
37738,1789699301851707,0,rollback,bench,774,25,0,10298,ok
37740,1789699301851728,0,rollback,bench,956,22,0,10299,ok
37740,1789699301851729,0,rollback,bench,640,28,0,10299,ok
37740,1789699301851729,0,rollback,bench,543,31,0,10299,ok
37740,1789699301851729,0,rollback,bench,840,31,0,10299,ok
37750,1789699301855194,0,rollback,bench,487,26,0,10302,ok
37750,1789699301855195,0,rollback,bench,659,25,0,10302,ok
37750,1789699301855196,0,rollback,bench,941,31,0,10302,ok
37750,1789699301855196,0,rollback,bench,920,18,0,10302,ok
37750,1789699301855197,0,rollback,bench,289,29,0,10302,ok
37758,1789699301856919,0,rollback,bench,768,35,0,10304,ok
37758,1789699301856920,0,rollback,bench,887,29,0,10304,ok
37758,1789699301856921,0,rollback,bench,225,35,0,10304,ok
37781,1789699301867165,0,rollback,bench,987,33,0,10311,ok
37805,1789699301878880,0,rollback,bench,829,32,0,10319,ok
37808,1789699301879824,0,rollback,bench,635,42,0,10321,ok
37808,1789699301879825,0,rollback,bench,726,27,0,10321,ok
37812,1789699301881227,0,rollback,bench,596,31,0,10323,ok
37812,1789699301881228,0,rollback,bench,266,25,0,10323,ok
37821,1789699301885376,0,rollback,bench,495,25,0,10326,ok
37821,1789699301885377,0,rollback,bench,776,27,0,10326,ok
37821,1789699301885378,0,rollback,bench,783,27,0,10326,ok
37821,1789699301885378,0,rollback,bench,881,30,0,10326,ok
37834,1789699301890701,0,rollback,bench,344,37,0,10330,ok
37834,1789699301890702,0,rollback,bench,842,25,0,10330,ok
37834,1789699301890703,0,rollback,bench,208,17,0,10330,ok
37837,1789699301890705,0,rollback,bench,988,26,0,10331,ok
37840,1789699301892361,0,rollback,bench,173,31,0,10333,ok
37840,1789699301892362,0,rollback,bench,941,31,0,10333,ok
37840,1789699301892362,0,rollback,bench,771,35,0,10333,ok
37843,1789699301892376,0,rollback,bench,144,30,0,10334,ok
37843,1789699301892377,0,rollback,bench,508,33,0,10334,ok
37843,1789699301892377,0,rollback,bench,774,25,0,10334,ok
37843,1789699301892377,0,rollback,bench,510,23,0,10334,ok
37843,1789699301892378,0,rollback,bench,450,32,0,10334,ok
37849,1789699301892921,0,rollback,bench,717,36,0,10336,ok
37871,1789699301904255,0,rollback,bench,476,29,0,10344,ok
37875,1789699301905987,0,rollback,bench,993,37,0,10346,ok
37875,1789699301905988,0,rollback,bench,418,37,0,10346,ok
37875,1789699301905989,0,rollback,bench,323,28,0,10346,ok
37875,1789699301905989,0,rollback,bench,978,32,0,10346,ok
37893,1789699301914943,0,rollback,bench,415,27,0,10350,ok
37893,1789699301914944,0,rollback,bench,274,32,0,10350,ok
37893,1789699301914945,0,rollback,bench,348,39,0,10350,ok
37896,1789699301914948,0,rollback,bench,835,36,0,10351,ok
37897,1789699301914952,0,rollback,bench,688,28,0,10352,ok
37897,1789699301914952,0,rollback,bench,523,30,0,10352,ok
37904,1789699301917455,0,rollback,bench,880,27,0,10355,ok
37907,1789699301918496,0,rollback,bench,881,31,0,10357,ok
37919,1789699301923911,0,rollback,bench,84,33,0,10361,ok
37920,1789699301923915,0,rollback,bench,673,33,0,10362,ok
37937,1789699301931920,0,rollback,bench,391,32,0,10367,ok
37937,1789699301931922,0,rollback,bench,334,28,0,10367,ok
37937,1789699301931922,0,rollback,bench,79,29,0,10367,ok
37937,1789699301931922,0,rollback,bench,288,34,0,10367,ok
37937,1789699301931923,0,rollback,bench,733,25,0,10367,ok
37960,1789699301941624,0,rollback,bench,714,27,0,10374,ok
37960,1789699301941625,0,rollback,bench,653,38,0,10374,ok
37960,1789699301941625,0,rollback,bench,686,31,0,10374,ok
37986,1789699301953455,0,rollback,bench,141,26,0,10385,ok
37986,1789699301953456,0,rollback,bench,179,25,0,10385,ok
37988,1789699301953481,0,rollback,bench,588,24,0,10386,ok
37988,1789699301953481,0,rollback,bench,585,26,0,10386,ok
37988,1789699301953481,0,rollback,bench,126,30,0,10386,ok
37988,1789699301953481,0,rollback,bench,421,34,0,10386,ok
37988,1789699301953482,0,rollback,bench,683,32,0,10386,ok
38089,1789699302004488,0,rollback,bench,477,24,0,10418,ok
38089,1789699302004489,0,rollback,bench,609,26,0,10418,ok
38089,1789699302004490,0,rollback,bench,876,27,0,10418,ok
38089,1789699302004490,0,rollback,bench,729,29,0,10418,ok
38089,1789699302004491,0,rollback,bench,18,27,0,10418,ok
38099,1789699302006910,0,rollback,bench,242,30,0,10420,ok
38099,1789699302006911,0,rollback,bench,193,27,0,10420,ok
38118,1789699302015626,0,rollback,bench,785,32,0,10426,ok
38118,1789699302015627,0,rollback,bench,132,22,0,10426,ok
38118,1789699302015628,0,rollback,bench,255,34,0,10426,ok
38130,1789699302020174,0,rollback,bench,922,36,0,10431,ok
38130,1789699302020174,0,rollback,bench,674,30,0,10431,ok
38130,1789699302020175,0,rollback,bench,6,29,0,10431,ok
38130,1789699302020175,0,rollback,bench,70,27,0,10431,ok
38138,1789699302022988,0,rollback,bench,878,26,0,10433,ok
38138,1789699302022988,0,rollback,bench,868,39,0,10433,ok
38138,1789699302022989,0,rollback,bench,630,29,0,10433,ok
38138,1789699302022989,0,rollback,bench,513,40,0,10433,ok
38166,1789699302034461,0,rollback,bench,518,30,0,10442,ok
38171,1789699302036670,0,rollback,bench,164,42,0,10444,ok
38175,1789699302038185,0,rollback,bench,301,25,0,10446,ok
38175,1789699302038186,0,rollback,bench,136,29,0,10446,ok
38184,1789699302041418,0,rollback,bench,515,33,0,10449,ok
38184,1789699302041419,0,rollback,bench,803,31,0,10449,ok
38184,1789699302041419,0,rollback,bench,595,31,0,10449,ok
38184,1789699302041420,0,rollback,bench,251,41,0,10449,ok
38184,1789699302041420,0,rollback,bench,739,26,0,10449,ok
38196,1789699302044386,0,rollback,bench,733,25,0,10452,ok
38196,1789699302044386,0,rollback,bench,274,32,0,10452,ok
38216,1789699302053724,0,rollback,bench,878,26,0,10459,ok
38216,1789699302053726,0,rollback,bench,89,29,0,10459,ok
38230,1789699302060196,0,rollback,bench,609,26,0,10463,ok
38230,1789699302060197,0,rollback,bench,831,14,0,10463,ok
38230,1789699302060198,0,rollback,bench,626,33,0,10463,ok
38246,1789699302067161,0,rollback,bench,73,33,0,10468,ok
38246,1789699302067162,0,rollback,bench,126,30,0,10468,ok
38251,1789699302069175,0,rollback,bench,33,33,0,10470,ok
38251,1789699302069176,0,rollback,bench,136,29,0,10470,ok
38251,1789699302069177,0,rollback,bench,899,40,0,10470,ok
38251,1789699302069177,0,rollback,bench,440,22,0,10470,ok
38255,1789699302069186,0,rollback,bench,450,32,0,10471,ok
38255,1789699302069186,0,rollback,bench,937,29,0,10471,ok
38255,1789699302069187,0,rollback,bench,733,25,0,10471,ok
38255,1789699302069187,0,rollback,bench,968,39,0,10471,ok
38259,1789699302069193,0,rollback,bench,68,37,0,10472,ok
38259,1789699302069193,0,rollback,bench,50,38,0,10472,ok
38259,1789699302069194,0,rollback,bench,775,37,0,10472,ok
38269,1789699302072394,0,rollback,bench,788,31,0,10475,ok
38269,1789699302072395,0,rollback,bench,567,29,0,10475,ok
38269,1789699302072395,0,rollback,bench,953,35,0,10475,ok
38272,1789699302072405,0,rollback,bench,65,24,0,10476,ok
38272,1789699302072406,0,rollback,bench,667,32,0,10476,ok
38272,1789699302072406,0,rollback,bench,925,19,0,10476,ok
38272,1789699302072407,0,rollback,bench,204,30,0,10476,ok
38272,1789699302072407,0,rollback,bench,560,33,0,10476,ok
38277,1789699302072412,0,rollback,bench,11,32,0,10477,ok
38277,1789699302072413,0,rollback,bench,31,36,0,10477,ok
38277,1789699302072413,0,rollback,bench,502,32,0,10477,ok
38281,1789699302073335,0,rollback,bench,295,28,0,10479,ok
38281,1789699302073336,0,rollback,bench,103,27,0,10479,ok
38281,1789699302073336,0,rollback,bench,775,37,0,10479,ok
38281,1789699302073336,0,rollback,bench,776,27,0,10479,ok
38281,1789699302073337,0,rollback,bench,609,26,0,10479,ok
38286,1789699302073339,0,rollback,bench,796,32,0,10480,ok
38287,1789699302073345,0,rollback,bench,704,29,0,10481,ok
38287,1789699302073346,0,rollback,bench,227,24,0,10481,ok
38287,1789699302073346,0,rollback,bench,150,29,0,10481,ok
38300,1789699302078715,0,rollback,bench,664,27,0,10485,ok
38301,1789699302078720,0,rollback,bench,906,32,0,10486,ok
38301,1789699302078720,0,rollback,bench,295,28,0,10486,ok
38303,1789699302078734,0,rollback,bench,531,30,0,10487,ok
38303,1789699302078734,0,rollback,bench,932,34,0,10487,ok
38303,1789699302078735,0,rollback,bench,110,25,0,10487,ok
38303,1789699302078735,0,rollback,bench,494,31,0,10487,ok
38307,1789699302078745,0,rollback,bench,428,37,0,10488,ok
38307,1789699302078745,0,rollback,bench,460,40,0,10488,ok
38307,1789699302078745,0,rollback,bench,813,36,0,10488,ok
38307,1789699302078746,0,rollback,bench,894,35,0,10488,ok
38307,1789699302078746,0,rollback,bench,774,25,0,10488,ok
38312,1789699302078748,0,rollback,bench,325,31,0,10489,ok
38337,1789699302089943,0,rollback,bench,747,22,0,10498,ok
38337,1789699302089944,0,rollback,bench,998,35,0,10498,ok
38337,1789699302089945,0,rollback,bench,323,28,0,10498,ok
38337,1789699302089945,0,rollback,bench,929,31,0,10498,ok
38361,1789699302099789,0,rollback,bench,898,36,0,10507,ok
38361,1789699302099790,0,rollback,bench,949,29,0,10507,ok
38363,1789699302099807,0,rollback,bench,606,30,0,10508,ok
38363,1789699302099808,0,rollback,bench,136,29,0,10508,ok
38363,1789699302099808,0,rollback,bench,310,28,0,10508,ok
38363,1789699302099808,0,rollback,bench,105,34,0,10508,ok
38363,1789699302099809,0,rollback,bench,136,29,0,10508,ok
38371,1789699302101295,0,rollback,bench,447,28,0,10510,ok
38371,1789699302101296,0,rollback,bench,399,33,0,10510,ok
38373,1789699302101310,0,rollback,bench,506,46,0,10511,ok
38373,1789699302101310,0,rollback,bench,862,33,0,10511,ok
38373,1789699302101311,0,rollback,bench,169,39,0,10511,ok
38373,1789699302101311,0,rollback,bench,987,33,0,10511,ok
38378,1789699302101863,0,rollback,bench,320,29,0,10513,ok
38378,1789699302101863,0,rollback,bench,57,33,0,10513,ok
38378,1789699302101864,0,rollback,bench,21,30,0,10513,ok
38378,1789699302101864,0,rollback,bench,991,24,0,10513,ok
38384,1789699302102678,0,rollback,bench,141,26,0,10515,ok
38384,1789699302102679,0,rollback,bench,250,32,0,10515,ok
38384,1789699302102679,0,rollback,bench,235,35,0,10515,ok
38392,1789699302104971,0,rollback,bench,213,27,0,10517,ok
38399,1789699302108695,0,rollback,bench,808,24,0,10520,ok
38426,1789699302122919,0,rollback,bench,986,26,0,10528,ok
38426,1789699302122920,0,rollback,bench,656,35,0,10528,ok
38426,1789699302122921,0,rollback,bench,746,35,0,10528,ok
38431,1789699302123909,0,rollback,bench,545,42,0,10530,ok
38431,1789699302123910,0,rollback,bench,805,37,0,10530,ok
38431,1789699302123910,0,rollback,bench,872,29,0,10530,ok
38431,1789699302123911,0,rollback,bench,703,21,0,10530,ok
38481,1789699302155133,0,rollback,bench,784,28,0,10545,ok
38481,1789699302155134,0,rollback,bench,906,32,0,10545,ok
38481,1789699302155135,0,rollback,bench,404,25,0,10545,ok
38481,1789699302155135,0,rollback,bench,124,28,0,10545,ok
38481,1789699302155135,0,rollback,bench,730,31,0,10545,ok
38488,1789699302156466,0,rollback,bench,868,39,0,10547,ok
38488,1789699302156467,0,rollback,bench,761,35,0,10547,ok
38502,1789699302164247,0,rollback,bench,747,22,0,10551,ok
38502,1789699302164248,0,rollback,bench,550,32,0,10551,ok
38502,1789699302164249,0,rollback,bench,79,31,0,10551,ok
38502,1789699302164249,0,rollback,bench,515,33,0,10551,ok
38502,1789699302164250,0,rollback,bench,530,27,0,10551,ok
38524,1789699302174294,0,rollback,bench,23,33,0,10558,ok
38537,1789699302182219,0,rollback,bench,237,32,0,10562,ok
38569,1789699302201140,0,rollback,bench,310,28,0,10575,ok
38591,1789699302215410,0,rollback,bench,803,31,0,10583,ok
38591,1789699302215411,0,rollback,bench,245,28,0,10583,ok
38591,1789699302215411,0,rollback,bench,185,37,0,10583,ok
38591,1789699302215412,0,rollback,bench,225,36,0,10583,ok
38591,1789699302215412,0,rollback,bench,131,32,0,10583,ok
38604,1789699302220063,0,rollback,bench,689,33,0,10587,ok
38604,1789699302220064,0,rollback,bench,442,34,0,10587,ok
38604,1789699302220064,0,rollback,bench,622,39,0,10587,ok
38604,1789699302220064,0,rollback,bench,719,32,0,10587,ok
38604,1789699302220065,0,rollback,bench,865,37,0,10587,ok
38627,1789699302230075,0,rollback,bench,830,35,0,10593,ok
38627,1789699302230076,0,rollback,bench,418,38,0,10593,ok
38627,1789699302230076,0,rollback,bench,404,25,0,10593,ok
38627,1789699302230076,0,rollback,bench,312,25,0,10593,ok
38633,1789699302231819,0,rollback,bench,431,43,0,10595,ok
38633,1789699302231820,0,rollback,bench,891,31,0,10595,ok
38633,1789699302231820,0,rollback,bench,798,22,0,10595,ok
38644,1789699302236921,0,rollback,bench,325,33,0,10598,ok
38645,1789699302236924,0,rollback,bench,842,25,0,10599,ok
38655,1789699302241817,0,rollback,bench,640,28,0,10603,ok
38668,1789699302248295,0,rollback,bench,861,31,0,10607,ok
38668,1789699302248296,0,rollback,bench,387,24,0,10607,ok
38668,1789699302248296,0,rollback,bench,989,32,0,10607,ok
38668,1789699302248297,0,rollback,bench,723,37,0,10607,ok
38675,1789699302250038,0,rollback,bench,43,37,0,10610,ok
38675,1789699302250038,0,rollback,bench,431,43,0,10610,ok
38675,1789699302250039,0,rollback,bench,227,24,0,10610,ok
38675,1789699302250039,0,rollback,bench,134,27,0,10610,ok
38690,1789699302257093,0,rollback,bench,785,34,0,10614,ok
38690,1789699302257094,0,rollback,bench,609,26,0,10614,ok
38692,1789699302257098,0,rollback,bench,865,37,0,10615,ok
38692,1789699302257099,0,rollback,bench,102,23,0,10615,ok
38708,1789699302264637,0,rollback,bench,405,30,0,10620,ok
38708,1789699302264638,0,rollback,bench,340,29,0,10620,ok
38710,1789699302264661,0,rollback,bench,729,29,0,10621,ok
38710,1789699302264661,0,rollback,bench,950,26,0,10621,ok
38710,1789699302264661,0,rollback,bench,689,33,0,10621,ok
38710,1789699302264662,0,rollback,bench,393,34,0,10621,ok
38718,1789699302266887,0,rollback,bench,293,31,0,10623,ok
38718,1789699302266888,0,rollback,bench,284,28,0,10623,ok
38718,1789699302266889,0,rollback,bench,203,31,0,10623,ok
38718,1789699302266889,0,rollback,bench,270,30,0,10623,ok
38718,1789699302266889,0,rollback,bench,604,32,0,10623,ok
38735,1789699302273891,0,rollback,bench,97,28,0,10630,ok
38765,1789699302288952,0,rollback,bench,149,31,0,10642,ok
38765,1789699302288953,0,rollback,bench,547,26,0,10642,ok
38765,1789699302288954,0,rollback,bench,751,27,0,10642,ok
38765,1789699302288954,0,rollback,bench,407,35,0,10642,ok
38780,1789699302294365,0,rollback,bench,263,28,0,10647,ok
38788,1789699302298101,0,rollback,bench,395,24,0,10650,ok
38788,1789699302298102,0,rollback,bench,363,32,0,10650,ok
38798,1789699302302863,0,rollback,bench,243,25,0,10653,ok
38799,1789699302302869,0,rollback,bench,523,32,0,10654,ok
38799,1789699302302869,0,rollback,bench,685,25,0,10654,ok
38821,1789699302314048,0,rollback,bench,739,27,0,10660,ok
38821,1789699302314049,0,rollback,bench,540,20,0,10660,ok
38853,1789699302330084,0,rollback,bench,502,32,0,10673,ok
38853,1789699302330085,0,rollback,bench,28,38,0,10673,ok
38853,1789699302330085,0,rollback,bench,596,33,0,10673,ok
38942,1789699302379719,0,rollback,bench,974,25,0,10698,ok
38942,1789699302379721,0,rollback,bench,563,22,0,10698,ok
38942,1789699302379721,0,rollback,bench,629,25,0,10698,ok
39025,1789699302428522,0,rollback,bench,72,27,0,10726,ok
39025,1789699302428523,0,rollback,bench,94,22,0,10726,ok
39025,1789699302428523,0,rollback,bench,70,27,0,10726,ok
39028,1789699302428531,0,rollback,bench,533,38,0,10727,ok
39028,1789699302428531,0,rollback,bench,619,32,0,10727,ok
39028,1789699302428532,0,rollback,bench,911,29,0,10727,ok
39045,1789699302437362,0,rollback,bench,324,34,0,10732,ok
39045,1789699302437363,0,rollback,bench,967,28,0,10732,ok
39045,1789699302437364,0,rollback,bench,604,32,0,10732,ok
39048,1789699302437366,0,rollback,bench,688,30,0,10733,ok
39049,1789699302437376,0,rollback,bench,176,29,0,10734,ok
39049,1789699302437377,0,rollback,bench,485,26,0,10734,ok
39049,1789699302437377,0,rollback,bench,946,23,0,10734,ok
39049,1789699302437378,0,rollback,bench,210,31,0,10734,ok
39049,1789699302437378,0,rollback,bench,899,41,0,10734,ok
39054,1789699302437385,0,rollback,bench,175,39,0,10735,ok
39054,1789699302437385,0,rollback,bench,884,30,0,10735,ok
39054,1789699302437386,0,rollback,bench,408,32,0,10735,ok
39054,1789699302437386,0,rollback,bench,960,32,0,10735,ok
39058,1789699302437395,0,rollback,bench,865,37,0,10736,ok
39058,1789699302437396,0,rollback,bench,863,29,0,10736,ok
39058,1789699302437396,0,rollback,bench,41,26,0,10736,ok
39058,1789699302437396,0,rollback,bench,648,43,0,10736,ok
39058,1789699302437396,0,rollback,bench,262,34,0,10736,ok
39089,1789699302452048,0,rollback,bench,688,30,0,10744,ok
39090,1789699302452054,0,rollback,bench,809,24,0,10745,ok
39090,1789699302452054,0,rollback,bench,446,28,0,10745,ok
39092,1789699302452057,0,rollback,bench,422,22,0,10746,ok
39100,1789699302455544,0,rollback,bench,863,29,0,10749,ok
39101,1789699302455547,0,rollback,bench,557,34,0,10750,ok
39109,1789699302459145,0,rollback,bench,805,38,0,10753,ok
39109,1789699302459146,0,rollback,bench,780,30,0,10753,ok
39109,1789699302459147,0,rollback,bench,111,21,0,10753,ok
39109,1789699302459147,0,rollback,bench,324,34,0,10753,ok
39113,1789699302459156,0,rollback,bench,251,42,0,10754,ok
39113,1789699302459157,0,rollback,bench,743,34,0,10754,ok
39113,1789699302459157,0,rollback,bench,268,31,0,10754,ok
39113,1789699302459157,0,rollback,bench,448,42,0,10754,ok
39117,1789699302459161,0,rollback,bench,621,36,0,10755,ok
39117,1789699302459162,0,rollback,bench,933,27,0,10755,ok
39119,1789699302459165,0,rollback,bench,192,35,0,10756,ok
39119,1789699302459166,0,rollback,bench,837,21,0,10756,ok
39125,1789699302461479,0,rollback,bench,668,28,0,10758,ok
39125,1789699302461480,0,rollback,bench,105,34,0,10758,ok
39125,1789699302461480,0,rollback,bench,763,32,0,10758,ok
39125,1789699302461481,0,rollback,bench,516,27,0,10758,ok
39125,1789699302461481,0,rollback,bench,627,29,0,10758,ok
39149,1789699302496347,0,rollback,bench,323,29,0,10764,ok
39162,1789699302504904,0,rollback,bench,492,34,0,10769,ok
39162,1789699302504905,0,rollback,bench,336,23,0,10769,ok
39162,1789699302504905,0,rollback,bench,494,32,0,10769,ok
39162,1789699302504906,0,rollback,bench,740,29,0,10769,ok
39162,1789699302504906,0,rollback,bench,811,35,0,10769,ok
39169,1789699302506181,0,rollback,bench,195,33,0,10771,ok
39169,1789699302506182,0,rollback,bench,525,23,0,10771,ok
39169,1789699302506182,0,rollback,bench,39,26,0,10771,ok
39169,1789699302506183,0,rollback,bench,951,27,0,10771,ok
39169,1789699302506183,0,rollback,bench,986,26,0,10771,ok
39179,1789699302509487,0,rollback,bench,172,35,0,10774,ok
39179,1789699302509487,0,rollback,bench,101,31,0,10774,ok
39179,1789699302509488,0,rollback,bench,710,33,0,10774,ok
39190,1789699302514664,0,rollback,bench,851,26,0,10777,ok
39190,1789699302514665,0,rollback,bench,923,23,0,10777,ok
39190,1789699302514666,0,rollback,bench,765,25,0,10777,ok
39190,1789699302514666,0,rollback,bench,100,34,0,10777,ok
39228,1789699302536748,0,rollback,bench,780,30,0,10789,ok
39228,1789699302536749,0,rollback,bench,223,28,0,10789,ok
39228,1789699302536749,0,rollback,bench,908,32,0,10789,ok
39228,1789699302536750,0,rollback,bench,36,27,0,10789,ok
39228,1789699302536750,0,rollback,bench,842,25,0,10789,ok
39238,1789699302539547,0,rollback,bench,995,31,0,10791,ok
39238,1789699302539548,0,rollback,bench,316,32,0,10791,ok
39238,1789699302539549,0,rollback,bench,61,27,0,10791,ok
39238,1789699302539549,0,rollback,bench,993,38,0,10791,ok
39247,1789699302542702,0,rollback,bench,138,34,0,10794,ok
39247,1789699302542703,0,rollback,bench,788,31,0,10794,ok
39247,1789699302542704,0,rollback,bench,317,33,0,10794,ok
39256,1789699302546539,0,rollback,bench,259,35,0,10797,ok
39256,1789699302546540,0,rollback,bench,732,29,0,10797,ok
39260,1789699302547792,0,rollback,bench,307,41,0,10800,ok
39261,1789699302547795,0,rollback,bench,381,34,0,10801,ok
39270,1789699302552603,0,rollback,bench,193,27,0,10805,ok
39270,1789699302552604,0,rollback,bench,964,30,0,10805,ok
39270,1789699302552605,0,rollback,bench,594,33,0,10805,ok
39274,1789699302553209,0,rollback,bench,897,27,0,10807,ok
39275,1789699302553239,0,rollback,bench,814,27,0,10808,ok
39275,1789699302553239,0,rollback,bench,234,26,0,10808,ok
39275,1789699302553240,0,rollback,bench,927,32,0,10808,ok
39275,1789699302553240,0,rollback,bench,954,37,0,10808,ok
39275,1789699302553240,0,rollback,bench,247,24,0,10808,ok
39300,1789699302564940,0,rollback,bench,880,27,0,10815,ok
39305,1789699302567507,0,rollback,bench,388,32,0,10818,ok
39305,1789699302567507,0,rollback,bench,414,28,0,10818,ok
39305,1789699302567508,0,rollback,bench,157,33,0,10818,ok
39321,1789699302576205,0,rollback,bench,862,34,0,10824,ok
39322,1789699302576231,0,rollback,bench,991,25,0,10825,ok
39322,1789699302576231,0,rollback,bench,406,42,0,10825,ok
39322,1789699302576232,0,rollback,bench,571,35,0,10825,ok
39325,1789699302576245,0,rollback,bench,618,34,0,10826,ok
39325,1789699302576245,0,rollback,bench,78,27,0,10826,ok
39325,1789699302576260,0,rollback,bench,524,28,0,10826,ok
39325,1789699302576260,0,rollback,bench,243,26,0,10826,ok
39338,1789699302581854,0,rollback,bench,462,30,0,10830,ok
39338,1789699302581856,0,rollback,bench,121,40,0,10830,ok
39338,1789699302581856,0,rollback,bench,660,29,0,10830,ok
39338,1789699302581856,0,rollback,bench,575,33,0,10830,ok
39338,1789699302581857,0,rollback,bench,929,32,0,10830,ok
39343,1789699302581872,0,rollback,bench,549,27,0,10831,ok
39343,1789699302581872,0,rollback,bench,71,29,0,10831,ok
39343,1789699302581873,0,rollback,bench,253,25,0,10831,ok
39343,1789699302581873,0,rollback,bench,700,31,0,10831,ok
39343,1789699302581873,0,rollback,bench,292,31,0,10831,ok
39348,1789699302581878,0,rollback,bench,17,28,0,10832,ok
39348,1789699302581878,0,rollback,bench,876,27,0,10832,ok
39355,1789699302585069,0,rollback,bench,128,27,0,10834,ok
39355,1789699302585070,0,rollback,bench,504,43,0,10834,ok
39355,1789699302585070,0,rollback,bench,741,20,0,10834,ok
39355,1789699302585071,0,rollback,bench,750,38,0,10834,ok
39369,1789699302591476,0,rollback,bench,418,38,0,10838,ok
39369,1789699302591478,0,rollback,bench,473,25,0,10838,ok
39369,1789699302591478,0,rollback,bench,449,26,0,10838,ok
39369,1789699302591478,0,rollback,bench,914,29,0,10838,ok
39373,1789699302591487,0,rollback,bench,763,32,0,10839,ok
39373,1789699302591487,0,rollback,bench,745,27,0,10839,ok
39373,1789699302591488,0,rollback,bench,29,23,0,10839,ok
39416,1789699302616947,0,rollback,bench,302,32,0,10850,ok
39416,1789699302616948,0,rollback,bench,196,25,0,10850,ok
39421,1789699302618795,0,rollback,bench,491,32,0,10852,ok
39421,1789699302618796,0,rollback,bench,662,33,0,10852,ok
39440,1789699302629720,0,rollback,bench,617,30,0,10859,ok
39440,1789699302629721,0,rollback,bench,963,36,0,10859,ok
39440,1789699302629722,0,rollback,bench,866,33,0,10859,ok
39440,1789699302629722,0,rollback,bench,603,31,0,10859,ok
39440,1789699302629723,0,rollback,bench,889,42,0,10859,ok
39453,1789699302634616,0,rollback,bench,946,25,0,10863,ok
39453,1789699302634617,0,rollback,bench,866,33,0,10863,ok
39453,1789699302634618,0,rollback,bench,222,38,0,10863,ok
39453,1789699302634618,0,rollback,bench,823,35,0,10863,ok
39453,1789699302634618,0,rollback,bench,388,33,0,10863,ok
39458,1789699302634627,0,rollback,bench,656,36,0,10864,ok
39458,1789699302634627,0,rollback,bench,691,31,0,10864,ok
39458,1789699302634628,0,rollback,bench,24,31,0,10864,ok
39461,1789699302634638,0,rollback,bench,548,38,0,10865,ok
39461,1789699302634638,0,rollback,bench,148,27,0,10865,ok
39461,1789699302634638,0,rollback,bench,674,30,0,10865,ok
39461,1789699302634639,0,rollback,bench,689,34,0,10865,ok
39469,1789699302636880,0,rollback,bench,618,35,0,10869,ok
39469,1789699302636881,0,rollback,bench,287,29,0,10869,ok
39469,1789699302636881,0,rollback,bench,873,40,0,10869,ok
39469,1789699302636882,0,rollback,bench,475,29,0,10869,ok
39473,1789699302636884,0,rollback,bench,992,34,0,10870,ok
39474,1789699302636898,0,rollback,bench,906,33,0,10871,ok
39474,1789699302636898,0,rollback,bench,419,25,0,10871,ok
39474,1789699302636898,0,rollback,bench,981,25,0,10871,ok
39474,1789699302636899,0,rollback,bench,815,35,0,10871,ok
39474,1789699302636899,0,rollback,bench,294,27,0,10871,ok
39486,1789699302641779,0,rollback,bench,93,38,0,10874,ok
39486,1789699302641780,0,rollback,bench,195,34,0,10874,ok
39486,1789699302641780,0,rollback,bench,807,35,0,10874,ok
39496,1789699302645881,0,rollback,bench,522,33,0,10877,ok
39496,1789699302645882,0,rollback,bench,322,32,0,10877,ok
39496,1789699302645883,0,rollback,bench,717,37,0,10877,ok
39499,1789699302645898,0,rollback,bench,443,30,0,10878,ok
39499,1789699302645898,0,rollback,bench,518,30,0,10878,ok
39499,1789699302645899,0,rollback,bench,428,38,0,10878,ok
39499,1789699302645899,0,rollback,bench,278,39,0,10878,ok
39499,1789699302645900,0,rollback,bench,564,34,0,10878,ok
39508,1789699302648207,0,rollback,bench,962,35,0,10880,ok
39508,1789699302648208,0,rollback,bench,467,38,0,10880,ok
39508,1789699302648209,0,rollback,bench,492,34,0,10880,ok
39508,1789699302648209,0,rollback,bench,687,27,0,10880,ok
39512,1789699302648221,0,rollback,bench,558,34,0,10881,ok
39512,1789699302648221,0,rollback,bench,557,34,0,10881,ok
39512,1789699302648222,0,rollback,bench,646,35,0,10881,ok
39512,1789699302648222,0,rollback,bench,19,28,0,10881,ok
39523,1789699302653105,0,rollback,bench,283,35,0,10884,ok
39523,1789699302653106,0,rollback,bench,535,29,0,10884,ok
39523,1789699302653107,0,rollback,bench,332,22,0,10884,ok
39523,1789699302653107,0,rollback,bench,586,28,0,10884,ok
39527,1789699302653111,0,rollback,bench,908,32,0,10885,ok
39527,1789699302653112,0,rollback,bench,360,29,0,10885,ok
39529,1789699302653114,0,rollback,bench,123,37,0,10886,ok
39537,1789699302657612,0,rollback,bench,468,32,0,10889,ok
39537,1789699302657614,0,rollback,bench,738,28,0,10889,ok
39537,1789699302657614,0,rollback,bench,897,27,0,10889,ok
39537,1789699302657615,0,rollback,bench,772,39,0,10889,ok
39548,1789699302662504,0,rollback,bench,76,22,0,10892,ok
39548,1789699302662505,0,rollback,bench,382,25,0,10892,ok
39562,1789699302670411,0,rollback,bench,574,31,0,10898,ok
39568,1789699302673362,0,rollback,bench,506,48,0,10901,ok
39568,1789699302673363,0,rollback,bench,866,33,0,10901,ok
39568,1789699302673363,0,rollback,bench,542,37,0,10901,ok
39568,1789699302673363,0,rollback,bench,947,29,0,10901,ok
39580,1789699302678479,0,rollback,bench,808,26,0,10905,ok
39580,1789699302678480,0,rollback,bench,637,38,0,10905,ok
39580,1789699302678480,0,rollback,bench,539,35,0,10905,ok
39588,1789699302681868,0,rollback,bench,796,32,0,10907,ok
39588,1789699302681869,0,rollback,bench,938,29,0,10907,ok
39588,1789699302681869,0,rollback,bench,473,25,0,10907,ok
39588,1789699302681869,0,rollback,bench,159,32,0,10907,ok
39601,1789699302687591,0,rollback,bench,379,32,0,10911,ok
39601,1789699302687592,0,rollback,bench,314,35,0,10911,ok
39601,1789699302687593,0,rollback,bench,946,25,0,10911,ok
39604,1789699302687612,0,rollback,bench,742,31,0,10912,ok
39604,1789699302687612,0,rollback,bench,414,28,0,10912,ok
39604,1789699302687613,0,rollback,bench,241,33,0,10912,ok
39604,1789699302687613,0,rollback,bench,640,28,0,10912,ok
39604,1789699302687614,0,rollback,bench,995,31,0,10912,ok
39609,1789699302687625,0,rollback,bench,314,35,0,10913,ok
39609,1789699302687626,0,rollback,bench,617,30,0,10913,ok
39609,1789699302687626,0,rollback,bench,939,32,0,10913,ok
39622,1789699302694709,0,rollback,bench,648,43,0,10917,ok
39622,1789699302694711,0,rollback,bench,37,27,0,10917,ok
39622,1789699302694711,0,rollback,bench,469,32,0,10917,ok
39622,1789699302694711,0,rollback,bench,135,25,0,10917,ok
39636,1789699302701758,0,rollback,bench,167,27,0,10921,ok
39636,1789699302701759,0,rollback,bench,579,22,0,10921,ok
39636,1789699302701759,0,rollback,bench,583,32,0,10921,ok
39666,1789699302720227,0,rollback,bench,120,33,0,10931,ok
39666,1789699302720228,0,rollback,bench,142,32,0,10931,ok
39666,1789699302720228,0,rollback,bench,297,37,0,10931,ok
39666,1789699302720229,0,rollback,bench,542,37,0,10931,ok
39666,1789699302720229,0,rollback,bench,990,38,0,10931,ok
39678,1789699302724300,0,rollback,bench,925,19,0,10934,ok
39678,1789699302724301,0,rollback,bench,140,34,0,10934,ok
39678,1789699302724302,0,rollback,bench,535,29,0,10934,ok
39678,1789699302724302,0,rollback,bench,635,43,0,10934,ok
39678,1789699302724302,0,rollback,bench,795,29,0,10934,ok
39687,1789699302726685,0,rollback,bench,962,35,0,10936,ok
39687,1789699302726686,0,rollback,bench,778,22,0,10936,ok
39687,1789699302726686,0,rollback,bench,338,34,0,10936,ok
39687,1789699302726687,0,rollback,bench,927,32,0,10936,ok
39711,1789699302739984,0,rollback,bench,151,42,0,10943,ok
39711,1789699302739985,0,rollback,bench,361,35,0,10943,ok
39719,1789699302743453,0,rollback,bench,209,38,0,10946,ok
39719,1789699302743454,0,rollback,bench,342,32,0,10946,ok
39719,1789699302743454,0,rollback,bench,338,34,0,10946,ok
39719,1789699302743455,0,rollback,bench,186,35,0,10946,ok
39740,1789699302754121,0,rollback,bench,886,32,0,10956,ok
39740,1789699302754121,0,rollback,bench,91,28,0,10956,ok
39740,1789699302754122,0,rollback,bench,146,32,0,10956,ok
39740,1789699302754135,0,rollback,bench,324,34,0,10956,ok
39744,1789699302754145,0,rollback,bench,108,40,0,10957,ok
39744,1789699302754146,0,rollback,bench,920,20,0,10957,ok
39744,1789699302754146,0,rollback,bench,483,40,0,10957,ok
39744,1789699302754146,0,rollback,bench,652,51,0,10957,ok
39775,1789699302770879,0,rollback,bench,346,37,0,10966,ok
39775,1789699302770880,0,rollback,bench,983,31,0,10966,ok
39775,1789699302770880,0,rollback,bench,437,25,0,10966,ok
39775,1789699302770881,0,rollback,bench,274,33,0,10966,ok
39775,1789699302770881,0,rollback,bench,483,40,0,10966,ok
39780,1789699302770889,0,rollback,bench,69,31,0,10967,ok
39780,1789699302770890,0,rollback,bench,414,28,0,10967,ok
39780,1789699302770890,0,rollback,bench,941,33,0,10967,ok
39799,1789699302781900,0,rollback,bench,877,35,0,10973,ok
39800,1789699302781922,0,rollback,bench,466,30,0,10974,ok
39800,1789699302781922,0,rollback,bench,786,25,0,10974,ok
39800,1789699302781923,0,rollback,bench,64,31,0,10974,ok
39800,1789699302781923,0,rollback,bench,261,31,0,10974,ok
39824,1789699302794339,0,rollback,bench,328,21,0,10981,ok
39824,1789699302794340,0,rollback,bench,723,37,0,10981,ok
39828,1789699302795488,0,rollback,bench,792,30,0,10983,ok
39840,1789699302801868,0,rollback,bench,789,33,0,10988,ok
39851,1789699302808589,0,rollback,bench,372,25,0,10993,ok
39852,1789699302808613,0,rollback,bench,66,37,0,10994,ok
39852,1789699302808614,0,rollback,bench,366,22,0,10994,ok
39852,1789699302808614,0,rollback,bench,851,26,0,10994,ok
39852,1789699302808615,0,rollback,bench,464,30,0,10994,ok
39852,1789699302808615,0,rollback,bench,320,29,0,10994,ok
39875,1789699302819516,0,rollback,bench,68,38,0,11002,ok
39886,1789699302826956,0,rollback,bench,712,37,0,11006,ok
39893,1789699302830401,0,rollback,bench,158,26,0,11009,ok
39899,1789699302833505,0,rollback,bench,819,27,0,11012,ok
39899,1789699302833506,0,rollback,bench,199,24,0,11012,ok
39899,1789699302833507,0,rollback,bench,116,28,0,11012,ok
39902,1789699302833516,0,rollback,bench,568,34,0,11013,ok
39902,1789699302833517,0,rollback,bench,771,36,0,11013,ok
39902,1789699302833517,0,rollback,bench,618,35,0,11013,ok
39902,1789699302833517,0,rollback,bench,391,34,0,11013,ok
39906,1789699302833528,0,rollback,bench,716,39,0,11014,ok
39906,1789699302833529,0,rollback,bench,820,22,0,11014,ok
39906,1789699302833529,0,rollback,bench,963,36,0,11014,ok
39906,1789699302833529,0,rollback,bench,269,28,0,11014,ok
39906,1789699302833530,0,rollback,bench,304,31,0,11014,ok
39911,1789699302833535,0,rollback,bench,732,30,0,11015,ok
39911,1789699302833536,0,rollback,bench,994,30,0,11015,ok
39911,1789699302833536,0,rollback,bench,303,24,0,11015,ok
39916,1789699302834750,0,rollback,bench,303,24,0,11017,ok
39916,1789699302834751,0,rollback,bench,247,24,0,11017,ok
39916,1789699302834751,0,rollback,bench,761,35,0,11017,ok
39916,1789699302834752,0,rollback,bench,437,25,0,11017,ok
39916,1789699302834752,0,rollback,bench,233,25,0,11017,ok
39926,1789699302838083,0,rollback,bench,591,25,0,11020,ok
39926,1789699302838084,0,rollback,bench,260,30,0,11020,ok
39933,1789699302840694,0,rollback,bench,697,32,0,11023,ok
39933,1789699302840696,0,rollback,bench,281,31,0,11023,ok
39933,1789699302840696,0,rollback,bench,582,27,0,11023,ok
39936,1789699302840707,0,rollback,bench,361,35,0,11024,ok
39936,1789699302840708,0,rollback,bench,543,31,0,11024,ok
39936,1789699302840708,0,rollback,bench,11,34,0,11024,ok
39936,1789699302840708,0,rollback,bench,227,25,0,11024,ok
39936,1789699302840708,0,rollback,bench,776,27,0,11024,ok
39942,1789699302841252,0,rollback,bench,35,22,0,11026,ok
39942,1789699302841252,0,rollback,bench,857,28,0,11026,ok
39942,1789699302841252,0,rollback,bench,539,35,0,11026,ok
39942,1789699302841253,0,rollback,bench,307,41,0,11026,ok
39942,1789699302841253,0,rollback,bench,399,33,0,11026,ok
39965,1789699302859052,0,rollback,bench,597,32,0,11033,ok
39966,1789699302859075,0,rollback,bench,860,37,0,11034,ok
39966,1789699302859076,0,rollback,bench,665,40,0,11034,ok
39966,1789699302859076,0,rollback,bench,904,31,0,11034,ok
39972,1789699302860781,0,rollback,bench,123,38,0,11037,ok
39972,1789699302860782,0,rollback,bench,237,33,0,11037,ok
39972,1789699302860782,0,rollback,bench,924,20,0,11037,ok
39972,1789699302860783,0,rollback,bench,655,35,0,11037,ok
39979,1789699302863399,0,rollback,bench,921,28,0,11039,ok
39979,1789699302863400,0,rollback,bench,324,34,0,11039,ok
39985,1789699302865972,0,rollback,bench,690,30,0,11042,ok
39985,1789699302865973,0,rollback,bench,999,33,0,11042,ok
39990,1789699302867541,0,rollback,bench,305,33,0,11044,ok
39990,1789699302867542,0,rollback,bench,578,38,0,11044,ok
39994,1789699302868746,0,rollback,bench,399,33,0,11046,ok
39994,1789699302868747,0,rollback,bench,687,27,0,11046,ok
39994,1789699302868748,0,rollback,bench,394,28,0,11046,ok
39994,1789699302868748,0,rollback,bench,398,32,0,11046,ok
40023,1789699302884221,0,rollback,bench,613,39,0,11057,ok
40023,1789699302884223,0,rollback,bench,183,35,0,11057,ok
40023,1789699302884223,0,rollback,bench,894,36,0,11057,ok
40026,1789699302884227,0,rollback,bench,886,33,0,11058,ok
40026,1789699302884228,0,rollback,bench,711,38,0,11058,ok
40032,1789699302887186,0,rollback,bench,328,21,0,11061,ok
40032,1789699302887187,0,rollback,bench,460,42,0,11061,ok
40032,1789699302887188,0,rollback,bench,69,31,0,11061,ok
40032,1789699302887188,0,rollback,bench,910,37,0,11061,ok
40048,1789699302895702,0,rollback,bench,214,37,0,11066,ok
40065,1789699302905401,0,rollback,bench,861,31,0,11071,ok
40065,1789699302905402,0,rollback,bench,212,25,0,11071,ok
40065,1789699302905403,0,rollback,bench,742,31,0,11071,ok
40065,1789699302905403,0,rollback,bench,329,28,0,11071,ok
40065,1789699302905404,0,rollback,bench,806,37,0,11071,ok
40075,1789699302908514,0,rollback,bench,734,37,0,11074,ok
40075,1789699302908516,0,rollback,bench,816,37,0,11074,ok
40075,1789699302908516,0,rollback,bench,726,28,0,11074,ok
40078,1789699302908521,0,rollback,bench,998,37,0,11075,ok
40078,1789699302908521,0,rollback,bench,437,25,0,11075,ok
40090,1789699302914083,0,rollback,bench,299,23,0,11079,ok
40090,1789699302914084,0,rollback,bench,189,31,0,11079,ok
40092,1789699302914087,0,rollback,bench,941,33,0,11080,ok
40115,1789699302926875,0,rollback,bench,304,31,0,11089,ok
40115,1789699302926877,0,rollback,bench,167,27,0,11089,ok
40115,1789699302926877,0,rollback,bench,62,37,0,11089,ok
40118,1789699302926890,0,rollback,bench,282,35,0,11090,ok
40118,1789699302926890,0,rollback,bench,804,26,0,11090,ok
40118,1789699302926890,0,rollback,bench,524,28,0,11090,ok
40118,1789699302926891,0,rollback,bench,217,30,0,11090,ok
40122,1789699302926899,0,rollback,bench,735,29,0,11091,ok
40122,1789699302926899,0,rollback,bench,998,37,0,11091,ok
40122,1789699302926900,0,rollback,bench,525,23,0,11091,ok
40125,1789699302926910,0,rollback,bench,74,22,0,11092,ok
40125,1789699302926911,0,rollback,bench,654,36,0,11092,ok
40125,1789699302926911,0,rollback,bench,890,39,0,11092,ok
40125,1789699302926911,0,rollback,bench,168,31,0,11092,ok
40147,1789699302939850,0,rollback,bench,448,42,0,11097,ok
40147,1789699302939851,0,rollback,bench,382,25,0,11097,ok
40147,1789699302939851,0,rollback,bench,759,30,0,11097,ok
40147,1789699302939852,0,rollback,bench,76,22,0,11097,ok
40162,1789699302946826,0,rollback,bench,831,15,0,11103,ok
40162,1789699302946827,0,rollback,bench,620,37,0,11103,ok
40162,1789699302946827,0,rollback,bench,857,28,0,11103,ok
40162,1789699302946828,0,rollback,bench,62,37,0,11103,ok
40208,1789699302972145,0,rollback,bench,236,33,0,11119,ok
40208,1789699302972146,0,rollback,bench,78,27,0,11119,ok
40208,1789699302972147,0,rollback,bench,782,32,0,11119,ok
40208,1789699302972147,0,rollback,bench,743,35,0,11119,ok
40208,1789699302972147,0,rollback,bench,565,24,0,11119,ok
40213,1789699302972150,0,rollback,bench,388,35,0,11120,ok
40214,1789699302972160,0,rollback,bench,902,39,0,11121,ok
40214,1789699302972160,0,rollback,bench,137,37,0,11121,ok
40214,1789699302972161,0,rollback,bench,941,33,0,11121,ok
40214,1789699302972161,0,rollback,bench,4,33,0,11121,ok
40222,1789699302974264,0,rollback,bench,591,25,0,11123,ok
40222,1789699302974265,0,rollback,bench,723,37,0,11123,ok
40222,1789699302974277,0,rollback,bench,42,41,0,11123,ok
40222,1789699302974278,0,rollback,bench,768,36,0,11123,ok
40222,1789699302974278,0,rollback,bench,822,27,0,11123,ok
40233,1789699302978121,0,rollback,bench,755,43,0,11126,ok
40233,1789699302978122,0,rollback,bench,827,31,0,11126,ok
40233,1789699302978122,0,rollback,bench,925,22,0,11126,ok
40233,1789699302978123,0,rollback,bench,888,29,0,11126,ok
40233,1789699302978123,0,rollback,bench,652,51,0,11126,ok
40248,1789699302983829,0,rollback,bench,760,31,0,11131,ok
40248,1789699302983830,0,rollback,bench,145,36,0,11131,ok
40248,1789699302983831,0,rollback,bench,279,37,0,11131,ok
40248,1789699302983831,0,rollback,bench,55,32,0,11131,ok
40253,1789699302984325,0,rollback,bench,987,36,0,11133,ok
40253,1789699302984325,0,rollback,bench,973,37,0,11133,ok
40253,1789699302984326,0,rollback,bench,370,33,0,11133,ok
40253,1789699302984326,0,rollback,bench,29,25,0,11133,ok
40253,1789699302984327,0,rollback,bench,286,33,0,11133,ok
40258,1789699302984335,0,rollback,bench,185,38,0,11134,ok
40258,1789699302984336,0,rollback,bench,578,38,0,11134,ok
40258,1789699302984336,0,rollback,bench,922,37,0,11134,ok
40261,1789699302984346,0,rollback,bench,740,29,0,11135,ok
40261,1789699302984346,0,rollback,bench,283,35,0,11135,ok
40261,1789699302984347,0,rollback,bench,367,21,0,11135,ok
40261,1789699302984347,0,rollback,bench,342,33,0,11135,ok
40280,1789699302994019,0,rollback,bench,85,32,0,11142,ok
40280,1789699302994020,0,rollback,bench,563,23,0,11142,ok
40280,1789699302994020,0,rollback,bench,13,36,0,11142,ok
40280,1789699302994021,0,rollback,bench,929,34,0,11142,ok
40298,1789699303003210,0,rollback,bench,197,31,0,11147,ok
40298,1789699303003211,0,rollback,bench,97,32,0,11147,ok
40310,1789699303009439,0,rollback,bench,731,23,0,11151,ok
40310,1789699303009440,0,rollback,bench,259,36,0,11151,ok
40310,1789699303009441,0,rollback,bench,731,23,0,11151,ok
40310,1789699303009441,0,rollback,bench,23,34,0,11151,ok
40317,1789699303011361,0,rollback,bench,715,32,0,11153,ok
40317,1789699303011362,0,rollback,bench,383,37,0,11153,ok
40329,1789699303017057,0,rollback,bench,781,38,0,11159,ok
40329,1789699303017058,0,rollback,bench,154,36,0,11159,ok
40329,1789699303017059,0,rollback,bench,812,38,0,11159,ok
40329,1789699303017059,0,rollback,bench,415,28,0,11159,ok
40333,1789699303017070,0,rollback,bench,151,43,0,11160,ok
40333,1789699303017070,0,rollback,bench,854,27,0,11160,ok
40333,1789699303017071,0,rollback,bench,943,40,0,11160,ok
40333,1789699303017071,0,rollback,bench,217,31,0,11160,ok
40340,1789699303018839,0,rollback,bench,679,32,0,11162,ok
40340,1789699303018840,0,rollback,bench,295,28,0,11162,ok
40362,1789699303030002,0,rollback,bench,874,31,0,11168,ok
40362,1789699303030003,0,rollback,bench,182,28,0,11168,ok
40364,1789699303030024,0,rollback,bench,351,30,0,11169,ok
40364,1789699303030025,0,rollback,bench,548,38,0,11169,ok
40364,1789699303030025,0,rollback,bench,997,33,0,11169,ok
40364,1789699303030025,0,rollback,bench,934,34,0,11169,ok
40364,1789699303030026,0,rollback,bench,327,38,0,11169,ok
40380,1789699303037215,0,rollback,bench,693,26,0,11173,ok
40380,1789699303037216,0,rollback,bench,539,35,0,11173,ok
40380,1789699303037216,0,rollback,bench,896,38,0,11173,ok
40380,1789699303037217,0,rollback,bench,430,32,0,11173,ok
40380,1789699303037217,0,rollback,bench,278,39,0,11173,ok
40385,1789699303037220,0,rollback,bench,652,52,0,11174,ok
40389,1789699303038984,0,rollback,bench,41,27,0,11176,ok
40397,1789699303043653,0,rollback,bench,66,38,0,11179,ok
40397,1789699303043655,0,rollback,bench,722,33,0,11179,ok
40397,1789699303043655,0,rollback,bench,949,30,0,11179,ok
40409,1789699303049441,0,rollback,bench,23,34,0,11183,ok
40410,1789699303049462,0,rollback,bench,119,25,0,11184,ok
40410,1789699303049463,0,rollback,bench,22,16,0,11184,ok
40410,1789699303049463,0,rollback,bench,394,28,0,11184,ok
40410,1789699303049464,0,rollback,bench,475,29,0,11184,ok
40410,1789699303049464,0,rollback,bench,973,37,0,11184,ok
40441,1789699303066399,0,rollback,bench,141,27,0,11193,ok
40441,1789699303066400,0,rollback,bench,980,22,0,11193,ok
40441,1789699303066400,0,rollback,bench,860,38,0,11193,ok
40441,1789699303066401,0,rollback,bench,206,22,0,11193,ok
40441,1789699303066401,0,rollback,bench,281,31,0,11193,ok
40457,1789699303074282,0,rollback,bench,678,41,0,11197,ok
40457,1789699303074283,0,rollback,bench,727,37,0,11197,ok
40459,1789699303074301,0,rollback,bench,66,38,0,11198,ok
40459,1789699303074301,0,rollback,bench,693,26,0,11198,ok
40459,1789699303074302,0,rollback,bench,397,26,0,11198,ok
40459,1789699303074302,0,rollback,bench,119,25,0,11198,ok
40476,1789699303082873,0,rollback,bench,226,30,0,11202,ok
40476,1789699303082874,0,rollback,bench,820,22,0,11202,ok
40498,1789699303096788,0,rollback,bench,75,24,0,11212,ok
40498,1789699303096789,0,rollback,bench,630,29,0,11212,ok
40498,1789699303096790,0,rollback,bench,665,40,0,11212,ok
40498,1789699303096790,0,rollback,bench,529,31,0,11212,ok
40498,1789699303096790,0,rollback,bench,3,29,0,11212,ok
40508,1789699303100357,0,rollback,bench,642,33,0,11214,ok
40508,1789699303100358,0,rollback,bench,167,28,0,11214,ok
40508,1789699303100358,0,rollback,bench,276,24,0,11214,ok
40508,1789699303100359,0,rollback,bench,561,37,0,11214,ok
40522,1789699303106791,0,rollback,bench,12,32,0,11218,ok
40523,1789699303106796,0,rollback,bench,558,35,0,11219,ok
40523,1789699303106797,0,rollback,bench,457,33,0,11219,ok
40536,1789699303113330,0,rollback,bench,432,27,0,11223,ok
40536,1789699303113331,0,rollback,bench,419,25,0,11223,ok
40536,1789699303113332,0,rollback,bench,767,38,0,11223,ok
40536,1789699303113332,0,rollback,bench,209,38,0,11223,ok
40569,1789699303135356,0,rollback,bench,688,32,0,11234,ok
40569,1789699303135358,0,rollback,bench,788,32,0,11234,ok
40569,1789699303135358,0,rollback,bench,413,43,0,11234,ok
40569,1789699303135358,0,rollback,bench,118,40,0,11234,ok
40573,1789699303135366,0,rollback,bench,618,36,0,11235,ok
40573,1789699303135366,0,rollback,bench,822,27,0,11235,ok
40573,1789699303135367,0,rollback,bench,123,39,0,11235,ok
40584,1789699303140871,0,rollback,bench,63,38,0,11238,ok
40602,1789699303152353,0,rollback,bench,807,36,0,11244,ok
40602,1789699303152354,0,rollback,bench,934,34,0,11244,ok
40602,1789699303152355,0,rollback,bench,916,34,0,11244,ok
40602,1789699303152355,0,rollback,bench,449,26,0,11244,ok
40606,1789699303152362,0,rollback,bench,348,39,0,11245,ok
40606,1789699303152362,0,rollback,bench,756,29,0,11245,ok
40606,1789699303152362,0,rollback,bench,990,39,0,11245,ok
40609,1789699303152373,0,rollback,bench,46,36,0,11246,ok
40609,1789699303152373,0,rollback,bench,602,31,0,11246,ok
40609,1789699303152374,0,rollback,bench,447,30,0,11246,ok
40609,1789699303152374,0,rollback,bench,298,32,0,11246,ok
40609,1789699303152374,0,rollback,bench,262,35,0,11246,ok
40618,1789699303154680,0,rollback,bench,207,42,0,11248,ok
40618,1789699303154682,0,rollback,bench,152,34,0,11248,ok
40618,1789699303154682,0,rollback,bench,869,30,0,11248,ok
40618,1789699303154683,0,rollback,bench,475,29,0,11248,ok
40630,1789699303160223,0,rollback,bench,676,35,0,11251,ok
40630,1789699303160224,0,rollback,bench,818,36,0,11251,ok
40630,1789699303160224,0,rollback,bench,540,20,0,11251,ok
40630,1789699303160225,0,rollback,bench,783,31,0,11251,ok
40630,1789699303160225,0,rollback,bench,754,37,0,11251,ok
40658,1789699303174520,0,rollback,bench,698,25,0,11259,ok
40658,1789699303174521,0,rollback,bench,530,28,0,11259,ok
40658,1789699303174521,0,rollback,bench,661,34,0,11259,ok
40658,1789699303174522,0,rollback,bench,32,33,0,11259,ok
40658,1789699303174522,0,rollback,bench,310,32,0,11259,ok
40683,1789699303186853,0,rollback,bench,419,25,0,11266,ok
40690,1789699303191480,0,rollback,bench,908,32,0,11269,ok
40691,1789699303191500,0,rollback,bench,320,29,0,11270,ok
40691,1789699303191500,0,rollback,bench,856,41,0,11270,ok
40691,1789699303191501,0,rollback,bench,202,29,0,11270,ok
40691,1789699303191501,0,rollback,bench,196,26,0,11270,ok
40713,1789699303203340,0,rollback,bench,663,38,0,11278,ok
40713,1789699303203341,0,rollback,bench,385,26,0,11278,ok
40713,1789699303203341,0,rollback,bench,753,36,0,11278,ok
40713,1789699303203342,0,rollback,bench,158,27,0,11278,ok
40713,1789699303203356,0,rollback,bench,210,31,0,11278,ok
40749,1789699303229132,0,rollback,bench,401,34,0,11288,ok
40749,1789699303229134,0,rollback,bench,437,25,0,11288,ok
40749,1789699303229134,0,rollback,bench,973,37,0,11288,ok
40749,1789699303229134,0,rollback,bench,506,48,0,11288,ok
40759,1789699303232867,0,rollback,bench,659,26,0,11291,ok
40800,1789699303256612,0,rollback,bench,805,39,0,11303,ok
40824,1789699303270075,0,rollback,bench,754,37,0,11310,ok
40824,1789699303270076,0,rollback,bench,786,25,0,11310,ok
40824,1789699303270077,0,rollback,bench,473,26,0,11310,ok
40824,1789699303270077,0,rollback,bench,936,33,0,11310,ok
40834,1789699303274114,0,rollback,bench,195,37,0,11313,ok
40834,1789699303274115,0,rollback,bench,522,33,0,11313,ok
40834,1789699303274116,0,rollback,bench,627,33,0,11313,ok
40834,1789699303274116,0,rollback,bench,989,32,0,11313,ok
40846,1789699303278538,0,rollback,bench,547,27,0,11316,ok
40869,1789699303292447,0,rollback,bench,699,41,0,11323,ok
40872,1789699303293715,0,rollback,bench,288,34,0,11325,ok
40872,1789699303293716,0,rollback,bench,413,43,0,11325,ok
40872,1789699303293717,0,rollback,bench,722,34,0,11325,ok
40872,1789699303293717,0,rollback,bench,499,29,0,11325,ok
40872,1789699303293718,0,rollback,bench,323,29,0,11325,ok
40878,1789699303294189,0,rollback,bench,331,31,0,11327,ok
40878,1789699303294190,0,rollback,bench,541,24,0,11327,ok
40878,1789699303294190,0,rollback,bench,980,22,0,11327,ok
40878,1789699303294191,0,rollback,bench,14,22,0,11327,ok
40878,1789699303294191,0,rollback,bench,754,37,0,11327,ok
40885,1789699303295430,0,rollback,bench,520,23,0,11329,ok
40885,1789699303295431,0,rollback,bench,457,33,0,11329,ok
40892,1789699303298428,0,rollback,bench,850,36,0,11332,ok
40893,1789699303298450,0,rollback,bench,864,27,0,11333,ok
40893,1789699303298450,0,rollback,bench,86,42,0,11333,ok
40893,1789699303298450,0,rollback,bench,793,25,0,11333,ok
40905,1789699303303808,0,rollback,bench,600,25,0,11337,ok
40905,1789699303303810,0,rollback,bench,324,35,0,11337,ok
40905,1789699303303810,0,rollback,bench,1,41,0,11337,ok
40905,1789699303303811,0,rollback,bench,884,30,0,11337,ok
40917,1789699303308815,0,rollback,bench,177,35,0,11340,ok
40917,1789699303308816,0,rollback,bench,545,43,0,11340,ok
40917,1789699303308816,0,rollback,bench,42,41,0,11340,ok
40917,1789699303308817,0,rollback,bench,143,28,0,11340,ok
40917,1789699303308817,0,rollback,bench,686,32,0,11340,ok
40940,1789699303318450,0,rollback,bench,383,37,0,11347,ok
40940,1789699303318451,0,rollback,bench,57,36,0,11347,ok
40940,1789699303318451,0,rollback,bench,300,32,0,11347,ok
40955,1789699303326767,0,rollback,bench,146,34,0,11352,ok
40956,1789699303326771,0,rollback,bench,472,37,0,11353,ok
40999,1789699303352752,0,rollback,bench,805,39,0,11366,ok
40999,1789699303352754,0,rollback,bench,797,33,0,11366,ok
40999,1789699303352754,0,rollback,bench,110,25,0,11366,ok
40999,1789699303352755,0,rollback,bench,320,29,0,11366,ok
40999,1789699303352755,0,rollback,bench,26,23,0,11366,ok
41004,1789699303352760,0,rollback,bench,851,26,0,11367,ok
41004,1789699303352761,0,rollback,bench,747,25,0,11367,ok
41011,1789699303355767,0,rollback,bench,650,27,0,11369,ok
41011,1789699303355769,0,rollback,bench,12,32,0,11369,ok
41011,1789699303355769,0,rollback,bench,12,32,0,11369,ok
41011,1789699303355770,0,rollback,bench,393,34,0,11369,ok
41011,1789699303355770,0,rollback,bench,653,38,0,11369,ok
41016,1789699303355775,0,rollback,bench,941,34,0,11370,ok
41018,1789699303356375,0,rollback,bench,233,26,0,11372,ok
41018,1789699303356376,0,rollback,bench,893,35,0,11372,ok
41018,1789699303356376,0,rollback,bench,920,20,0,11372,ok
41018,1789699303356376,0,rollback,bench,505,48,0,11372,ok
41040,1789699303367630,0,rollback,bench,998,38,0,11379,ok
41040,1789699303367631,0,rollback,bench,653,38,0,11379,ok
41047,1789699303372163,0,rollback,bench,793,25,0,11381,ok
41047,1789699303372164,0,rollback,bench,688,32,0,11381,ok
41047,1789699303372165,0,rollback,bench,64,32,0,11381,ok
41047,1789699303372165,0,rollback,bench,520,23,0,11381,ok
41047,1789699303372166,0,rollback,bench,876,28,0,11381,ok
41081,1789699303392983,0,rollback,bench,901,28,0,11392,ok
41081,1789699303392985,0,rollback,bench,525,23,0,11392,ok
41081,1789699303392985,0,rollback,bench,351,31,0,11392,ok
41081,1789699303392986,0,rollback,bench,761,35,0,11392,ok
41081,1789699303392986,0,rollback,bench,322,34,0,11392,ok
41086,1789699303392991,0,rollback,bench,620,38,0,11393,ok
41086,1789699303392991,0,rollback,bench,988,27,0,11393,ok
41088,1789699303392995,0,rollback,bench,462,31,0,11394,ok
41088,1789699303392995,0,rollback,bench,691,34,0,11394,ok
41090,1789699303393009,0,rollback,bench,188,33,0,11395,ok
41090,1789699303393009,0,rollback,bench,885,30,0,11395,ok
41090,1789699303393009,0,rollback,bench,887,30,0,11395,ok
41090,1789699303393010,0,rollback,bench,780,33,0,11395,ok
41090,1789699303393010,0,rollback,bench,52,31,0,11395,ok
41103,1789699303398602,0,rollback,bench,734,38,0,11400,ok
41103,1789699303398604,0,rollback,bench,820,22,0,11400,ok
41106,1789699303399281,0,rollback,bench,408,33,0,11402,ok
41106,1789699303399282,0,rollback,bench,148,27,0,11402,ok
41106,1789699303399282,0,rollback,bench,687,27,0,11402,ok
41106,1789699303399282,0,rollback,bench,347,34,0,11402,ok
41112,1789699303400522,0,rollback,bench,500,25,0,11404,ok
41112,1789699303400523,0,rollback,bench,237,33,0,11404,ok
41112,1789699303400524,0,rollback,bench,709,37,0,11404,ok
41112,1789699303400524,0,rollback,bench,413,43,0,11404,ok
41112,1789699303400524,0,rollback,bench,148,27,0,11404,ok
41117,1789699303400535,0,rollback,bench,62,38,0,11405,ok
41117,1789699303400535,0,rollback,bench,502,32,0,11405,ok
41117,1789699303400536,0,rollback,bench,325,35,0,11405,ok
41117,1789699303400536,0,rollback,bench,429,26,0,11405,ok
41130,1789699303406271,0,rollback,bench,63,39,0,11410,ok
41130,1789699303406272,0,rollback,bench,451,28,0,11410,ok
41130,1789699303406273,0,rollback,bench,357,25,0,11410,ok
41130,1789699303406273,0,rollback,bench,102,23,0,11410,ok
41130,1789699303406273,0,rollback,bench,743,35,0,11410,ok
41143,1789699303411930,0,rollback,bench,394,28,0,11414,ok
41143,1789699303411931,0,rollback,bench,930,25,0,11414,ok
41143,1789699303411931,0,rollback,bench,835,39,0,11414,ok
41146,1789699303411935,0,rollback,bench,136,30,0,11415,ok
41146,1789699303411936,0,rollback,bench,316,33,0,11415,ok
41177,1789699303432908,0,rollback,bench,678,41,0,11425,ok
41177,1789699303432910,0,rollback,bench,291,29,0,11425,ok
41230,1789699303467658,0,rollback,bench,880,29,0,11441,ok
41230,1789699303467660,0,rollback,bench,752,35,0,11441,ok
41230,1789699303467661,0,rollback,bench,762,30,0,11441,ok
41230,1789699303467661,0,rollback,bench,184,37,0,11441,ok
41230,1789699303467662,0,rollback,bench,167,29,0,11441,ok
41246,1789699303474137,0,rollback,bench,740,30,0,11447,ok
41246,1789699303474138,0,rollback,bench,684,22,0,11447,ok
41246,1789699303474138,0,rollback,bench,58,30,0,11447,ok
41249,1789699303474141,0,rollback,bench,537,32,0,11448,ok
41250,1789699303474151,0,rollback,bench,814,27,0,11449,ok
41250,1789699303474152,0,rollback,bench,114,37,0,11449,ok
41250,1789699303474152,0,rollback,bench,303,26,0,11449,ok
41250,1789699303474152,0,rollback,bench,880,29,0,11449,ok
41282,1789699303494109,0,rollback,bench,490,32,0,11458,ok
41287,1789699303497377,0,rollback,bench,271,30,0,11460,ok
41287,1789699303497378,0,rollback,bench,862,34,0,11460,ok
41287,1789699303497379,0,rollback,bench,61,27,0,11460,ok
41287,1789699303497379,0,rollback,bench,254,37,0,11460,ok
41287,1789699303497380,0,rollback,bench,866,35,0,11460,ok
41292,1789699303497394,0,rollback,bench,407,37,0,11461,ok
41292,1789699303497395,0,rollback,bench,938,29,0,11461,ok
41292,1789699303497395,0,rollback,bench,919,24,0,11461,ok
41292,1789699303497395,0,rollback,bench,535,30,0,11461,ok
41292,1789699303497396,0,rollback,bench,125,34,0,11461,ok
41304,1789699303502535,0,rollback,bench,148,27,0,11465,ok
41304,1789699303502537,0,rollback,bench,720,40,0,11465,ok
41304,1789699303502537,0,rollback,bench,555,40,0,11465,ok
41304,1789699303502538,0,rollback,bench,106,35,0,11465,ok
41304,1789699303502538,0,rollback,bench,693,26,0,11465,ok
41334,1789699303520245,0,rollback,bench,263,30,0,11474,ok
41374,1789699303548737,0,rollback,bench,873,40,0,11488,ok
41374,1789699303548738,0,rollback,bench,388,36,0,11488,ok
41374,1789699303548739,0,rollback,bench,620,39,0,11488,ok
41374,1789699303548739,0,rollback,bench,830,39,0,11488,ok
41381,1789699303550858,0,rollback,bench,101,33,0,11490,ok
41381,1789699303550859,0,rollback,bench,283,35,0,11490,ok
41388,1789699303554279,0,rollback,bench,727,37,0,11492,ok
41388,1789699303554280,0,rollback,bench,914,29,0,11492,ok
41388,1789699303554280,0,rollback,bench,641,28,0,11492,ok
41388,1789699303554281,0,rollback,bench,551,34,0,11492,ok
41404,1789699303563828,0,rollback,bench,974,25,0,11496,ok
41404,1789699303563829,0,rollback,bench,230,38,0,11496,ok
41404,1789699303563829,0,rollback,bench,544,33,0,11496,ok
41426,1789699303576386,0,rollback,bench,242,32,0,11502,ok
41426,1789699303576387,0,rollback,bench,944,35,0,11502,ok
41444,1789699303589113,0,rollback,bench,407,37,0,11507,ok
41461,1789699303621459,0,rollback,bench,326,29,0,11512,ok
41461,1789699303621461,0,rollback,bench,249,28,0,11512,ok
41461,1789699303621461,0,rollback,bench,64,33,0,11512,ok
41461,1789699303621462,0,rollback,bench,522,33,0,11512,ok
41483,1789699303634792,0,rollback,bench,345,28,0,11519,ok
41483,1789699303634794,0,rollback,bench,815,37,0,11519,ok
41483,1789699303634794,0,rollback,bench,927,32,0,11519,ok
41483,1789699303634795,0,rollback,bench,972,33,0,11519,ok
41504,1789699303645822,0,rollback,bench,647,29,0,11525,ok
41504,1789699303645824,0,rollback,bench,668,31,0,11525,ok
41504,1789699303645825,0,rollback,bench,618,38,0,11525,ok
41504,1789699303645825,0,rollback,bench,350,31,0,11525,ok
41504,1789699303645825,0,rollback,bench,762,30,0,11525,ok
41510,1789699303646456,0,rollback,bench,317,36,0,11527,ok
41510,1789699303646457,0,rollback,bench,589,35,0,11527,ok
41510,1789699303646457,0,rollback,bench,766,23,0,11527,ok
41510,1789699303646458,0,rollback,bench,77,33,0,11527,ok
41510,1789699303646458,0,rollback,bench,507,22,0,11527,ok
41533,1789699303659807,0,rollback,bench,535,30,0,11533,ok
41543,1789699303665638,0,rollback,bench,717,39,0,11537,ok
41543,1789699303665639,0,rollback,bench,572,39,0,11537,ok
41543,1789699303665640,0,rollback,bench,200,33,0,11537,ok
41543,1789699303665641,0,rollback,bench,741,22,0,11537,ok
41543,1789699303665641,0,rollback,bench,508,37,0,11537,ok
41549,1789699303666321,0,rollback,bench,434,25,0,11539,ok
41549,1789699303666322,0,rollback,bench,921,28,0,11539,ok
41549,1789699303666323,0,rollback,bench,633,30,0,11539,ok
41549,1789699303666323,0,rollback,bench,221,39,0,11539,ok
41549,1789699303666323,0,rollback,bench,224,41,0,11539,ok
41567,1789699303677666,0,rollback,bench,119,25,0,11544,ok
41567,1789699303677668,0,rollback,bench,401,35,0,11544,ok
41567,1789699303677669,0,rollback,bench,210,31,0,11544,ok
41567,1789699303677669,0,rollback,bench,552,31,0,11544,ok
41585,1789699303688916,0,rollback,bench,466,31,0,11550,ok
41585,1789699303688917,0,rollback,bench,958,40,0,11550,ok
41587,1789699303688921,0,rollback,bench,506,49,0,11551,ok
41587,1789699303688922,0,rollback,bench,375,35,0,11551,ok
41589,1789699303688948,0,rollback,bench,850,36,0,11552,ok
41589,1789699303688948,0,rollback,bench,516,28,0,11552,ok
41589,1789699303688948,0,rollback,bench,290,32,0,11552,ok
41589,1789699303688949,0,rollback,bench,857,28,0,11552,ok
41593,1789699303688952,0,rollback,bench,367,21,0,11553,ok
41594,1789699303688963,0,rollback,bench,238,30,0,11554,ok
41594,1789699303688964,0,rollback,bench,593,17,0,11554,ok
41594,1789699303688964,0,rollback,bench,393,34,0,11554,ok
41594,1789699303688965,0,rollback,bench,684,22,0,11554,ok
41618,1789699303703577,0,rollback,bench,983,31,0,11562,ok
41618,1789699303703579,0,rollback,bench,937,29,0,11562,ok
41629,1789699303709949,0,rollback,bench,420,27,0,11565,ok
41629,1789699303709951,0,rollback,bench,539,36,0,11565,ok
41629,1789699303709951,0,rollback,bench,238,30,0,11565,ok
41632,1789699303709955,0,rollback,bench,422,25,0,11566,ok
41632,1789699303709956,0,rollback,bench,808,27,0,11566,ok
41642,1789699303715443,0,rollback,bench,286,34,0,11569,ok
41647,1789699303717901,0,rollback,bench,367,21,0,11571,ok
41647,1789699303717902,0,rollback,bench,89,30,0,11571,ok
41647,1789699303717903,0,rollback,bench,472,37,0,11571,ok
41647,1789699303717903,0,rollback,bench,361,38,0,11571,ok
41658,1789699303722376,0,rollback,bench,873,40,0,11575,ok
41658,1789699303722376,0,rollback,bench,631,41,0,11575,ok
41658,1789699303722377,0,rollback,bench,4,33,0,11575,ok
41658,1789699303722377,0,rollback,bench,110,25,0,11575,ok
41658,1789699303722378,0,rollback,bench,725,34,0,11575,ok
41680,1789699303735672,0,rollback,bench,834,44,0,11582,ok
41680,1789699303735674,0,rollback,bench,218,40,0,11582,ok
41680,1789699303735675,0,rollback,bench,826,32,0,11582,ok
41690,1789699303741066,0,rollback,bench,657,24,0,11585,ok
41690,1789699303741067,0,rollback,bench,335,33,0,11585,ok
41690,1789699303741067,0,rollback,bench,350,31,0,11585,ok
41702,1789699303746989,0,rollback,bench,271,33,0,11588,ok
41739,1789699303772803,0,rollback,bench,984,42,0,11599,ok
41740,1789699303772825,0,rollback,bench,735,30,0,11600,ok
41740,1789699303772826,0,rollback,bench,64,33,0,11600,ok
41740,1789699303772826,0,rollback,bench,470,39,0,11600,ok
41767,1789699303789443,0,rollback,bench,196,26,0,11610,ok
41793,1789699303806835,0,rollback,bench,292,33,0,11617,ok
41793,1789699303806837,0,rollback,bench,65,25,0,11617,ok
41793,1789699303806837,0,rollback,bench,455,29,0,11617,ok
41796,1789699303806842,0,rollback,bench,23,35,0,11618,ok
41796,1789699303806842,0,rollback,bench,755,45,0,11618,ok
41798,1789699303806853,0,rollback,bench,991,25,0,11619,ok
41798,1789699303806854,0,rollback,bench,996,26,0,11619,ok
41798,1789699303806854,0,rollback,bench,479,34,0,11619,ok
41798,1789699303806855,0,rollback,bench,731,26,0,11619,ok
41807,1789699303810180,0,rollback,bench,638,34,0,11622,ok
41807,1789699303810181,0,rollback,bench,779,31,0,11622,ok
41807,1789699303810181,0,rollback,bench,914,30,0,11622,ok
41833,1789699303826535,0,rollback,bench,682,31,0,11629,ok
41833,1789699303826536,0,rollback,bench,613,40,0,11629,ok
41849,1789699303835487,0,rollback,bench,889,48,0,11634,ok
41849,1789699303835488,0,rollback,bench,734,38,0,11634,ok
41849,1789699303835489,0,rollback,bench,357,26,0,11634,ok
41849,1789699303835489,0,rollback,bench,648,44,0,11634,ok
41855,1789699303836915,0,rollback,bench,514,34,0,11637,ok
41859,1789699303838480,0,rollback,bench,631,41,0,11639,ok
41859,1789699303838481,0,rollback,bench,971,27,0,11639,ok
41859,1789699303838481,0,rollback,bench,568,34,0,11639,ok
41859,1789699303838482,0,rollback,bench,204,34,0,11639,ok
41859,1789699303838482,0,rollback,bench,804,30,0,11639,ok
41873,1789699303843460,0,rollback,bench,918,44,0,11643,ok
41879,1789699303846666,0,rollback,bench,189,35,0,11645,ok
41879,1789699303846667,0,rollback,bench,472,37,0,11645,ok
41879,1789699303846667,0,rollback,bench,160,32,0,11645,ok
41891,1789699303852079,0,rollback,bench,548,38,0,11649,ok
41901,1789699303857703,0,rollback,bench,385,28,0,11653,ok
41901,1789699303857704,0,rollback,bench,330,30,0,11653,ok
41901,1789699303857704,0,rollback,bench,737,35,0,11653,ok
41904,1789699303857715,0,rollback,bench,988,27,0,11654,ok
41904,1789699303857715,0,rollback,bench,444,32,0,11654,ok
41904,1789699303857716,0,rollback,bench,338,34,0,11654,ok
41904,1789699303857716,0,rollback,bench,818,39,0,11654,ok
41910,1789699303859588,0,rollback,bench,484,33,0,11656,ok
41910,1789699303859589,0,rollback,bench,217,32,0,11656,ok
41910,1789699303859590,0,rollback,bench,148,27,0,11656,ok
41910,1789699303859590,0,rollback,bench,291,30,0,11656,ok
41936,1789699303872817,0,rollback,bench,367,21,0,11664,ok
41941,1789699303875418,0,rollback,bench,380,35,0,11666,ok
41941,1789699303875419,0,rollback,bench,40,40,0,11666,ok
41941,1789699303875420,0,rollback,bench,877,35,0,11666,ok
41941,1789699303875420,0,rollback,bench,255,35,0,11666,ok
41941,1789699303875420,0,rollback,bench,758,24,0,11666,ok
41946,1789699303875433,0,rollback,bench,273,23,0,11667,ok
41946,1789699303875433,0,rollback,bench,200,33,0,11667,ok
41946,1789699303875434,0,rollback,bench,634,30,0,11667,ok
41946,1789699303875434,0,rollback,bench,376,41,0,11667,ok
41965,1789699303883662,0,rollback,bench,789,34,0,11673,ok
41965,1789699303883663,0,rollback,bench,974,27,0,11673,ok
41965,1789699303883663,0,rollback,bench,760,32,0,11673,ok
41965,1789699303883664,0,rollback,bench,276,26,0,11673,ok
41969,1789699303883676,0,rollback,bench,395,26,0,11674,ok
41969,1789699303883677,0,rollback,bench,569,35,0,11674,ok
41969,1789699303883677,0,rollback,bench,199,24,0,11674,ok
41969,1789699303883677,0,rollback,bench,484,33,0,11674,ok
41969,1789699303883678,0,rollback,bench,318,30,0,11674,ok
41977,1789699303885254,0,rollback,bench,344,42,0,11676,ok
41977,1789699303885255,0,rollback,bench,155,44,0,11676,ok
41988,1789699303890981,0,rollback,bench,710,37,0,11680,ok
41988,1789699303890982,0,rollback,bench,7,27,0,11680,ok
41988,1789699303890983,0,rollback,bench,506,49,0,11680,ok
41988,1789699303890983,0,rollback,bench,772,40,0,11680,ok
41998,1789699303894899,0,rollback,bench,126,34,0,11683,ok
41998,1789699303894900,0,rollback,bench,27,35,0,11683,ok
42000,1789699303894902,0,rollback,bench,969,39,0,11684,ok
42005,1789699303897388,0,rollback,bench,171,43,0,11686,ok
42005,1789699303897389,0,rollback,bench,703,24,0,11686,ok
42005,1789699303897389,0,rollback,bench,638,34,0,11686,ok
42035,1789699303913706,0,rollback,bench,365,34,0,11697,ok
42035,1789699303913708,0,rollback,bench,222,40,0,11697,ok
42035,1789699303913708,0,rollback,bench,692,35,0,11697,ok
42035,1789699303913708,0,rollback,bench,897,28,0,11697,ok
42053,1789699303923526,0,rollback,bench,459,36,0,11703,ok
42053,1789699303923527,0,rollback,bench,393,35,0,11703,ok
42053,1789699303923527,0,rollback,bench,631,42,0,11703,ok
42053,1789699303923528,0,rollback,bench,545,43,0,11703,ok
42053,1789699303923528,0,rollback,bench,671,31,0,11703,ok
42063,1789699303926400,0,rollback,bench,202,29,0,11705,ok
42087,1789699303942327,0,rollback,bench,180,27,0,11713,ok
42087,1789699303942328,0,rollback,bench,21,31,0,11713,ok
42087,1789699303942329,0,rollback,bench,353,31,0,11713,ok
42090,1789699303942341,0,rollback,bench,327,39,0,11714,ok
42090,1789699303942341,0,rollback,bench,292,33,0,11714,ok
42090,1789699303942342,0,rollback,bench,489,34,0,11714,ok
42090,1789699303942342,0,rollback,bench,859,40,0,11714,ok
42090,1789699303942342,0,rollback,bench,5,25,0,11714,ok
42101,1789699303946387,0,rollback,bench,592,31,0,11717,ok
42101,1789699303946388,0,rollback,bench,207,46,0,11717,ok
42101,1789699303946388,0,rollback,bench,715,32,0,11717,ok
42104,1789699303946399,0,rollback,bench,854,29,0,11718,ok
42104,1789699303946399,0,rollback,bench,20,40,0,11718,ok
42104,1789699303946399,0,rollback,bench,63,40,0,11718,ok
42104,1789699303946400,0,rollback,bench,431,47,0,11718,ok
42112,1789699303949039,0,rollback,bench,164,46,0,11720,ok
42112,1789699303949040,0,rollback,bench,389,27,0,11720,ok
42112,1789699303949041,0,rollback,bench,288,34,0,11720,ok
42112,1789699303949041,0,rollback,bench,770,25,0,11720,ok
42112,1789699303949041,0,rollback,bench,861,35,0,11720,ok
42138,1789699303963657,0,rollback,bench,215,28,0,11727,ok
42138,1789699303963658,0,rollback,bench,245,30,0,11727,ok
42138,1789699303963659,0,rollback,bench,219,37,0,11727,ok
42138,1789699303963659,0,rollback,bench,565,24,0,11727,ok
42138,1789699303963660,0,rollback,bench,18,29,0,11727,ok
42156,1789699303972407,0,rollback,bench,514,35,0,11732,ok
42156,1789699303972409,0,rollback,bench,739,31,0,11732,ok
42156,1789699303972410,0,rollback,bench,49,30,0,11732,ok
42183,1789699303989617,0,rollback,bench,37,29,0,11741,ok
42183,1789699303989618,0,rollback,bench,668,31,0,11741,ok
42187,1789699303990684,0,rollback,bench,753,37,0,11743,ok
42187,1789699303990685,0,rollback,bench,725,34,0,11743,ok
42187,1789699303990685,0,rollback,bench,273,23,0,11743,ok
42187,1789699303990685,0,rollback,bench,263,30,0,11743,ok
42195,1789699303993632,0,rollback,bench,445,37,0,11745,ok
42195,1789699303993633,0,rollback,bench,753,37,0,11745,ok
42195,1789699303993633,0,rollback,bench,827,31,0,11745,ok
42195,1789699303993634,0,rollback,bench,670,38,0,11745,ok
42195,1789699303993634,0,rollback,bench,728,44,0,11745,ok
42205,1789699303996684,0,rollback,bench,643,26,0,11748,ok
42206,1789699303996706,0,rollback,bench,716,41,0,11749,ok
42206,1789699303996706,0,rollback,bench,341,30,0,11749,ok
42206,1789699303996706,0,rollback,bench,949,30,0,11749,ok
42206,1789699303996707,0,rollback,bench,277,39,0,11749,ok
42206,1789699303996707,0,rollback,bench,479,34,0,11749,ok
42239,1789699304020647,0,rollback,bench,57,38,0,11760,ok
42239,1789699304020649,0,rollback,bench,264,29,0,11760,ok
42239,1789699304020649,0,rollback,bench,687,29,0,11760,ok
42242,1789699304020660,0,rollback,bench,651,39,0,11761,ok
42242,1789699304020660,0,rollback,bench,923,24,0,11761,ok
42242,1789699304020661,0,rollback,bench,225,39,0,11761,ok
42242,1789699304020661,0,rollback,bench,396,40,0,11761,ok
42246,1789699304020669,0,rollback,bench,847,32,0,11762,ok
42246,1789699304020669,0,rollback,bench,173,31,0,11762,ok
42246,1789699304020669,0,rollback,bench,357,27,0,11762,ok
42249,1789699304020674,0,rollback,bench,188,35,0,11763,ok
42249,1789699304020674,0,rollback,bench,857,30,0,11763,ok
42257,1789699304024516,0,rollback,bench,433,26,0,11767,ok
42257,1789699304024517,0,rollback,bench,249,28,0,11767,ok
42265,1789699304028373,0,rollback,bench,324,35,0,11770,ok
42275,1789699304034826,0,rollback,bench,461,32,0,11774,ok
42275,1789699304034827,0,rollback,bench,196,27,0,11774,ok
42275,1789699304034827,0,rollback,bench,165,33,0,11774,ok
42275,1789699304034828,0,rollback,bench,54,35,0,11774,ok
42303,1789699304049748,0,rollback,bench,885,30,0,11786,ok
42303,1789699304049750,0,rollback,bench,59,30,0,11786,ok
42303,1789699304049750,0,rollback,bench,931,33,0,11786,ok
42306,1789699304049755,0,rollback,bench,444,32,0,11787,ok
42306,1789699304049755,0,rollback,bench,294,29,0,11787,ok
42308,1789699304049766,0,rollback,bench,374,34,0,11788,ok
42308,1789699304049766,0,rollback,bench,467,38,0,11788,ok
42308,1789699304049767,0,rollback,bench,450,35,0,11788,ok
42308,1789699304049767,0,rollback,bench,827,31,0,11788,ok
42367,1789699304086832,0,rollback,bench,597,34,0,11807,ok
42367,1789699304086834,0,rollback,bench,849,35,0,11807,ok
42367,1789699304086834,0,rollback,bench,181,40,0,11807,ok
42367,1789699304086835,0,rollback,bench,260,31,0,11807,ok
42367,1789699304086835,0,rollback,bench,353,31,0,11807,ok
42372,1789699304086843,0,rollback,bench,122,42,0,11808,ok
42372,1789699304086844,0,rollback,bench,762,31,0,11808,ok
42372,1789699304086844,0,rollback,bench,487,28,0,11808,ok
42376,1789699304087570,0,rollback,bench,287,30,0,11810,ok
42376,1789699304087571,0,rollback,bench,981,27,0,11810,ok
42376,1789699304087572,0,rollback,bench,361,38,0,11810,ok
42380,1789699304088210,0,rollback,bench,160,32,0,11812,ok
42380,1789699304088211,0,rollback,bench,214,38,0,11812,ok
42380,1789699304088211,0,rollback,bench,758,24,0,11812,ok
42380,1789699304088211,0,rollback,bench,103,30,0,11812,ok
42389,1789699304091879,0,rollback,bench,593,18,0,11814,ok
42389,1789699304091880,0,rollback,bench,314,36,0,11814,ok
42389,1789699304091881,0,rollback,bench,770,25,0,11814,ok
42389,1789699304091881,0,rollback,bench,638,34,0,11814,ok
42402,1789699304097196,0,rollback,bench,746,38,0,11818,ok
42411,1789699304101730,0,rollback,bench,368,29,0,11821,ok
42411,1789699304101731,0,rollback,bench,101,33,0,11821,ok
42416,1789699304103411,0,rollback,bench,668,31,0,11823,ok
42416,1789699304103411,0,rollback,bench,311,37,0,11823,ok
42418,1789699304103414,0,rollback,bench,575,36,0,11824,ok
42442,1789699304117309,0,rollback,bench,909,45,0,11834,ok
42442,1789699304117310,0,rollback,bench,377,34,0,11834,ok
42442,1789699304117311,0,rollback,bench,717,41,0,11834,ok
42454,1789699304123046,0,rollback,bench,411,31,0,11838,ok
42454,1789699304123047,0,rollback,bench,133,33,0,11838,ok
42454,1789699304123047,0,rollback,bench,297,39,0,11838,ok
42468,1789699304130049,0,rollback,bench,688,33,0,11845,ok
42468,1789699304130050,0,rollback,bench,870,28,0,11845,ok
42468,1789699304130051,0,rollback,bench,617,33,0,11845,ok
42468,1789699304130051,0,rollback,bench,236,36,0,11845,ok
42468,1789699304130051,0,rollback,bench,924,25,0,11845,ok
42473,1789699304130054,0,rollback,bench,92,37,0,11846,ok
42474,1789699304130058,0,rollback,bench,515,37,0,11847,ok
42474,1789699304130058,0,rollback,bench,815,39,0,11847,ok
42481,1789699304133076,0,rollback,bench,385,28,0,11849,ok
42481,1789699304133077,0,rollback,bench,49,30,0,11849,ok
42509,1789699304147783,0,rollback,bench,323,31,0,11859,ok
42509,1789699304147784,0,rollback,bench,916,36,0,11859,ok
42509,1789699304147784,0,rollback,bench,80,37,0,11859,ok
42509,1789699304147785,0,rollback,bench,960,34,0,11859,ok
42513,1789699304147793,0,rollback,bench,668,31,0,11860,ok
42513,1789699304147793,0,rollback,bench,625,34,0,11860,ok
42513,1789699304147794,0,rollback,bench,938,30,0,11860,ok
42516,1789699304147801,0,rollback,bench,785,36,0,11861,ok
42516,1789699304147801,0,rollback,bench,181,40,0,11861,ok
42516,1789699304147801,0,rollback,bench,666,38,0,11861,ok
42523,1789699304149790,0,rollback,bench,771,36,0,11863,ok
42523,1789699304149791,0,rollback,bench,410,27,0,11863,ok
42523,1789699304149791,0,rollback,bench,372,27,0,11863,ok
42530,1789699304152061,0,rollback,bench,991,26,0,11866,ok
42534,1789699304154056,0,rollback,bench,44,34,0,11869,ok
42534,1789699304154069,0,rollback,bench,321,39,0,11869,ok
42558,1789699304169030,0,rollback,bench,552,32,0,11877,ok
42558,1789699304169031,0,rollback,bench,30,28,0,11877,ok
42558,1789699304169031,0,rollback,bench,65,25,0,11877,ok
42561,1789699304169041,0,rollback,bench,975,35,0,11878,ok
42561,1789699304169042,0,rollback,bench,751,30,0,11878,ok
42561,1789699304169042,0,rollback,bench,945,29,0,11878,ok
42565,1789699304169471,0,rollback,bench,608,25,0,11880,ok
42565,1789699304169471,0,rollback,bench,409,39,0,11880,ok
42565,1789699304169472,0,rollback,bench,577,32,0,11880,ok
42565,1789699304169472,0,rollback,bench,317,38,0,11880,ok
42565,1789699304169473,0,rollback,bench,883,37,0,11880,ok
42571,1789699304170253,0,rollback,bench,757,26,0,11882,ok
42571,1789699304170254,0,rollback,bench,219,37,0,11882,ok
42571,1789699304170254,0,rollback,bench,988,27,0,11882,ok
42588,1789699304179195,0,rollback,bench,162,36,0,11887,ok
42588,1789699304179196,0,rollback,bench,825,41,0,11887,ok
42600,1789699304187180,0,rollback,bench,0,29,0,11892,ok
42613,1789699304196473,0,rollback,bench,34,35,0,11897,ok
42613,1789699304196474,0,rollback,bench,361,38,0,11897,ok
42622,1789699304201164,0,rollback,bench,480,31,0,11900,ok
42625,1789699304202593,0,rollback,bench,334,31,0,11903,ok
42626,1789699304202616,0,rollback,bench,448,42,0,11904,ok
42626,1789699304202617,0,rollback,bench,334,31,0,11904,ok
42626,1789699304202617,0,rollback,bench,674,33,0,11904,ok
42626,1789699304202618,0,rollback,bench,255,36,0,11904,ok
42633,1789699304204211,0,rollback,bench,991,26,0,11906,ok
42633,1789699304204212,0,rollback,bench,977,39,0,11906,ok
42633,1789699304204212,0,rollback,bench,305,34,0,11906,ok
42633,1789699304204213,0,rollback,bench,239,33,0,11906,ok
42633,1789699304204213,0,rollback,bench,680,40,0,11906,ok
42648,1789699304211098,0,rollback,bench,59,30,0,11910,ok
42649,1789699304211121,0,rollback,bench,207,46,0,11911,ok
42649,1789699304211122,0,rollback,bench,300,32,0,11911,ok
42649,1789699304211122,0,rollback,bench,863,34,0,11911,ok
42649,1789699304211123,0,rollback,bench,991,26,0,11911,ok
42677,1789699304227025,0,rollback,bench,67,30,0,11919,ok
42677,1789699304227026,0,rollback,bench,350,31,0,11919,ok
42677,1789699304227026,0,rollback,bench,72,30,0,11919,ok
42677,1789699304227027,0,rollback,bench,578,38,0,11919,ok
42708,1789699304244034,0,rollback,bench,98,41,0,11928,ok
42708,1789699304244035,0,rollback,bench,671,31,0,11928,ok
42710,1789699304244058,0,rollback,bench,54,35,0,11929,ok
42710,1789699304244058,0,rollback,bench,376,41,0,11929,ok
42710,1789699304244059,0,rollback,bench,890,43,0,11929,ok
42710,1789699304244059,0,rollback,bench,345,28,0,11929,ok
42718,1789699304246399,0,rollback,bench,632,53,0,11931,ok
42731,1789699304255139,0,rollback,bench,98,41,0,11935,ok
42731,1789699304255140,0,rollback,bench,704,33,0,11935,ok
42731,1789699304255141,0,rollback,bench,109,41,0,11935,ok
42731,1789699304255141,0,rollback,bench,833,30,0,11935,ok
42731,1789699304255142,0,rollback,bench,203,35,0,11935,ok
42755,1789699304267578,0,rollback,bench,961,33,0,11943,ok
42755,1789699304267579,0,rollback,bench,222,40,0,11943,ok
42755,1789699304267580,0,rollback,bench,516,29,0,11943,ok
42758,1789699304267588,0,rollback,bench,746,38,0,11944,ok
42758,1789699304267589,0,rollback,bench,741,23,0,11944,ok
42758,1789699304267589,0,rollback,bench,811,37,0,11944,ok
42764,1789699304269841,0,rollback,bench,912,23,0,11948,ok
42764,1789699304269842,0,rollback,bench,538,36,0,11948,ok
42764,1789699304269843,0,rollback,bench,268,33,0,11948,ok
42764,1789699304269843,0,rollback,bench,126,34,0,11948,ok
42764,1789699304269843,0,rollback,bench,447,30,0,11948,ok
42774,1789699304274231,0,rollback,bench,487,28,0,11950,ok
42774,1789699304274232,0,rollback,bench,654,37,0,11950,ok
42774,1789699304274233,0,rollback,bench,651,39,0,11950,ok
42780,1789699304276485,0,rollback,bench,649,36,0,11952,ok
42783,1789699304277838,0,rollback,bench,252,30,0,11954,ok
42783,1789699304277839,0,rollback,bench,158,29,0,11954,ok
42783,1789699304277840,0,rollback,bench,148,28,0,11954,ok
42783,1789699304277840,0,rollback,bench,11,36,0,11954,ok
42783,1789699304277840,0,rollback,bench,466,32,0,11954,ok
42788,1789699304277847,0,rollback,bench,380,35,0,11955,ok
42788,1789699304277847,0,rollback,bench,716,43,0,11955,ok
42790,1789699304277858,0,rollback,bench,433,26,0,11956,ok
42790,1789699304277858,0,rollback,bench,48,21,0,11956,ok
42790,1789699304277859,0,rollback,bench,200,34,0,11956,ok
42790,1789699304277859,0,rollback,bench,762,31,0,11956,ok
42799,1789699304281111,0,rollback,bench,873,42,0,11958,ok
42830,1789699304301983,0,rollback,bench,285,34,0,11968,ok
42830,1789699304301985,0,rollback,bench,849,35,0,11968,ok
42830,1789699304301985,0,rollback,bench,144,33,0,11968,ok
42843,1789699304308984,0,rollback,bench,497,38,0,11973,ok
42850,1789699304312699,0,rollback,bench,594,34,0,11976,ok
42850,1789699304312700,0,rollback,bench,138,37,0,11976,ok
42856,1789699304315518,0,rollback,bench,65,25,0,11978,ok
42856,1789699304315520,0,rollback,bench,468,33,0,11978,ok
42856,1789699304315520,0,rollback,bench,382,26,0,11978,ok
42859,1789699304315525,0,rollback,bench,968,45,0,11979,ok
42859,1789699304315525,0,rollback,bench,797,34,0,11979,ok
42888,1789699304333908,0,rollback,bench,760,33,0,11990,ok
42888,1789699304333910,0,rollback,bench,461,32,0,11990,ok
42888,1789699304333910,0,rollback,bench,927,32,0,11990,ok
42888,1789699304333910,0,rollback,bench,225,40,0,11990,ok
42888,1789699304333911,0,rollback,bench,89,33,0,11990,ok
42901,1789699304338654,0,rollback,bench,518,33,0,11993,ok
42901,1789699304338655,0,rollback,bench,926,39,0,11993,ok
42901,1789699304338655,0,rollback,bench,241,38,0,11993,ok
42901,1789699304338655,0,rollback,bench,262,37,0,11993,ok
42901,1789699304338656,0,rollback,bench,489,35,0,11993,ok
42912,1789699304341958,0,rollback,bench,34,35,0,11996,ok
42912,1789699304341959,0,rollback,bench,699,42,0,11996,ok
42912,1789699304341960,0,rollback,bench,963,37,0,11996,ok
42912,1789699304341960,0,rollback,bench,298,33,0,11996,ok
42912,1789699304341960,0,rollback,bench,481,32,0,11996,ok
42917,1789699304341970,0,rollback,bench,220,38,0,11997,ok
42917,1789699304341970,0,rollback,bench,861,35,0,11997,ok
42917,1789699304341970,0,rollback,bench,768,37,0,11997,ok
42917,1789699304341971,0,rollback,bench,459,36,0,11997,ok
42926,1789699304345129,0,rollback,bench,805,43,0,11999,ok
42957,1789699304363700,0,rollback,bench,219,39,0,12007,ok
42957,1789699304363701,0,rollback,bench,816,42,0,12007,ok
42957,1789699304363702,0,rollback,bench,381,37,0,12007,ok
42968,1789699304369251,0,rollback,bench,761,35,0,12011,ok
42974,1789699304372507,0,rollback,bench,28,39,0,12015,ok
42974,1789699304372507,0,rollback,bench,120,35,0,12015,ok
42977,1789699304373119,0,rollback,bench,56,26,0,12017,ok
42977,1789699304373119,0,rollback,bench,17,30,0,12017,ok
42977,1789699304373120,0,rollback,bench,10,26,0,12017,ok
42977,1789699304373120,0,rollback,bench,360,33,0,12017,ok
42977,1789699304373120,0,rollback,bench,784,30,0,12017,ok
42982,1789699304373129,0,rollback,bench,788,34,0,12018,ok
42982,1789699304373129,0,rollback,bench,497,38,0,12018,ok
42982,1789699304373129,0,rollback,bench,939,36,0,12018,ok
42982,1789699304373130,0,rollback,bench,951,30,0,12018,ok
42986,1789699304373134,0,rollback,bench,535,30,0,12019,ok
42986,1789699304373134,0,rollback,bench,979,48,0,12019,ok
42999,1789699304380198,0,rollback,bench,337,30,0,12023,ok
42999,1789699304380199,0,rollback,bench,525,26,0,12023,ok
42999,1789699304380200,0,rollback,bench,417,34,0,12023,ok
42999,1789699304380200,0,rollback,bench,239,33,0,12023,ok
42999,1789699304380200,0,rollback,bench,945,29,0,12023,ok
43023,1789699304398474,0,rollback,bench,387,28,0,12029,ok
43023,1789699304398475,0,rollback,bench,110,26,0,12029,ok
43023,1789699304398476,0,rollback,bench,666,39,0,12029,ok
43044,1789699304410791,0,rollback,bench,32,34,0,12037,ok
43044,1789699304410793,0,rollback,bench,318,31,0,12037,ok
43044,1789699304410794,0,rollback,bench,157,37,0,12037,ok
43044,1789699304410794,0,rollback,bench,840,35,0,12037,ok
43044,1789699304410794,0,rollback,bench,577,32,0,12037,ok
43071,1789699304424290,0,rollback,bench,415,33,0,12045,ok
43071,1789699304424291,0,rollback,bench,792,32,0,12045,ok
43071,1789699304424304,0,rollback,bench,123,42,0,12045,ok
43071,1789699304424305,0,rollback,bench,61,28,0,12045,ok
43071,1789699304424305,0,rollback,bench,130,37,0,12045,ok
43076,1789699304424311,0,rollback,bench,441,33,0,12046,ok
43076,1789699304424311,0,rollback,bench,99,41,0,12046,ok
43105,1789699304440797,0,rollback,bench,165,33,0,12057,ok
43105,1789699304440799,0,rollback,bench,801,38,0,12057,ok
43105,1789699304440799,0,rollback,bench,183,39,0,12057,ok
43105,1789699304440800,0,rollback,bench,653,40,0,12057,ok
43115,1789699304444488,0,rollback,bench,702,52,0,12062,ok
43149,1789699304466293,0,rollback,bench,177,36,0,12072,ok
43149,1789699304466294,0,rollback,bench,559,39,0,12072,ok
43151,1789699304466323,0,rollback,bench,799,33,0,12073,ok
43151,1789699304466323,0,rollback,bench,981,27,0,12073,ok
43151,1789699304466324,0,rollback,bench,679,32,0,12073,ok
43151,1789699304466324,0,rollback,bench,323,31,0,12073,ok
43151,1789699304466324,0,rollback,bench,694,39,0,12073,ok
43156,1789699304466336,0,rollback,bench,881,36,0,12074,ok
43156,1789699304466336,0,rollback,bench,118,42,0,12074,ok
43156,1789699304466336,0,rollback,bench,481,32,0,12074,ok
43156,1789699304466337,0,rollback,bench,585,31,0,12074,ok
43173,1789699304476210,0,rollback,bench,608,27,0,12080,ok
43173,1789699304476211,0,rollback,bench,158,29,0,12080,ok
43173,1789699304476212,0,rollback,bench,32,34,0,12080,ok
43173,1789699304476212,0,rollback,bench,775,41,0,12080,ok
43173,1789699304476213,0,rollback,bench,532,34,0,12080,ok
43182,1789699304478508,0,rollback,bench,860,41,0,12083,ok
43183,1789699304478513,0,rollback,bench,420,31,0,12084,ok
43183,1789699304478514,0,rollback,bench,512,31,0,12084,ok
43194,1789699304485039,0,rollback,bench,762,31,0,12087,ok
43194,1789699304485040,0,rollback,bench,306,24,0,12087,ok
43194,1789699304485041,0,rollback,bench,269,29,0,12087,ok
43194,1789699304485041,0,rollback,bench,176,31,0,12087,ok
43204,1789699304489112,0,rollback,bench,663,42,0,12091,ok
43220,1789699304498356,0,rollback,bench,118,42,0,12097,ok
43220,1789699304498357,0,rollback,bench,49,31,0,12097,ok
43220,1789699304498358,0,rollback,bench,912,23,0,12097,ok
43220,1789699304498358,0,rollback,bench,823,37,0,12097,ok
43266,1789699304523202,0,rollback,bench,690,37,0,12112,ok
43266,1789699304523204,0,rollback,bench,969,40,0,12112,ok
43266,1789699304523205,0,rollback,bench,679,32,0,12112,ok
43266,1789699304523205,0,rollback,bench,347,34,0,12112,ok
43266,1789699304523205,0,rollback,bench,655,40,0,12112,ok
43274,1789699304524572,0,rollback,bench,807,39,0,12114,ok
43274,1789699304524572,0,rollback,bench,286,34,0,12114,ok
43274,1789699304524573,0,rollback,bench,420,31,0,12114,ok
43274,1789699304524573,0,rollback,bench,384,41,0,12114,ok
43279,1789699304525002,0,rollback,bench,891,34,0,12116,ok
43284,1789699304528259,0,rollback,bench,464,32,0,12119,ok
43284,1789699304528260,0,rollback,bench,569,37,0,12119,ok
43284,1789699304528261,0,rollback,bench,275,27,0,12119,ok
43287,1789699304528265,0,rollback,bench,195,39,0,12120,ok
43287,1789699304528266,0,rollback,bench,577,32,0,12120,ok
43304,1789699304536941,0,rollback,bench,209,40,0,12127,ok
43304,1789699304536942,0,rollback,bench,435,41,0,12127,ok
43304,1789699304536942,0,rollback,bench,579,27,0,12127,ok
43304,1789699304536943,0,rollback,bench,546,28,0,12127,ok
43319,1789699304543595,0,rollback,bench,639,28,0,12132,ok
43319,1789699304543596,0,rollback,bench,511,42,0,12132,ok
43319,1789699304543596,0,rollback,bench,829,35,0,12132,ok
43319,1789699304543597,0,rollback,bench,459,36,0,12132,ok
43327,1789699304545526,0,rollback,bench,473,30,0,12134,ok
43327,1789699304545527,0,rollback,bench,701,39,0,12134,ok
43329,1789699304545573,0,rollback,bench,198,35,0,12135,ok
43329,1789699304545573,0,rollback,bench,87,40,0,12135,ok
43329,1789699304545574,0,rollback,bench,283,37,0,12135,ok
43329,1789699304545575,0,rollback,bench,344,42,0,12135,ok
43333,1789699304545591,0,rollback,bench,311,38,0,12136,ok
43333,1789699304545592,0,rollback,bench,781,40,0,12136,ok
43333,1789699304545592,0,rollback,bench,873,42,0,12136,ok
43333,1789699304545592,0,rollback,bench,336,25,0,12136,ok
43333,1789699304545593,0,rollback,bench,422,26,0,12136,ok
43350,1789699304553730,0,rollback,bench,955,38,0,12141,ok
43355,1789699304556257,0,rollback,bench,446,35,0,12143,ok
43355,1789699304556258,0,rollback,bench,299,26,0,12143,ok
43355,1789699304556258,0,rollback,bench,704,34,0,12143,ok
43355,1789699304556259,0,rollback,bench,574,33,0,12143,ok
43371,1789699304564867,0,rollback,bench,556,27,0,12147,ok
43371,1789699304564868,0,rollback,bench,421,41,0,12147,ok
43371,1789699304564869,0,rollback,bench,905,38,0,12147,ok
43407,1789699304585726,0,rollback,bench,935,33,0,12157,ok
43407,1789699304585727,0,rollback,bench,207,46,0,12157,ok
43407,1789699304585728,0,rollback,bench,520,24,0,12157,ok
43407,1789699304585728,0,rollback,bench,238,31,0,12157,ok
43407,1789699304585728,0,rollback,bench,749,38,0,12157,ok
43426,1789699304595775,0,rollback,bench,53,32,0,12162,ok
43426,1789699304595777,0,rollback,bench,422,26,0,12162,ok
43426,1789699304595777,0,rollback,bench,625,36,0,12162,ok
43426,1789699304595778,0,rollback,bench,753,38,0,12162,ok
43449,1789699304608399,0,rollback,bench,522,35,0,12169,ok
43449,1789699304608400,0,rollback,bench,501,31,0,12169,ok
43449,1789699304608401,0,rollback,bench,801,38,0,12169,ok
43465,1789699304616742,0,rollback,bench,24,38,0,12173,ok
43465,1789699304616744,0,rollback,bench,351,33,0,12173,ok
43467,1789699304616748,0,rollback,bench,954,37,0,12174,ok
43467,1789699304616748,0,rollback,bench,730,32,0,12174,ok
43478,1789699304622042,0,rollback,bench,724,34,0,12177,ok
43478,1789699304622043,0,rollback,bench,288,34,0,12177,ok
43480,1789699304622047,0,rollback,bench,950,29,0,12178,ok
43480,1789699304622047,0,rollback,bench,383,40,0,12178,ok
43490,1789699304626658,0,rollback,bench,759,31,0,12181,ok
43490,1789699304626659,0,rollback,bench,148,30,0,12181,ok
43490,1789699304626660,0,rollback,bench,760,33,0,12181,ok
43490,1789699304626660,0,rollback,bench,657,26,0,12181,ok
43490,1789699304626661,0,rollback,bench,420,33,0,12181,ok
43518,1789699304641287,0,rollback,bench,118,43,0,12191,ok
43555,1789699304663494,0,rollback,bench,436,35,0,12203,ok
43565,1789699304669019,0,rollback,bench,460,42,0,12207,ok
43565,1789699304669021,0,rollback,bench,365,35,0,12207,ok
43565,1789699304669021,0,rollback,bench,381,37,0,12207,ok
43565,1789699304669021,0,rollback,bench,530,31,0,12207,ok
43569,1789699304669034,0,rollback,bench,18,34,0,12208,ok
43569,1789699304669034,0,rollback,bench,244,38,0,12208,ok
43569,1789699304669035,0,rollback,bench,142,34,0,12208,ok
43569,1789699304669035,0,rollback,bench,954,37,0,12208,ok
43569,1789699304669035,0,rollback,bench,531,34,0,12208,ok
43602,1789699304685691,0,rollback,bench,612,34,0,12219,ok
43603,1789699304685713,0,rollback,bench,538,36,0,12220,ok
43603,1789699304685714,0,rollback,bench,345,28,0,12220,ok
43603,1789699304685714,0,rollback,bench,746,38,0,12220,ok
43603,1789699304685714,0,rollback,bench,84,36,0,12220,ok
43603,1789699304685715,0,rollback,bench,846,38,0,12220,ok
43608,1789699304685717,0,rollback,bench,866,37,0,12221,ok
43609,1789699304685721,0,rollback,bench,693,28,0,12222,ok
43609,1789699304685721,0,rollback,bench,104,38,0,12222,ok
43625,1789699304694514,0,rollback,bench,471,33,0,12229,ok
43625,1789699304694515,0,rollback,bench,653,40,0,12229,ok
43625,1789699304694516,0,rollback,bench,883,38,0,12229,ok
43628,1789699304694529,0,rollback,bench,824,40,0,12230,ok
43628,1789699304694529,0,rollback,bench,568,34,0,12230,ok
43628,1789699304694529,0,rollback,bench,776,28,0,12230,ok
43628,1789699304694530,0,rollback,bench,309,19,0,12230,ok
43628,1789699304694530,0,rollback,bench,328,27,0,12230,ok
43633,1789699304694532,0,rollback,bench,823,37,0,12231,ok
43634,1789699304694568,0,rollback,bench,500,26,0,12232,ok
43634,1789699304694569,0,rollback,bench,143,31,0,12232,ok
43634,1789699304694569,0,rollback,bench,933,30,0,12232,ok
43634,1789699304694570,0,rollback,bench,44,35,0,12232,ok
43638,1789699304694577,0,rollback,bench,36,30,0,12233,ok
43638,1789699304694577,0,rollback,bench,243,27,0,12233,ok
43638,1789699304694578,0,rollback,bench,794,28,0,12233,ok
43641,1789699304694590,0,rollback,bench,119,26,0,12234,ok
43653,1789699304700788,0,rollback,bench,233,28,0,12238,ok
43653,1789699304700789,0,rollback,bench,268,35,0,12238,ok
43666,1789699304707317,0,rollback,bench,286,34,0,12243,ok
43666,1789699304707317,0,rollback,bench,536,32,0,12243,ok
43668,1789699304707322,0,rollback,bench,900,40,0,12244,ok
43668,1789699304707323,0,rollback,bench,302,35,0,12244,ok
43670,1789699304707327,0,rollback,bench,223,34,0,12245,ok
43670,1789699304707328,0,rollback,bench,256,40,0,12245,ok
43672,1789699304707340,0,rollback,bench,131,34,0,12246,ok
43672,1789699304707340,0,rollback,bench,449,31,0,12246,ok
43672,1789699304707340,0,rollback,bench,328,27,0,12246,ok
43683,1789699304711819,0,rollback,bench,164,49,0,12250,ok
43683,1789699304711820,0,rollback,bench,879,32,0,12250,ok
43683,1789699304711821,0,rollback,bench,477,29,0,12250,ok
43686,1789699304711828,0,rollback,bench,463,53,0,12251,ok
43686,1789699304711829,0,rollback,bench,210,34,0,12251,ok
43686,1789699304711829,0,rollback,bench,980,24,0,12251,ok
43700,1789699304719061,0,rollback,bench,64,33,0,12257,ok
43700,1789699304719061,0,rollback,bench,806,38,0,12257,ok
43700,1789699304719062,0,rollback,bench,746,38,0,12257,ok
43705,1789699304720331,0,rollback,bench,477,29,0,12259,ok
43705,1789699304720332,0,rollback,bench,26,24,0,12259,ok
43705,1789699304720332,0,rollback,bench,138,38,0,12259,ok
43713,1789699304722734,0,rollback,bench,328,27,0,12261,ok
43713,1789699304722735,0,rollback,bench,573,37,0,12261,ok
43715,1789699304722737,0,rollback,bench,395,28,0,12262,ok
43732,1789699304732366,0,rollback,bench,367,21,0,12270,ok
43737,1789699304734666,0,rollback,bench,227,25,0,12273,ok
43737,1789699304734667,0,rollback,bench,924,28,0,12273,ok
43737,1789699304734667,0,rollback,bench,30,30,0,12273,ok
43737,1789699304734668,0,rollback,bench,972,33,0,12273,ok
43737,1789699304734668,0,rollback,bench,638,36,0,12273,ok
43742,1789699304734675,0,rollback,bench,509,32,0,12274,ok
43742,1789699304734676,0,rollback,bench,873,42,0,12274,ok
43742,1789699304734676,0,rollback,bench,671,32,0,12274,ok
43747,1789699304736435,0,rollback,bench,877,37,0,12276,ok
43747,1789699304736436,0,rollback,bench,769,48,0,12276,ok
43747,1789699304736436,0,rollback,bench,47,31,0,12276,ok
43747,1789699304736437,0,rollback,bench,28,39,0,12276,ok
43747,1789699304736437,0,rollback,bench,645,36,0,12276,ok
43776,1789699304771623,0,rollback,bench,70,29,0,12285,ok
43776,1789699304771624,0,rollback,bench,667,35,0,12285,ok
43776,1789699304771625,0,rollback,bench,473,30,0,12285,ok
43776,1789699304771625,0,rollback,bench,951,30,0,12285,ok
43776,1789699304771626,0,rollback,bench,707,33,0,12285,ok
43794,1789699304779429,0,rollback,bench,425,35,0,12290,ok
43794,1789699304779430,0,rollback,bench,782,34,0,12290,ok
43794,1789699304779430,0,rollback,bench,692,35,0,12290,ok
43794,1789699304779431,0,rollback,bench,495,27,0,12290,ok
43794,1789699304779431,0,rollback,bench,401,38,0,12290,ok
43816,1789699304791306,0,rollback,bench,627,37,0,12295,ok
43820,1789699304793143,0,rollback,bench,937,33,0,12297,ok
43820,1789699304793144,0,rollback,bench,216,44,0,12297,ok
43820,1789699304793145,0,rollback,bench,549,28,0,12297,ok
43820,1789699304793145,0,rollback,bench,90,34,0,12297,ok
43834,1789699304800284,0,rollback,bench,582,30,0,12301,ok
43834,1789699304800285,0,rollback,bench,286,34,0,12301,ok
43834,1789699304800286,0,rollback,bench,301,27,0,12301,ok
43834,1789699304800286,0,rollback,bench,944,38,0,12301,ok
43859,1789699304813149,0,rollback,bench,20,41,0,12308,ok
43859,1789699304813150,0,rollback,bench,257,38,0,12308,ok
43859,1789699304813150,0,rollback,bench,670,39,0,12308,ok
43868,1789699304816643,0,rollback,bench,396,40,0,12311,ok
43870,1789699304817224,0,rollback,bench,617,34,0,12313,ok
43894,1789699304832157,0,rollback,bench,763,33,0,12320,ok
43894,1789699304832158,0,rollback,bench,348,41,0,12320,ok
43894,1789699304832159,0,rollback,bench,831,19,0,12320,ok
43894,1789699304832159,0,rollback,bench,264,29,0,12320,ok
43924,1789699304848482,0,rollback,bench,934,38,0,12329,ok
43924,1789699304848483,0,rollback,bench,435,41,0,12329,ok
43924,1789699304848484,0,rollback,bench,798,25,0,12329,ok
43934,1789699304852343,0,rollback,bench,204,37,0,12332,ok
43934,1789699304852344,0,rollback,bench,784,32,0,12332,ok
43941,1789699304855730,0,rollback,bench,15,39,0,12334,ok
43941,1789699304855731,0,rollback,bench,799,36,0,12334,ok
43941,1789699304855732,0,rollback,bench,396,40,0,12334,ok
43941,1789699304855732,0,rollback,bench,544,37,0,12334,ok
43941,1789699304855733,0,rollback,bench,139,44,0,12334,ok
43949,1789699304857403,0,rollback,bench,365,35,0,12336,ok
43949,1789699304857404,0,rollback,bench,719,38,0,12336,ok
43949,1789699304857404,0,rollback,bench,124,32,0,12336,ok
43949,1789699304857405,0,rollback,bench,237,39,0,12336,ok
43949,1789699304857405,0,rollback,bench,978,35,0,12336,ok
43954,1789699304857408,0,rollback,bench,510,28,0,12337,ok
43965,1789699304862639,0,rollback,bench,312,30,0,12340,ok
43965,1789699304862640,0,rollback,bench,141,29,0,12340,ok
43979,1789699304868872,0,rollback,bench,294,31,0,12346,ok
43979,1789699304868873,0,rollback,bench,551,35,0,12346,ok
43979,1789699304868873,0,rollback,bench,301,28,0,12346,ok
44000,1789699304880258,0,rollback,bench,438,31,0,12354,ok
44000,1789699304880268,0,rollback,bench,773,34,0,12354,ok
44000,1789699304880269,0,rollback,bench,643,30,0,12354,ok
44000,1789699304880269,0,rollback,bench,443,35,0,12354,ok
44006,1789699304881366,0,rollback,bench,322,38,0,12356,ok
44006,1789699304881367,0,rollback,bench,351,34,0,12356,ok
44006,1789699304881367,0,rollback,bench,484,34,0,12356,ok
44006,1789699304881367,0,rollback,bench,500,27,0,12356,ok
44006,1789699304881368,0,rollback,bench,98,41,0,12356,ok
44015,1789699304884078,0,rollback,bench,723,39,0,12359,ok
44015,1789699304884079,0,rollback,bench,140,37,0,12359,ok
44043,1789699304898095,0,rollback,bench,634,35,0,12371,ok
44043,1789699304898096,0,rollback,bench,680,41,0,12371,ok
44043,1789699304898097,0,rollback,bench,377,34,0,12371,ok
44054,1789699304902163,0,rollback,bench,83,48,0,12374,ok
44089,1789699304921608,0,rollback,bench,651,39,0,12385,ok
44089,1789699304921610,0,rollback,bench,824,40,0,12385,ok
44123,1789699304938686,0,rollback,bench,426,37,0,12395,ok
44123,1789699304938687,0,rollback,bench,470,41,0,12395,ok
44123,1789699304938688,0,rollback,bench,154,38,0,12395,ok
44123,1789699304938688,0,rollback,bench,356,33,0,12395,ok
44145,1789699304949328,0,rollback,bench,640,30,0,12404,ok
44145,1789699304949330,0,rollback,bench,581,50,0,12404,ok
44145,1789699304949330,0,rollback,bench,504,45,0,12404,ok
44172,1789699304963912,0,rollback,bench,663,43,0,12413,ok
44172,1789699304963913,0,rollback,bench,447,30,0,12413,ok
44172,1789699304963913,0,rollback,bench,567,31,0,12413,ok
44172,1789699304963914,0,rollback,bench,943,41,0,12413,ok
44172,1789699304963914,0,rollback,bench,235,39,0,12413,ok
44209,1789699304981880,0,rollback,bench,923,24,0,12422,ok
44209,1789699304981882,0,rollback,bench,970,30,0,12422,ok
44209,1789699304981883,0,rollback,bench,859,40,0,12422,ok
44209,1789699304981883,0,rollback,bench,300,34,0,12422,ok
44209,1789699304981884,0,rollback,bench,703,25,0,12422,ok
44225,1789699304988446,0,rollback,bench,343,40,0,12428,ok
44248,1789699305002947,0,rollback,bench,913,33,0,12436,ok
44248,1789699305002949,0,rollback,bench,614,35,0,12436,ok
44248,1789699305002949,0,rollback,bench,934,39,0,12436,ok
44248,1789699305002950,0,rollback,bench,296,33,0,12436,ok
44248,1789699305002950,0,rollback,bench,420,33,0,12436,ok
44256,1789699305004683,0,rollback,bench,825,41,0,12438,ok
44256,1789699305004684,0,rollback,bench,591,26,0,12438,ok
44256,1789699305004684,0,rollback,bench,298,33,0,12438,ok
44256,1789699305004684,0,rollback,bench,809,26,0,12438,ok
44256,1789699305004685,0,rollback,bench,861,35,0,12438,ok
44261,1789699305004698,0,rollback,bench,975,37,0,12439,ok
44261,1789699305004699,0,rollback,bench,68,39,0,12439,ok
44261,1789699305004699,0,rollback,bench,896,40,0,12439,ok
44261,1789699305004700,0,rollback,bench,411,31,0,12439,ok
44261,1789699305004700,0,rollback,bench,603,33,0,12439,ok
44275,1789699305010397,0,rollback,bench,520,24,0,12444,ok
44275,1789699305010398,0,rollback,bench,530,31,0,12444,ok
44275,1789699305010399,0,rollback,bench,985,33,0,12444,ok
44275,1789699305010399,0,rollback,bench,34,36,0,12444,ok
44284,1789699305013692,0,rollback,bench,591,26,0,12447,ok
44284,1789699305013693,0,rollback,bench,815,40,0,12447,ok
44284,1789699305013693,0,rollback,bench,383,42,0,12447,ok
44284,1789699305013694,0,rollback,bench,540,23,0,12447,ok
44288,1789699305013704,0,rollback,bench,527,29,0,12448,ok
44288,1789699305013705,0,rollback,bench,29,28,0,12448,ok
44288,1789699305013705,0,rollback,bench,391,40,0,12448,ok
44288,1789699305013705,0,rollback,bench,664,31,0,12448,ok
44292,1789699305013709,0,rollback,bench,582,30,0,12449,ok
44292,1789699305013710,0,rollback,bench,659,28,0,12449,ok
44303,1789699305018650,0,rollback,bench,598,33,0,12452,ok
44303,1789699305018651,0,rollback,bench,543,35,0,12452,ok
44303,1789699305018651,0,rollback,bench,862,34,0,12452,ok
44303,1789699305018652,0,rollback,bench,137,40,0,12452,ok
44307,1789699305018656,0,rollback,bench,911,32,0,12453,ok
44307,1789699305018656,0,rollback,bench,129,39,0,12453,ok
44313,1789699305020985,0,rollback,bench,952,29,0,12456,ok
44313,1789699305020986,0,rollback,bench,400,25,0,12456,ok
44313,1789699305020987,0,rollback,bench,777,35,0,12456,ok
44313,1789699305020987,0,rollback,bench,416,39,0,12456,ok
44313,1789699305020987,0,rollback,bench,925,22,0,12456,ok
44338,1789699305033401,0,rollback,bench,430,35,0,12463,ok
44338,1789699305033402,0,rollback,bench,136,36,0,12463,ok
44338,1789699305033402,0,rollback,bench,775,42,0,12463,ok
44345,1789699305035676,0,rollback,bench,145,39,0,12465,ok
44370,1789699305049516,0,rollback,bench,334,34,0,12473,ok
44370,1789699305049517,0,rollback,bench,903,26,0,12473,ok
44370,1789699305049517,0,rollback,bench,456,32,0,12473,ok
44370,1789699305049518,0,rollback,bench,651,40,0,12473,ok
44381,1789699305053887,0,rollback,bench,538,36,0,12476,ok
44381,1789699305053888,0,rollback,bench,973,40,0,12476,ok
44381,1789699305053889,0,rollback,bench,230,41,0,12476,ok
44381,1789699305053889,0,rollback,bench,37,29,0,12476,ok
44381,1789699305053889,0,rollback,bench,174,42,0,12476,ok
44386,1789699305053900,0,rollback,bench,162,38,0,12477,ok
44386,1789699305053900,0,rollback,bench,823,38,0,12477,ok
44386,1789699305053901,0,rollback,bench,578,38,0,12477,ok
44386,1789699305053901,0,rollback,bench,537,37,0,12477,ok
44386,1789699305053901,0,rollback,bench,932,41,0,12477,ok
44407,1789699305063605,0,rollback,bench,230,41,0,12482,ok
44408,1789699305063622,0,rollback,bench,995,40,0,12483,ok
44408,1789699305063622,0,rollback,bench,410,27,0,12483,ok
44408,1789699305063623,0,rollback,bench,785,36,0,12483,ok
44411,1789699305063625,0,rollback,bench,714,30,0,12484,ok
44421,1789699305068898,0,rollback,bench,984,43,0,12488,ok
44421,1789699305068900,0,rollback,bench,598,33,0,12488,ok
44421,1789699305068900,0,rollback,bench,801,38,0,12488,ok
44421,1789699305068900,0,rollback,bench,749,39,0,12488,ok
44425,1789699305068903,0,rollback,bench,265,37,0,12489,ok
44445,1789699305080167,0,rollback,bench,661,37,0,12495,ok
44445,1789699305080168,0,rollback,bench,376,45,0,12495,ok
44445,1789699305080168,0,rollback,bench,982,28,0,12495,ok
44445,1789699305080169,0,rollback,bench,733,32,0,12495,ok
44451,1789699305081249,0,rollback,bench,758,26,0,12498,ok
44451,1789699305081250,0,rollback,bench,792,34,0,12498,ok
44451,1789699305081250,0,rollback,bench,843,33,0,12498,ok
44451,1789699305081251,0,rollback,bench,638,36,0,12498,ok
44451,1789699305081251,0,rollback,bench,46,40,0,12498,ok
44463,1789699305086513,0,rollback,bench,695,51,0,12501,ok
44463,1789699305086514,0,rollback,bench,855,38,0,12501,ok
44468,1789699305088717,0,rollback,bench,684,25,0,12503,ok
44468,1789699305088718,0,rollback,bench,766,25,0,12503,ok
44468,1789699305088718,0,rollback,bench,381,38,0,12503,ok
44468,1789699305088718,0,rollback,bench,545,43,0,12503,ok
44468,1789699305088719,0,rollback,bench,84,36,0,12503,ok
44474,1789699305089239,0,rollback,bench,57,39,0,12505,ok
44474,1789699305089239,0,rollback,bench,319,31,0,12505,ok
44474,1789699305089240,0,rollback,bench,511,42,0,12505,ok
44511,1789699305116905,0,rollback,bench,474,32,0,12517,ok
44511,1789699305116906,0,rollback,bench,353,33,0,12517,ok
44511,1789699305116907,0,rollback,bench,469,46,0,12517,ok
44517,1789699305118898,0,rollback,bench,335,37,0,12519,ok
44517,1789699305118900,0,rollback,bench,463,54,0,12519,ok
44517,1789699305118900,0,rollback,bench,368,30,0,12519,ok
44534,1789699305126676,0,rollback,bench,914,34,0,12524,ok
44534,1789699305126677,0,rollback,bench,311,39,0,12524,ok
44534,1789699305126678,0,rollback,bench,571,42,0,12524,ok
44534,1789699305126678,0,rollback,bench,110,29,0,12524,ok
44541,1789699305128411,0,rollback,bench,343,41,0,12526,ok
44541,1789699305128412,0,rollback,bench,770,30,0,12526,ok
44541,1789699305128412,0,rollback,bench,179,27,0,12526,ok
44541,1789699305128413,0,rollback,bench,614,35,0,12526,ok
44558,1789699305136498,0,rollback,bench,415,35,0,12532,ok
44566,1789699305140801,0,rollback,bench,343,41,0,12535,ok
44581,1789699305149609,0,rollback,bench,65,27,0,12541,ok
44581,1789699305149610,0,rollback,bench,826,34,0,12541,ok
44586,1789699305151314,0,rollback,bench,13,40,0,12543,ok
44586,1789699305151315,0,rollback,bench,418,41,0,12543,ok
44591,1789699305153292,0,rollback,bench,3,33,0,12545,ok
44596,1789699305155949,0,rollback,bench,138,39,0,12547,ok
44596,1789699305155950,0,rollback,bench,197,34,0,12547,ok
44596,1789699305155950,0,rollback,bench,759,33,0,12547,ok
44596,1789699305155960,0,rollback,bench,367,23,0,12547,ok
44600,1789699305155970,0,rollback,bench,808,28,0,12548,ok
44600,1789699305155971,0,rollback,bench,359,51,0,12548,ok
44600,1789699305155971,0,rollback,bench,927,34,0,12548,ok
44600,1789699305155971,0,rollback,bench,959,43,0,12548,ok
44608,1789699305158187,0,rollback,bench,335,37,0,12551,ok
44608,1789699305158188,0,rollback,bench,532,34,0,12551,ok
44608,1789699305158188,0,rollback,bench,679,32,0,12551,ok
44613,1789699305159733,0,rollback,bench,430,35,0,12553,ok
44613,1789699305159733,0,rollback,bench,656,40,0,12553,ok
44613,1789699305159734,0,rollback,bench,633,33,0,12553,ok
44613,1789699305159764,0,rollback,bench,168,33,0,12553,ok
44631,1789699305167822,0,rollback,bench,90,37,0,12558,ok
44633,1789699305168200,0,rollback,bench,141,29,0,12560,ok
44643,1789699305173469,0,rollback,bench,406,45,0,12564,ok
44643,1789699305173470,0,rollback,bench,70,30,0,12564,ok
44643,1789699305173470,0,rollback,bench,430,35,0,12564,ok
44643,1789699305173470,0,rollback,bench,435,42,0,12564,ok
44649,1789699305174273,0,rollback,bench,72,30,0,12566,ok
44649,1789699305174274,0,rollback,bench,677,29,0,12566,ok
44649,1789699305174275,0,rollback,bench,677,29,0,12566,ok
44649,1789699305174275,0,rollback,bench,748,34,0,12566,ok
44653,1789699305174279,0,rollback,bench,943,43,0,12567,ok
44653,1789699305174280,0,rollback,bench,244,39,0,12567,ok
44661,1789699305177639,0,rollback,bench,664,31,0,12570,ok
44661,1789699305177640,0,rollback,bench,193,29,0,12570,ok
44661,1789699305177641,0,rollback,bench,761,38,0,12570,ok
44661,1789699305177641,0,rollback,bench,375,37,0,12570,ok
44661,1789699305177641,0,rollback,bench,407,39,0,12570,ok
44669,1789699305179341,0,rollback,bench,3,33,0,12572,ok
44669,1789699305179342,0,rollback,bench,855,38,0,12572,ok
44669,1789699305179342,0,rollback,bench,503,35,0,12572,ok
44669,1789699305179342,0,rollback,bench,882,26,0,12572,ok
44675,1789699305180567,0,rollback,bench,667,35,0,12574,ok
44684,1789699305185154,0,rollback,bench,436,36,0,12577,ok
44684,1789699305185155,0,rollback,bench,859,40,0,12577,ok
44684,1789699305185155,0,rollback,bench,702,52,0,12577,ok
44684,1789699305185155,0,rollback,bench,135,29,0,12577,ok
44684,1789699305185156,0,rollback,bench,615,24,0,12577,ok
44689,1789699305185158,0,rollback,bench,794,29,0,12578,ok
44690,1789699305185165,0,rollback,bench,559,40,0,12579,ok
44690,1789699305185166,0,rollback,bench,265,37,0,12579,ok
44690,1789699305185166,0,rollback,bench,823,38,0,12579,ok
44693,1789699305185170,0,rollback,bench,106,38,0,12580,ok
44693,1789699305185171,0,rollback,bench,533,42,0,12580,ok
44713,1789699305196672,0,rollback,bench,471,35,0,12587,ok
44718,1789699305199003,0,rollback,bench,519,36,0,12589,ok
44718,1789699305199004,0,rollback,bench,472,37,0,12589,ok
44718,1789699305199004,0,rollback,bench,344,42,0,12589,ok
44721,1789699305199017,0,rollback,bench,359,51,0,12590,ok
44721,1789699305199018,0,rollback,bench,193,29,0,12590,ok
44721,1789699305199018,0,rollback,bench,998,42,0,12590,ok
44721,1789699305199019,0,rollback,bench,480,33,0,12590,ok
44721,1789699305199019,0,rollback,bench,863,34,0,12590,ok
44729,1789699305200935,0,rollback,bench,479,35,0,12592,ok
44729,1789699305200936,0,rollback,bench,649,37,0,12592,ok
44729,1789699305200936,0,rollback,bench,488,37,0,12592,ok
44729,1789699305200937,0,rollback,bench,519,36,0,12592,ok
44743,1789699305207485,0,rollback,bench,213,30,0,12596,ok
44743,1789699305207486,0,rollback,bench,122,43,0,12596,ok
44743,1789699305207486,0,rollback,bench,523,36,0,12596,ok
44743,1789699305207487,0,rollback,bench,274,35,0,12596,ok
44747,1789699305207503,0,rollback,bench,501,32,0,12597,ok
44747,1789699305207503,0,rollback,bench,401,39,0,12597,ok
44747,1789699305207503,0,rollback,bench,726,33,0,12597,ok
44747,1789699305207504,0,rollback,bench,362,23,0,12597,ok
44747,1789699305207504,0,rollback,bench,264,29,0,12597,ok
44752,1789699305207507,0,rollback,bench,927,34,0,12598,ok
44756,1789699305209291,0,rollback,bench,903,26,0,12600,ok
44756,1789699305209292,0,rollback,bench,747,27,0,12600,ok
44756,1789699305209292,0,rollback,bench,317,39,0,12600,ok
44756,1789699305209293,0,rollback,bench,208,19,0,12600,ok
44780,1789699305220608,0,rollback,bench,666,40,0,12606,ok
44780,1789699305220609,0,rollback,bench,771,37,0,12606,ok
44780,1789699305220609,0,rollback,bench,488,37,0,12606,ok
44780,1789699305220609,0,rollback,bench,926,41,0,12606,ok
44813,1789699305238967,0,rollback,bench,300,34,0,12614,ok
44813,1789699305238969,0,rollback,bench,325,38,0,12614,ok
44813,1789699305238969,0,rollback,bench,237,42,0,12614,ok
44821,1789699305241816,0,rollback,bench,610,33,0,12617,ok
44821,1789699305241817,0,rollback,bench,620,41,0,12617,ok
44821,1789699305241818,0,rollback,bench,164,50,0,12617,ok
44821,1789699305241818,0,rollback,bench,569,38,0,12617,ok
44821,1789699305241818,0,rollback,bench,277,42,0,12617,ok
44856,1789699305259670,0,rollback,bench,757,28,0,12625,ok
44856,1789699305259671,0,rollback,bench,839,32,0,12625,ok
44872,1789699305268066,0,rollback,bench,184,40,0,12630,ok
44872,1789699305268067,0,rollback,bench,29,28,0,12630,ok
44872,1789699305268067,0,rollback,bench,748,34,0,12630,ok
44887,1789699305275429,0,rollback,bench,905,39,0,12637,ok
44887,1789699305275430,0,rollback,bench,803,34,0,12637,ok
44887,1789699305275431,0,rollback,bench,588,32,0,12637,ok
44887,1789699305275431,0,rollback,bench,47,32,0,12637,ok
44905,1789699305283776,0,rollback,bench,101,34,0,12644,ok
44905,1789699305283777,0,rollback,bench,82,44,0,12644,ok
44911,1789699305285852,0,rollback,bench,627,37,0,12646,ok
44928,1789699305295663,0,rollback,bench,54,36,0,12653,ok
44928,1789699305295664,0,rollback,bench,25,35,0,12653,ok
44928,1789699305295665,0,rollback,bench,353,33,0,12653,ok
44928,1789699305295665,0,rollback,bench,995,41,0,12653,ok
44943,1789699305303104,0,rollback,bench,12,33,0,12657,ok
44943,1789699305303105,0,rollback,bench,990,42,0,12657,ok
44996,1789699305331574,0,rollback,bench,803,34,0,12675,ok
44996,1789699305331575,0,rollback,bench,901,31,0,12675,ok
44996,1789699305331575,0,rollback,bench,989,34,0,12675,ok
44996,1789699305331576,0,rollback,bench,881,38,0,12675,ok
45005,1789699305334008,0,rollback,bench,456,32,0,12677,ok
45005,1789699305334009,0,rollback,bench,325,38,0,12677,ok
45005,1789699305334010,0,rollback,bench,733,32,0,12677,ok
45005,1789699305334010,0,rollback,bench,349,38,0,12677,ok
45005,1789699305334011,0,rollback,bench,7,28,0,12677,ok
45020,1789699305340470,0,rollback,bench,903,26,0,12683,ok
45020,1789699305340471,0,rollback,bench,204,38,0,12683,ok
45020,1789699305340471,0,rollback,bench,381,38,0,12683,ok
45020,1789699305340471,0,rollback,bench,328,29,0,12683,ok
45035,1789699305348111,0,rollback,bench,661,37,0,12688,ok
45036,1789699305348126,0,rollback,bench,345,29,0,12689,ok
45036,1789699305348127,0,rollback,bench,420,33,0,12689,ok
45036,1789699305348127,0,rollback,bench,333,31,0,12689,ok
45060,1789699305360043,0,rollback,bench,39,30,0,12697,ok
45060,1789699305360044,0,rollback,bench,877,38,0,12697,ok
45060,1789699305360045,0,rollback,bench,574,35,0,12697,ok
45086,1789699305373077,0,rollback,bench,103,32,0,12706,ok
45095,1789699305377090,0,rollback,bench,896,41,0,12711,ok
45106,1789699305382881,0,rollback,bench,910,42,0,12714,ok
45106,1789699305382882,0,rollback,bench,785,37,0,12714,ok
45108,1789699305382885,0,rollback,bench,723,39,0,12715,ok
45114,1789699305385730,0,rollback,bench,353,33,0,12718,ok
45114,1789699305385731,0,rollback,bench,554,32,0,12718,ok
45114,1789699305385731,0,rollback,bench,516,33,0,12718,ok
45114,1789699305385732,0,rollback,bench,60,39,0,12718,ok
45119,1789699305386877,0,rollback,bench,67,32,0,12720,ok
45119,1789699305386878,0,rollback,bench,630,31,0,12720,ok
45127,1789699305390052,0,rollback,bench,851,27,0,12723,ok
45127,1789699305390053,0,rollback,bench,315,37,0,12723,ok
45129,1789699305390056,0,rollback,bench,90,37,0,12724,ok
45149,1789699305400003,0,rollback,bench,451,29,0,12732,ok
45149,1789699305400004,0,rollback,bench,53,32,0,12732,ok
45149,1789699305400005,0,rollback,bench,375,38,0,12732,ok
45152,1789699305400007,0,rollback,bench,693,29,0,12733,ok
45153,1789699305400010,0,rollback,bench,922,42,0,12734,ok
45194,1789699305423468,0,rollback,bench,311,39,0,12750,ok
45194,1789699305423469,0,rollback,bench,651,40,0,12750,ok
45194,1789699305423469,0,rollback,bench,395,30,0,12750,ok
45194,1789699305423469,0,rollback,bench,699,44,0,12750,ok
45194,1789699305423470,0,rollback,bench,730,33,0,12750,ok
45201,1789699305424790,0,rollback,bench,678,46,0,12752,ok
45201,1789699305424791,0,rollback,bench,150,34,0,12752,ok
45201,1789699305424791,0,rollback,bench,906,37,0,12752,ok
45201,1789699305424792,0,rollback,bench,871,48,0,12752,ok
45226,1789699305438457,0,rollback,bench,654,39,0,12758,ok
45246,1789699305450944,0,rollback,bench,711,41,0,12765,ok
45246,1789699305450945,0,rollback,bench,28,43,0,12765,ok
45246,1789699305450946,0,rollback,bench,407,40,0,12765,ok
45269,1789699305470977,0,rollback,bench,722,35,0,12772,ok
45269,1789699305470978,0,rollback,bench,35,28,0,12772,ok
45269,1789699305470979,0,rollback,bench,255,39,0,12772,ok
45279,1789699305475664,0,rollback,bench,586,32,0,12775,ok
45279,1789699305475665,0,rollback,bench,137,41,0,12775,ok
45287,1789699305479900,0,rollback,bench,750,40,0,12778,ok
45296,1789699305484480,0,rollback,bench,400,25,0,12782,ok
45296,1789699305484481,0,rollback,bench,838,29,0,12782,ok
45296,1789699305484482,0,rollback,bench,999,35,0,12782,ok
45296,1789699305484482,0,rollback,bench,371,36,0,12782,ok
45296,1789699305484482,0,rollback,bench,275,29,0,12782,ok
45306,1789699305486971,0,rollback,bench,692,39,0,12784,ok
45306,1789699305486972,0,rollback,bench,517,42,0,12784,ok
45306,1789699305486972,0,rollback,bench,653,40,0,12784,ok
45344,1789699305508018,0,rollback,bench,948,30,0,12795,ok
45344,1789699305508019,0,rollback,bench,465,41,0,12795,ok
45344,1789699305508019,0,rollback,bench,788,35,0,12795,ok
45348,1789699305508702,0,rollback,bench,313,35,0,12797,ok
45348,1789699305508703,0,rollback,bench,834,44,0,12797,ok
45360,1789699305514194,0,rollback,bench,191,35,0,12801,ok
45360,1789699305514195,0,rollback,bench,216,45,0,12801,ok
45360,1789699305514196,0,rollback,bench,985,36,0,12801,ok
45360,1789699305514196,0,rollback,bench,630,31,0,12801,ok
45360,1789699305514197,0,rollback,bench,240,35,0,12801,ok
45408,1789699305539037,0,rollback,bench,267,26,0,12817,ok
45408,1789699305539038,0,rollback,bench,835,42,0,12817,ok
45408,1789699305539039,0,rollback,bench,13,40,0,12817,ok
45408,1789699305539039,0,rollback,bench,93,46,0,12817,ok
45408,1789699305539040,0,rollback,bench,798,25,0,12817,ok
45413,1789699305539042,0,rollback,bench,854,30,0,12818,ok
45414,1789699305539050,0,rollback,bench,603,33,0,12819,ok
45414,1789699305539050,0,rollback,bench,851,27,0,12819,ok
45414,1789699305539051,0,rollback,bench,515,39,0,12819,ok
45437,1789699305550937,0,rollback,bench,648,47,0,12827,ok
45437,1789699305550938,0,rollback,bench,384,44,0,12827,ok
45437,1789699305550939,0,rollback,bench,798,25,0,12827,ok
45437,1789699305550939,0,rollback,bench,669,32,0,12827,ok
45437,1789699305550939,0,rollback,bench,682,32,0,12827,ok
45447,1789699305553668,0,rollback,bench,573,39,0,12830,ok
45447,1789699305553669,0,rollback,bench,340,30,0,12830,ok
45451,1789699305554769,0,rollback,bench,412,51,0,12832,ok
45451,1789699305554771,0,rollback,bench,688,36,0,12832,ok
45451,1789699305554771,0,rollback,bench,894,42,0,12832,ok
45451,1789699305554771,0,rollback,bench,146,36,0,12832,ok
45451,1789699305554772,0,rollback,bench,370,39,0,12832,ok
45473,1789699305564178,0,rollback,bench,895,25,0,12837,ok
45473,1789699305564179,0,rollback,bench,534,48,0,12837,ok
45473,1789699305564180,0,rollback,bench,475,35,0,12837,ok
45473,1789699305564180,0,rollback,bench,321,42,0,12837,ok
45477,1789699305564183,0,rollback,bench,673,37,0,12838,ok
45478,1789699305564196,0,rollback,bench,113,44,0,12839,ok
45478,1789699305564197,0,rollback,bench,609,34,0,12839,ok
45478,1789699305564197,0,rollback,bench,26,24,0,12839,ok
45478,1789699305564198,0,rollback,bench,697,35,0,12839,ok
45478,1789699305564198,0,rollback,bench,928,32,0,12839,ok
45483,1789699305564203,0,rollback,bench,526,29,0,12840,ok
45483,1789699305564203,0,rollback,bench,171,45,0,12840,ok
45485,1789699305564210,0,rollback,bench,675,32,0,12841,ok
45485,1789699305564211,0,rollback,bench,208,19,0,12841,ok
45485,1789699305564211,0,rollback,bench,412,51,0,12841,ok
45501,1789699305571821,0,rollback,bench,900,40,0,12846,ok
45501,1789699305571822,0,rollback,bench,710,39,0,12846,ok
45501,1789699305571823,0,rollback,bench,518,36,0,12846,ok
45501,1789699305571823,0,rollback,bench,500,30,0,12846,ok
45501,1789699305571823,0,rollback,bench,158,30,0,12846,ok
45524,1789699305581250,0,rollback,bench,11,37,0,12852,ok
45524,1789699305581251,0,rollback,bench,4,41,0,12852,ok
45524,1789699305581252,0,rollback,bench,189,37,0,12852,ok
45524,1789699305581252,0,rollback,bench,708,30,0,12852,ok
45528,1789699305581256,0,rollback,bench,771,38,0,12853,ok
45528,1789699305581256,0,rollback,bench,197,34,0,12853,ok
45530,1789699305581267,0,rollback,bench,552,32,0,12854,ok
45530,1789699305581267,0,rollback,bench,146,36,0,12854,ok
45530,1789699305581267,0,rollback,bench,681,39,0,12854,ok
45530,1789699305581268,0,rollback,bench,81,36,0,12854,ok
45538,1789699305583953,0,rollback,bench,664,32,0,12856,ok
45538,1789699305583954,0,rollback,bench,941,37,0,12856,ok
45540,1789699305583956,0,rollback,bench,531,35,0,12857,ok
45544,1789699305585645,0,rollback,bench,434,28,0,12859,ok
45548,1789699305587138,0,rollback,bench,389,27,0,12862,ok
45548,1789699305587139,0,rollback,bench,721,26,0,12862,ok
45548,1789699305587139,0,rollback,bench,236,40,0,12862,ok
45548,1789699305587140,0,rollback,bench,507,23,0,12862,ok
45548,1789699305587140,0,rollback,bench,217,37,0,12862,ok
45553,1789699305587143,0,rollback,bench,67,33,0,12863,ok
45566,1789699305593639,0,rollback,bench,44,35,0,12869,ok
45566,1789699305593640,0,rollback,bench,833,30,0,12869,ok
45566,1789699305593640,0,rollback,bench,447,30,0,12869,ok
45569,1789699305593647,0,rollback,bench,46,41,0,12870,ok
45569,1789699305593648,0,rollback,bench,252,31,0,12870,ok
45569,1789699305593648,0,rollback,bench,497,40,0,12870,ok
45572,1789699305593659,0,rollback,bench,927,34,0,12871,ok
45572,1789699305593659,0,rollback,bench,9,25,0,12871,ok
45572,1789699305593659,0,rollback,bench,351,34,0,12871,ok
45572,1789699305593660,0,rollback,bench,961,34,0,12871,ok
45612,1789699305612979,0,rollback,bench,475,35,0,12883,ok
45629,1789699305622258,0,rollback,bench,290,35,0,12888,ok
45630,1789699305622261,0,rollback,bench,777,35,0,12889,ok
45631,1789699305622275,0,rollback,bench,231,28,0,12890,ok
45631,1789699305622275,0,rollback,bench,751,33,0,12890,ok
45631,1789699305622276,0,rollback,bench,234,32,0,12890,ok
45687,1789699305658099,0,rollback,bench,313,35,0,12911,ok
45687,1789699305658100,0,rollback,bench,134,31,0,12911,ok
45687,1789699305658100,0,rollback,bench,368,31,0,12911,ok
45706,1789699305667283,0,rollback,bench,375,39,0,12918,ok
45706,1789699305667285,0,rollback,bench,290,35,0,12918,ok
45706,1789699305667285,0,rollback,bench,438,32,0,12918,ok
45706,1789699305667285,0,rollback,bench,793,29,0,12918,ok
45706,1789699305667286,0,rollback,bench,501,33,0,12918,ok
45715,1789699305669756,0,rollback,bench,125,35,0,12921,ok
45715,1789699305669757,0,rollback,bench,541,31,0,12921,ok
45715,1789699305669758,0,rollback,bench,96,34,0,12921,ok
45715,1789699305669758,0,rollback,bench,711,41,0,12921,ok
45715,1789699305669758,0,rollback,bench,302,35,0,12921,ok
45720,1789699305669769,0,rollback,bench,213,30,0,12922,ok
45720,1789699305669770,0,rollback,bench,269,31,0,12922,ok
45720,1789699305669770,0,rollback,bench,720,40,0,12922,ok
45720,1789699305669770,0,rollback,bench,411,33,0,12922,ok
45734,1789699305675164,0,rollback,bench,981,30,0,12925,ok
45734,1789699305675165,0,rollback,bench,714,30,0,12925,ok
45734,1789699305675166,0,rollback,bench,408,36,0,12925,ok
45734,1789699305675167,0,rollback,bench,111,27,0,12925,ok
45734,1789699305675167,0,rollback,bench,926,43,0,12925,ok
45754,1789699305684597,0,rollback,bench,916,41,0,12931,ok
45764,1789699305689003,0,rollback,bench,117,31,0,12936,ok
45783,1789699305698719,0,rollback,bench,992,38,0,12943,ok
45783,1789699305698720,0,rollback,bench,306,27,0,12943,ok
45785,1789699305698723,0,rollback,bench,219,46,0,12944,ok
45786,1789699305698739,0,rollback,bench,180,29,0,12945,ok
45786,1789699305698750,0,rollback,bench,271,34,0,12945,ok
45786,1789699305698750,0,rollback,bench,75,25,0,12945,ok
45795,1789699305702143,0,rollback,bench,668,31,0,12948,ok
45795,1789699305702143,0,rollback,bench,484,36,0,12948,ok
45795,1789699305702144,0,rollback,bench,43,41,0,12948,ok
45795,1789699305702144,0,rollback,bench,763,35,0,12948,ok
45805,1789699305705693,0,rollback,bench,946,31,0,12951,ok
45814,1789699305710214,0,rollback,bench,269,31,0,12956,ok
45814,1789699305710215,0,rollback,bench,628,37,0,12956,ok
45814,1789699305710215,0,rollback,bench,571,42,0,12956,ok
45840,1789699305722722,0,rollback,bench,313,36,0,12965,ok
45841,1789699305722740,0,rollback,bench,891,36,0,12966,ok
45841,1789699305722740,0,rollback,bench,334,34,0,12966,ok
45841,1789699305722741,0,rollback,bench,755,49,0,12966,ok
45847,1789699305724502,0,rollback,bench,476,37,0,12968,ok
45847,1789699305724503,0,rollback,bench,774,37,0,12968,ok
45855,1789699305727401,0,rollback,bench,979,49,0,12972,ok
45855,1789699305727401,0,rollback,bench,547,29,0,12972,ok
45855,1789699305727402,0,rollback,bench,724,36,0,12972,ok
45855,1789699305727402,0,rollback,bench,125,35,0,12972,ok
45855,1789699305727403,0,rollback,bench,739,33,0,12972,ok
45884,1789699305740702,0,rollback,bench,374,37,0,12979,ok
45884,1789699305740703,0,rollback,bench,394,31,0,12979,ok
45884,1789699305740704,0,rollback,bench,572,41,0,12979,ok
45887,1789699305740716,0,rollback,bench,454,29,0,12980,ok
45887,1789699305740716,0,rollback,bench,544,38,0,12980,ok
45887,1789699305740717,0,rollback,bench,74,25,0,12980,ok
45887,1789699305740717,0,rollback,bench,855,39,0,12980,ok
45887,1789699305740717,0,rollback,bench,145,39,0,12980,ok
45906,1789699305747481,0,rollback,bench,313,36,0,12986,ok
45907,1789699305747494,0,rollback,bench,275,31,0,12987,ok
45907,1789699305747495,0,rollback,bench,967,34,0,12987,ok
45907,1789699305747495,0,rollback,bench,543,38,0,12987,ok
45912,1789699305748770,0,rollback,bench,861,39,0,12989,ok
45914,1789699305749300,0,rollback,bench,672,51,0,12991,ok
45915,1789699305749318,0,rollback,bench,398,35,0,12992,ok
45915,1789699305749319,0,rollback,bench,63,41,0,12992,ok
45915,1789699305749319,0,rollback,bench,794,31,0,12992,ok
45915,1789699305749319,0,rollback,bench,628,37,0,12992,ok
45919,1789699305749326,0,rollback,bench,932,42,0,12993,ok
45919,1789699305749327,0,rollback,bench,708,31,0,12993,ok
45919,1789699305749327,0,rollback,bench,673,37,0,12993,ok
45944,1789699305762219,0,rollback,bench,327,39,0,13002,ok
45944,1789699305762220,0,rollback,bench,389,27,0,13002,ok
45944,1789699305762221,0,rollback,bench,786,27,0,13002,ok
45944,1789699305762221,0,rollback,bench,227,27,0,13002,ok
45950,1789699305763588,0,rollback,bench,472,40,0,13004,ok
45950,1789699305763589,0,rollback,bench,201,34,0,13004,ok
45950,1789699305763589,0,rollback,bench,334,34,0,13004,ok
45985,1789699305782975,0,rollback,bench,261,35,0,13016,ok
45985,1789699305782976,0,rollback,bench,349,41,0,13016,ok
45985,1789699305782976,0,rollback,bench,142,35,0,13016,ok
45985,1789699305782977,0,rollback,bench,706,39,0,13016,ok
45985,1789699305782977,0,rollback,bench,760,33,0,13016,ok
46014,1789699305817110,0,rollback,bench,602,34,0,13024,ok
46025,1789699305824184,0,rollback,bench,653,40,0,13028,ok
46025,1789699305824186,0,rollback,bench,8,35,0,13028,ok
46025,1789699305824187,0,rollback,bench,652,54,0,13028,ok
46025,1789699305824187,0,rollback,bench,738,30,0,13028,ok
46025,1789699305824188,0,rollback,bench,287,34,0,13028,ok
46042,1789699305831831,0,rollback,bench,503,35,0,13033,ok
46042,1789699305831832,0,rollback,bench,858,35,0,13033,ok
46042,1789699305831832,0,rollback,bench,447,30,0,13033,ok
46042,1789699305831833,0,rollback,bench,603,33,0,13033,ok
46047,1789699305832458,0,rollback,bench,531,35,0,13035,ok
46047,1789699305832459,0,rollback,bench,610,34,0,13035,ok
46047,1789699305832459,0,rollback,bench,60,41,0,13035,ok
46047,1789699305832460,0,rollback,bench,598,33,0,13035,ok
46047,1789699305832460,0,rollback,bench,29,29,0,13035,ok
46055,1789699305834305,0,rollback,bench,903,27,0,13037,ok
46055,1789699305834306,0,rollback,bench,700,38,0,13037,ok
46055,1789699305834307,0,rollback,bench,72,31,0,13037,ok
46055,1789699305834307,0,rollback,bench,565,24,0,13037,ok
46055,1789699305834307,0,rollback,bench,240,36,0,13037,ok
46069,1789699305841041,0,rollback,bench,841,33,0,13042,ok
46069,1789699305841042,0,rollback,bench,379,35,0,13042,ok
46069,1789699305841042,0,rollback,bench,756,32,0,13042,ok
46077,1789699305844601,0,rollback,bench,157,38,0,13044,ok
46077,1789699305844601,0,rollback,bench,339,44,0,13044,ok
46077,1789699305844602,0,rollback,bench,419,27,0,13044,ok
46082,1789699305846119,0,rollback,bench,504,47,0,13046,ok
46092,1789699305851249,0,rollback,bench,698,28,0,13050,ok
46106,1789699305858498,0,rollback,bench,515,39,0,13054,ok
46106,1789699305858499,0,rollback,bench,757,29,0,13054,ok
46109,1789699305859171,0,rollback,bench,127,34,0,13056,ok
46109,1789699305859172,0,rollback,bench,17,30,0,13056,ok
46109,1789699305859172,0,rollback,bench,775,45,0,13056,ok
46109,1789699305859173,0,rollback,bench,761,40,0,13056,ok
46128,1789699305867250,0,rollback,bench,73,36,0,13061,ok
46128,1789699305867251,0,rollback,bench,233,30,0,13061,ok
46128,1789699305867251,0,rollback,bench,247,27,0,13061,ok
46128,1789699305867252,0,rollback,bench,721,26,0,13061,ok
46128,1789699305867252,0,rollback,bench,318,31,0,13061,ok
46137,1789699305869780,0,rollback,bench,242,37,0,13065,ok
46137,1789699305869781,0,rollback,bench,505,51,0,13065,ok
46137,1789699305869781,0,rollback,bench,14,25,0,13065,ok
46137,1789699305869782,0,rollback,bench,355,33,0,13065,ok
46137,1789699305869782,0,rollback,bench,709,45,0,13065,ok
46173,1789699305889257,0,rollback,bench,560,38,0,13075,ok
46173,1789699305889258,0,rollback,bench,979,49,0,13075,ok
46173,1789699305889259,0,rollback,bench,330,33,0,13075,ok
46173,1789699305889259,0,rollback,bench,856,44,0,13075,ok
46173,1789699305889260,0,rollback,bench,695,52,0,13075,ok
46178,1789699305889262,0,rollback,bench,493,38,0,13076,ok
46194,1789699305898794,0,rollback,bench,726,34,0,13082,ok
46194,1789699305898795,0,rollback,bench,407,40,0,13082,ok
46194,1789699305898795,0,rollback,bench,744,33,0,13082,ok
46194,1789699305898796,0,rollback,bench,344,48,0,13082,ok
46194,1789699305898796,0,rollback,bench,985,37,0,13082,ok
46201,1789699305899980,0,rollback,bench,942,30,0,13084,ok
46245,1789699305927715,0,rollback,bench,443,37,0,13101,ok
46245,1789699305927716,0,rollback,bench,465,42,0,13101,ok
46245,1789699305927717,0,rollback,bench,200,34,0,13101,ok
46258,1789699305935042,0,rollback,bench,994,33,0,13107,ok
46258,1789699305935044,0,rollback,bench,670,40,0,13107,ok
46273,1789699305942884,0,rollback,bench,735,32,0,13112,ok
46273,1789699305942885,0,rollback,bench,104,40,0,13112,ok
46282,1789699305946514,0,rollback,bench,24,41,0,13115,ok
46282,1789699305946515,0,rollback,bench,538,36,0,13115,ok
46282,1789699305946515,0,rollback,bench,473,34,0,13115,ok
46282,1789699305946515,0,rollback,bench,700,38,0,13115,ok
46282,1789699305946516,0,rollback,bench,142,36,0,13115,ok
46340,1789699305976788,0,rollback,bench,588,32,0,13134,ok
46340,1789699305976789,0,rollback,bench,628,37,0,13134,ok
46340,1789699305976790,0,rollback,bench,851,27,0,13134,ok
46340,1789699305976790,0,rollback,bench,404,28,0,13134,ok
46340,1789699305976791,0,rollback,bench,703,26,0,13134,ok
46348,1789699305978395,0,rollback,bench,365,35,0,13136,ok
46349,1789699305978398,0,rollback,bench,762,31,0,13137,ok
46360,1789699305984013,0,rollback,bench,981,30,0,13141,ok
46360,1789699305984014,0,rollback,bench,118,45,0,13141,ok
46360,1789699305984015,0,rollback,bench,679,33,0,13141,ok
46360,1789699305984015,0,rollback,bench,885,33,0,13141,ok
46364,1789699305984018,0,rollback,bench,719,40,0,13142,ok
46365,1789699305984026,0,rollback,bench,159,37,0,13143,ok
46365,1789699305984027,0,rollback,bench,785,37,0,13143,ok
46365,1789699305984027,0,rollback,bench,114,42,0,13143,ok
46392,1789699305998054,0,rollback,bench,354,29,0,13150,ok
46392,1789699305998055,0,rollback,bench,27,40,0,13150,ok
46392,1789699305998056,0,rollback,bench,94,28,0,13150,ok
46392,1789699305998056,0,rollback,bench,359,52,0,13150,ok
46396,1789699305998077,0,rollback,bench,135,30,0,13151,ok
46396,1789699305998077,0,rollback,bench,601,36,0,13151,ok
46404,1789699306001608,0,rollback,bench,366,29,0,13154,ok
46404,1789699306001609,0,rollback,bench,923,25,0,13154,ok
46404,1789699306001609,0,rollback,bench,248,36,0,13154,ok
46411,1789699306003315,0,rollback,bench,551,36,0,13156,ok
46411,1789699306003316,0,rollback,bench,719,40,0,13156,ok
46411,1789699306003317,0,rollback,bench,41,30,0,13156,ok
46481,1789699306042284,0,rollback,bench,214,41,0,13178,ok
46481,1789699306042286,0,rollback,bench,705,40,0,13178,ok
46481,1789699306042286,0,rollback,bench,444,35,0,13178,ok
46484,1789699306042298,0,rollback,bench,35,28,0,13179,ok
46484,1789699306042298,0,rollback,bench,504,47,0,13179,ok
46484,1789699306042298,0,rollback,bench,114,42,0,13179,ok
46484,1789699306042299,0,rollback,bench,967,34,0,13179,ok
46498,1789699306048020,0,rollback,bench,99,42,0,13185,ok
46498,1789699306048021,0,rollback,bench,872,40,0,13185,ok
46498,1789699306048022,0,rollback,bench,843,35,0,13185,ok
46521,1789699306059006,0,rollback,bench,630,31,0,13193,ok
46521,1789699306059007,0,rollback,bench,341,34,0,13193,ok
46521,1789699306059008,0,rollback,bench,328,29,0,13193,ok
46521,1789699306059008,0,rollback,bench,140,39,0,13193,ok
46527,1789699306060160,0,rollback,bench,640,31,0,13195,ok
46527,1789699306060161,0,rollback,bench,176,35,0,13195,ok
46527,1789699306060161,0,rollback,bench,283,39,0,13195,ok
46527,1789699306060162,0,rollback,bench,187,39,0,13195,ok
46527,1789699306060162,0,rollback,bench,634,37,0,13195,ok
46541,1789699306064643,0,rollback,bench,200,34,0,13198,ok
46541,1789699306064644,0,rollback,bench,281,35,0,13198,ok
46541,1789699306064645,0,rollback,bench,508,40,0,13198,ok
46541,1789699306064645,0,rollback,bench,278,40,0,13198,ok
46549,1789699306066715,0,rollback,bench,27,41,0,13200,ok
46549,1789699306066716,0,rollback,bench,909,46,0,13200,ok
46549,1789699306066717,0,rollback,bench,244,41,0,13200,ok
46549,1789699306066717,0,rollback,bench,809,28,0,13200,ok
46558,1789699306069304,0,rollback,bench,429,28,0,13202,ok
46558,1789699306069305,0,rollback,bench,757,30,0,13202,ok
46558,1789699306069305,0,rollback,bench,834,44,0,13202,ok
46558,1789699306069306,0,rollback,bench,236,41,0,13202,ok
46558,1789699306069306,0,rollback,bench,599,46,0,13202,ok
46563,1789699306069316,0,rollback,bench,793,30,0,13203,ok
46563,1789699306069317,0,rollback,bench,571,43,0,13203,ok
46563,1789699306069317,0,rollback,bench,880,34,0,13203,ok
46563,1789699306069317,0,rollback,bench,775,46,0,13203,ok
46580,1789699306076794,0,rollback,bench,22,17,0,13209,ok
46580,1789699306076795,0,rollback,bench,535,33,0,13209,ok
46603,1789699306089754,0,rollback,bench,772,46,0,13219,ok
46603,1789699306089755,0,rollback,bench,538,36,0,13219,ok
46603,1789699306089756,0,rollback,bench,126,37,0,13219,ok
46626,1789699306101838,0,rollback,bench,643,35,0,13228,ok
46626,1789699306101839,0,rollback,bench,35,28,0,13228,ok
46626,1789699306101839,0,rollback,bench,205,46,0,13228,ok
46626,1789699306101840,0,rollback,bench,652,54,0,13228,ok
46635,1789699306105293,0,rollback,bench,298,33,0,13231,ok
46635,1789699306105294,0,rollback,bench,389,27,0,13231,ok
46635,1789699306105295,0,rollback,bench,968,47,0,13231,ok
46635,1789699306105295,0,rollback,bench,570,44,0,13231,ok
46641,1789699306106431,0,rollback,bench,756,32,0,13233,ok
46650,1789699306110942,0,rollback,bench,709,45,0,13237,ok
46650,1789699306110943,0,rollback,bench,940,28,0,13237,ok
46650,1789699306110944,0,rollback,bench,438,32,0,13237,ok
46678,1789699306127018,0,rollback,bench,935,33,0,13246,ok
46678,1789699306127019,0,rollback,bench,828,36,0,13246,ok
46678,1789699306127020,0,rollback,bench,732,35,0,13246,ok
46678,1789699306127020,0,rollback,bench,177,36,0,13246,ok
46678,1789699306127021,0,rollback,bench,974,30,0,13246,ok
46683,1789699306127025,0,rollback,bench,820,23,0,13247,ok
46683,1789699306127025,0,rollback,bench,176,35,0,13247,ok
46687,1789699306128389,0,rollback,bench,151,46,0,13250,ok
46689,1789699306129011,0,rollback,bench,158,32,0,13252,ok
46689,1789699306129012,0,rollback,bench,675,32,0,13252,ok
46689,1789699306129012,0,rollback,bench,435,43,0,13252,ok
46689,1789699306129012,0,rollback,bench,464,36,0,13252,ok
46689,1789699306129013,0,rollback,bench,419,28,0,13252,ok
46694,1789699306129015,0,rollback,bench,848,32,0,13253,ok
46699,1789699306131044,0,rollback,bench,930,28,0,13255,ok
46699,1789699306131045,0,rollback,bench,215,31,0,13255,ok
46702,1789699306131620,0,rollback,bench,823,41,0,13257,ok
46702,1789699306131621,0,rollback,bench,889,52,0,13257,ok
46704,1789699306131623,0,rollback,bench,69,35,0,13258,ok
46721,1789699306141033,0,rollback,bench,95,31,0,13264,ok
46721,1789699306141034,0,rollback,bench,361,40,0,13264,ok
46723,1789699306141047,0,rollback,bench,477,32,0,13265,ok
46723,1789699306141047,0,rollback,bench,690,42,0,13265,ok
46723,1789699306141048,0,rollback,bench,625,38,0,13265,ok
46728,1789699306142094,0,rollback,bench,253,36,0,13267,ok
46728,1789699306142094,0,rollback,bench,583,41,0,13267,ok
46728,1789699306142095,0,rollback,bench,752,35,0,13267,ok
46728,1789699306142095,0,rollback,bench,477,32,0,13267,ok
46728,1789699306142095,0,rollback,bench,789,40,0,13267,ok
46737,1789699306144371,0,rollback,bench,175,41,0,13269,ok
46737,1789699306144372,0,rollback,bench,512,33,0,13269,ok
46737,1789699306144372,0,rollback,bench,139,47,0,13269,ok
46755,1789699306153520,0,rollback,bench,219,46,0,13275,ok
46755,1789699306153522,0,rollback,bench,261,36,0,13275,ok
46755,1789699306153522,0,rollback,bench,271,35,0,13275,ok
46761,1789699306155683,0,rollback,bench,800,43,0,13277,ok
46761,1789699306155684,0,rollback,bench,234,32,0,13277,ok
46761,1789699306155685,0,rollback,bench,522,37,0,13277,ok
46764,1789699306155693,0,rollback,bench,627,38,0,13278,ok
46764,1789699306155693,0,rollback,bench,778,28,0,13278,ok
46764,1789699306155693,0,rollback,bench,464,36,0,13278,ok
46781,1789699306169881,0,rollback,bench,511,43,0,13283,ok
46781,1789699306169882,0,rollback,bench,43,42,0,13283,ok
46781,1789699306169882,0,rollback,bench,164,51,0,13283,ok
46798,1789699306178620,0,rollback,bench,913,36,0,13288,ok
46798,1789699306178621,0,rollback,bench,817,27,0,13288,ok
46798,1789699306178621,0,rollback,bench,155,47,0,13288,ok
46813,1789699306185987,0,rollback,bench,98,43,0,13292,ok
46813,1789699306185988,0,rollback,bench,928,33,0,13292,ok
46813,1789699306185988,0,rollback,bench,775,46,0,13292,ok
46813,1789699306185989,0,rollback,bench,786,29,0,13292,ok
46813,1789699306185989,0,rollback,bench,566,44,0,13292,ok
46822,1789699306188153,0,rollback,bench,241,40,0,13295,ok
46823,1789699306188176,0,rollback,bench,41,30,0,13296,ok
46823,1789699306188177,0,rollback,bench,346,42,0,13296,ok
46823,1789699306188177,0,rollback,bench,889,52,0,13296,ok
46823,1789699306188177,0,rollback,bench,888,32,0,13296,ok
46827,1789699306188197,0,rollback,bench,342,39,0,13297,ok
46827,1789699306188197,0,rollback,bench,963,39,0,13297,ok
46827,1789699306188198,0,rollback,bench,663,46,0,13297,ok
46827,1789699306188198,0,rollback,bench,367,25,0,13297,ok
46827,1789699306188198,0,rollback,bench,259,42,0,13297,ok
46838,1789699306191192,0,rollback,bench,375,42,0,13300,ok
46838,1789699306191193,0,rollback,bench,658,25,0,13300,ok
46838,1789699306191193,0,rollback,bench,82,45,0,13300,ok
46838,1789699306191194,0,rollback,bench,481,32,0,13300,ok
46866,1789699306205499,0,rollback,bench,205,46,0,13309,ok
46866,1789699306205500,0,rollback,bench,797,37,0,13309,ok
46866,1789699306205501,0,rollback,bench,261,36,0,13309,ok
46866,1789699306205501,0,rollback,bench,615,26,0,13309,ok
46870,1789699306205514,0,rollback,bench,189,38,0,13310,ok
46870,1789699306205515,0,rollback,bench,262,38,0,13310,ok
46870,1789699306205515,0,rollback,bench,556,28,0,13310,ok
46870,1789699306205515,0,rollback,bench,37,29,0,13310,ok
46882,1789699306210268,0,rollback,bench,409,41,0,13314,ok
46882,1789699306210269,0,rollback,bench,133,35,0,13314,ok
46882,1789699306210270,0,rollback,bench,430,37,0,13314,ok
46882,1789699306210270,0,rollback,bench,652,54,0,13314,ok
46886,1789699306210280,0,rollback,bench,858,37,0,13315,ok
46886,1789699306210281,0,rollback,bench,400,26,0,13315,ok
46886,1789699306210281,0,rollback,bench,349,44,0,13315,ok
46886,1789699306210291,0,rollback,bench,711,43,0,13315,ok
46900,1789699306216052,0,rollback,bench,910,43,0,13319,ok
46900,1789699306216053,0,rollback,bench,958,42,0,13319,ok
46907,1789699306218762,0,rollback,bench,262,38,0,13322,ok
46907,1789699306218763,0,rollback,bench,335,37,0,13322,ok
46907,1789699306218764,0,rollback,bench,750,44,0,13322,ok
46907,1789699306218764,0,rollback,bench,358,49,0,13322,ok
46911,1789699306218781,0,rollback,bench,107,27,0,13323,ok
46911,1789699306218781,0,rollback,bench,399,42,0,13323,ok
46911,1789699306218781,0,rollback,bench,197,34,0,13323,ok
46911,1789699306218782,0,rollback,bench,819,32,0,13323,ok
46911,1789699306218782,0,rollback,bench,941,39,0,13323,ok
46948,1789699306236388,0,rollback,bench,788,36,0,13334,ok
46956,1789699306240127,0,rollback,bench,235,40,0,13337,ok
46956,1789699306240128,0,rollback,bench,400,26,0,13337,ok
46975,1789699306249262,0,rollback,bench,218,44,0,13343,ok
46975,1789699306249263,0,rollback,bench,962,38,0,13343,ok
46977,1789699306249291,0,rollback,bench,663,47,0,13344,ok
46977,1789699306249291,0,rollback,bench,424,34,0,13344,ok
46977,1789699306249292,0,rollback,bench,55,35,0,13344,ok
46977,1789699306249292,0,rollback,bench,689,43,0,13344,ok
46977,1789699306249293,0,rollback,bench,27,41,0,13344,ok
46982,1789699306249307,0,rollback,bench,114,42,0,13345,ok
46982,1789699306249307,0,rollback,bench,820,23,0,13345,ok
46982,1789699306249307,0,rollback,bench,846,38,0,13345,ok
46982,1789699306249308,0,rollback,bench,977,43,0,13345,ok
46982,1789699306249308,0,rollback,bench,907,40,0,13345,ok
46987,1789699306249319,0,rollback,bench,65,28,0,13346,ok
46987,1789699306249319,0,rollback,bench,482,45,0,13346,ok
46987,1789699306249320,0,rollback,bench,524,34,0,13346,ok
46987,1789699306249320,0,rollback,bench,670,41,0,13346,ok
46996,1789699306252274,0,rollback,bench,626,36,0,13348,ok
46996,1789699306252275,0,rollback,bench,931,38,0,13348,ok
46996,1789699306252275,0,rollback,bench,92,39,0,13348,ok
46996,1789699306252276,0,rollback,bench,78,30,0,13348,ok
47000,1789699306252289,0,rollback,bench,702,55,0,13349,ok
47000,1789699306252290,0,rollback,bench,875,47,0,13349,ok
47000,1789699306252290,0,rollback,bench,89,37,0,13349,ok
47000,1789699306252290,0,rollback,bench,111,28,0,13349,ok
47000,1789699306252291,0,rollback,bench,724,36,0,13349,ok
47011,1789699306255143,0,rollback,bench,998,45,0,13352,ok
47022,1789699306260754,0,rollback,bench,256,43,0,13357,ok
47022,1789699306260755,0,rollback,bench,211,33,0,13357,ok
47079,1789699306296066,0,rollback,bench,857,33,0,13378,ok
47079,1789699306296068,0,rollback,bench,90,39,0,13378,ok
47079,1789699306296068,0,rollback,bench,561,47,0,13378,ok
47079,1789699306296069,0,rollback,bench,500,31,0,13378,ok
47079,1789699306296069,0,rollback,bench,206,26,0,13378,ok
47101,1789699306305919,0,rollback,bench,622,44,0,13385,ok
47101,1789699306305920,0,rollback,bench,987,43,0,13385,ok
47101,1789699306305921,0,rollback,bench,926,43,0,13385,ok
47101,1789699306305921,0,rollback,bench,467,41,0,13385,ok
47101,1789699306305922,0,rollback,bench,536,35,0,13385,ok
47134,1789699306321865,0,rollback,bench,661,39,0,13397,ok
47134,1789699306321867,0,rollback,bench,475,37,0,13397,ok
47140,1789699306323857,0,rollback,bench,880,35,0,13399,ok
47140,1789699306323858,0,rollback,bench,690,44,0,13399,ok
47140,1789699306323859,0,rollback,bench,271,36,0,13399,ok
47147,1789699306326414,0,rollback,bench,507,23,0,13401,ok
47164,1789699306335290,0,rollback,bench,559,42,0,13406,ok
47165,1789699306335311,0,rollback,bench,708,31,0,13407,ok
47165,1789699306335312,0,rollback,bench,491,37,0,13407,ok
47165,1789699306335312,0,rollback,bench,602,37,0,13407,ok
47165,1789699306335312,0,rollback,bench,782,35,0,13407,ok
47169,1789699306335315,0,rollback,bench,176,37,0,13408,ok
47170,1789699306335322,0,rollback,bench,84,38,0,13409,ok
47170,1789699306335323,0,rollback,bench,538,36,0,13409,ok
47170,1789699306335323,0,rollback,bench,158,32,0,13409,ok
47182,1789699306339680,0,rollback,bench,729,36,0,13413,ok
47183,1789699306339703,0,rollback,bench,318,32,0,13414,ok
47183,1789699306339704,0,rollback,bench,226,35,0,13414,ok
47183,1789699306339704,0,rollback,bench,513,44,0,13414,ok
47183,1789699306339705,0,rollback,bench,720,40,0,13414,ok
47183,1789699306339705,0,rollback,bench,41,30,0,13414,ok
47193,1789699306342912,0,rollback,bench,100,39,0,13416,ok
47193,1789699306342913,0,rollback,bench,813,41,0,13416,ok
47193,1789699306342914,0,rollback,bench,490,36,0,13416,ok
47197,1789699306343717,0,rollback,bench,948,30,0,13418,ok
47197,1789699306343718,0,rollback,bench,767,43,0,13418,ok
47197,1789699306343718,0,rollback,bench,924,29,0,13418,ok
47212,1789699306350623,0,rollback,bench,977,44,0,13423,ok
47212,1789699306350624,0,rollback,bench,582,31,0,13423,ok
47212,1789699306350625,0,rollback,bench,619,40,0,13423,ok
47212,1789699306350625,0,rollback,bench,716,47,0,13423,ok
47212,1789699306350626,0,rollback,bench,337,34,0,13423,ok
47222,1789699306353641,0,rollback,bench,916,42,0,13426,ok
47250,1789699306368357,0,rollback,bench,510,30,0,13435,ok
47250,1789699306368358,0,rollback,bench,802,36,0,13435,ok
47250,1789699306368359,0,rollback,bench,467,41,0,13435,ok
47250,1789699306368359,0,rollback,bench,952,29,0,13435,ok
47250,1789699306368359,0,rollback,bench,39,33,0,13435,ok
47267,1789699306375632,0,rollback,bench,608,31,0,13439,ok
47267,1789699306375633,0,rollback,bench,619,40,0,13439,ok
47267,1789699306375633,0,rollback,bench,849,40,0,13439,ok
47277,1789699306379321,0,rollback,bench,695,52,0,13442,ok
47277,1789699306379322,0,rollback,bench,575,38,0,13442,ok
47277,1789699306379322,0,rollback,bench,488,39,0,13442,ok
47277,1789699306379322,0,rollback,bench,656,42,0,13442,ok
47286,1789699306381730,0,rollback,bench,176,37,0,13444,ok
47289,1789699306382824,0,rollback,bench,22,17,0,13446,ok
47289,1789699306382825,0,rollback,bench,988,31,0,13446,ok
47289,1789699306382825,0,rollback,bench,273,25,0,13446,ok
47289,1789699306382826,0,rollback,bench,212,35,0,13446,ok
47307,1789699306390286,0,rollback,bench,376,51,0,13452,ok
47307,1789699306390287,0,rollback,bench,59,33,0,13452,ok
47313,1789699306392331,0,rollback,bench,401,43,0,13455,ok
47313,1789699306392332,0,rollback,bench,999,36,0,13455,ok
47313,1789699306392332,0,rollback,bench,443,38,0,13455,ok
47328,1789699306400310,0,rollback,bench,572,43,0,13460,ok
47328,1789699306400311,0,rollback,bench,681,42,0,13460,ok
47328,1789699306400311,0,rollback,bench,577,33,0,13460,ok
47328,1789699306400312,0,rollback,bench,819,33,0,13460,ok
47341,1789699306405722,0,rollback,bench,803,37,0,13464,ok
47341,1789699306405723,0,rollback,bench,310,34,0,13464,ok
47341,1789699306405724,0,rollback,bench,300,34,0,13464,ok
47341,1789699306405724,0,rollback,bench,663,47,0,13464,ok
47341,1789699306405724,0,rollback,bench,168,36,0,13464,ok
47360,1789699306413654,0,rollback,bench,879,34,0,13473,ok
47360,1789699306413655,0,rollback,bench,42,43,0,13473,ok
47360,1789699306413656,0,rollback,bench,521,49,0,13473,ok
47360,1789699306413656,0,rollback,bench,585,39,0,13473,ok
47364,1789699306413664,0,rollback,bench,348,42,0,13474,ok
47364,1789699306413664,0,rollback,bench,810,45,0,13474,ok
47364,1789699306413664,0,rollback,bench,10,30,0,13474,ok
47373,1789699306417311,0,rollback,bench,331,37,0,13477,ok
47373,1789699306417313,0,rollback,bench,55,36,0,13477,ok
47375,1789699306417315,0,rollback,bench,402,35,0,13478,ok
47376,1789699306417328,0,rollback,bench,238,35,0,13479,ok
47376,1789699306417328,0,rollback,bench,17,32,0,13479,ok
47376,1789699306417329,0,rollback,bench,699,45,0,13479,ok
47409,1789699306435312,0,rollback,bench,305,38,0,13491,ok
47409,1789699306435313,0,rollback,bench,27,41,0,13491,ok
47417,1789699306439240,0,rollback,bench,83,51,0,13495,ok
47417,1789699306439241,0,rollback,bench,597,43,0,13495,ok
47417,1789699306439241,0,rollback,bench,410,28,0,13495,ok
47420,1789699306439254,0,rollback,bench,230,41,0,13496,ok
47420,1789699306439254,0,rollback,bench,447,30,0,13496,ok
47420,1789699306439254,0,rollback,bench,641,31,0,13496,ok
47420,1789699306439255,0,rollback,bench,964,33,0,13496,ok
47420,1789699306439255,0,rollback,bench,919,29,0,13496,ok
47455,1789699306456596,0,rollback,bench,928,34,0,13508,ok
47455,1789699306456607,0,rollback,bench,141,30,0,13508,ok
47455,1789699306456608,0,rollback,bench,376,51,0,13508,ok
47455,1789699306456608,0,rollback,bench,712,43,0,13508,ok
47455,1789699306456608,0,rollback,bench,390,37,0,13508,ok
47464,1789699306459340,0,rollback,bench,199,28,0,13510,ok
47465,1789699306459345,0,rollback,bench,301,31,0,13511,ok
47465,1789699306459346,0,rollback,bench,644,33,0,13511,ok
47477,1789699306465629,0,rollback,bench,286,38,0,13515,ok
47477,1789699306465630,0,rollback,bench,75,26,0,13515,ok
47477,1789699306465631,0,rollback,bench,653,42,0,13515,ok
47477,1789699306465631,0,rollback,bench,916,42,0,13515,ok
47484,1789699306467548,0,rollback,bench,887,35,0,13517,ok
47484,1789699306467549,0,rollback,bench,639,32,0,13517,ok
47484,1789699306467549,0,rollback,bench,641,31,0,13517,ok
47492,1789699306470329,0,rollback,bench,194,44,0,13519,ok
47492,1789699306470329,0,rollback,bench,91,31,0,13519,ok
47492,1789699306470330,0,rollback,bench,229,43,0,13519,ok
47495,1789699306470338,0,rollback,bench,490,36,0,13520,ok
47495,1789699306470338,0,rollback,bench,317,42,0,13520,ok
47495,1789699306470338,0,rollback,bench,952,29,0,13520,ok
47495,1789699306470339,0,rollback,bench,878,29,0,13520,ok
47503,1789699306472422,0,rollback,bench,563,30,0,13522,ok
47503,1789699306472422,0,rollback,bench,431,50,0,13522,ok
47503,1789699306472423,0,rollback,bench,410,28,0,13522,ok
47503,1789699306472424,0,rollback,bench,794,31,0,13522,ok
47535,1789699306489056,0,rollback,bench,311,39,0,13533,ok
47535,1789699306489057,0,rollback,bench,745,34,0,13533,ok
47535,1789699306489058,0,rollback,bench,993,43,0,13533,ok
47535,1789699306489058,0,rollback,bench,185,42,0,13533,ok
47535,1789699306489059,0,rollback,bench,259,42,0,13533,ok
47551,1789699306500965,0,rollback,bench,376,51,0,13537,ok
47553,1789699306501519,0,rollback,bench,104,40,0,13539,ok
47553,1789699306501520,0,rollback,bench,752,37,0,13539,ok
47553,1789699306501520,0,rollback,bench,56,33,0,13539,ok
47558,1789699306502843,0,rollback,bench,618,43,0,13541,ok
47558,1789699306502844,0,rollback,bench,463,60,0,13541,ok
47560,1789699306502868,0,rollback,bench,624,36,0,13542,ok
47560,1789699306502869,0,rollback,bench,385,36,0,13542,ok
47560,1789699306502869,0,rollback,bench,87,45,0,13542,ok
47560,1789699306502869,0,rollback,bench,688,36,0,13542,ok
47579,1789699306511921,0,rollback,bench,798,26,0,13547,ok
47585,1789699306514359,0,rollback,bench,31,44,0,13549,ok
47585,1789699306514360,0,rollback,bench,774,37,0,13549,ok
47585,1789699306514361,0,rollback,bench,824,42,0,13549,ok
47591,1789699306516143,0,rollback,bench,608,32,0,13552,ok
47591,1789699306516144,0,rollback,bench,754,47,0,13552,ok
47591,1789699306516144,0,rollback,bench,576,38,0,13552,ok
47608,1789699306524939,0,rollback,bench,851,28,0,13556,ok
47608,1789699306524940,0,rollback,bench,296,35,0,13556,ok
47608,1789699306524941,0,rollback,bench,545,49,0,13556,ok
47608,1789699306524941,0,rollback,bench,354,29,0,13556,ok
47612,1789699306524948,0,rollback,bench,155,47,0,13557,ok
47612,1789699306524949,0,rollback,bench,166,37,0,13557,ok
47612,1789699306524949,0,rollback,bench,286,38,0,13557,ok
47644,1789699306540672,0,rollback,bench,561,47,0,13568,ok
47644,1789699306540673,0,rollback,bench,507,25,0,13568,ok
47644,1789699306540674,0,rollback,bench,805,45,0,13568,ok
47661,1789699306548187,0,rollback,bench,493,38,0,13574,ok
47661,1789699306548188,0,rollback,bench,821,33,0,13574,ok
47661,1789699306548189,0,rollback,bench,585,39,0,13574,ok
47661,1789699306548189,0,rollback,bench,759,38,0,13574,ok
47687,1789699306559371,0,rollback,bench,625,38,0,13583,ok
47687,1789699306559372,0,rollback,bench,909,47,0,13583,ok
47687,1789699306559373,0,rollback,bench,322,40,0,13583,ok
47690,1789699306559387,0,rollback,bench,289,32,0,13584,ok
47690,1789699306559388,0,rollback,bench,569,38,0,13584,ok
47690,1789699306559388,0,rollback,bench,667,36,0,13584,ok
47690,1789699306559388,0,rollback,bench,420,34,0,13584,ok
47690,1789699306559389,0,rollback,bench,71,36,0,13584,ok
47695,1789699306559391,0,rollback,bench,882,27,0,13585,ok
47696,1789699306559395,0,rollback,bench,916,43,0,13586,ok
47696,1789699306559395,0,rollback,bench,565,26,0,13586,ok
47724,1789699306573955,0,rollback,bench,812,40,0,13595,ok
47724,1789699306573956,0,rollback,bench,758,29,0,13595,ok
47728,1789699306575054,0,rollback,bench,950,30,0,13598,ok
47728,1789699306575055,0,rollback,bench,138,41,0,13598,ok
47728,1789699306575056,0,rollback,bench,26,27,0,13598,ok
47728,1789699306575056,0,rollback,bench,494,37,0,13598,ok
47733,1789699306575560,0,rollback,bench,576,38,0,13600,ok
47733,1789699306575560,0,rollback,bench,893,38,0,13600,ok
47733,1789699306575561,0,rollback,bench,731,27,0,13600,ok
47736,1789699306575569,0,rollback,bench,2,40,0,13601,ok
47736,1789699306575569,0,rollback,bench,898,43,0,13601,ok
47736,1789699306575569,0,rollback,bench,5,32,0,13601,ok
47758,1789699306585123,0,rollback,bench,533,45,0,13608,ok
47758,1789699306585124,0,rollback,bench,672,53,0,13608,ok
47760,1789699306585152,0,rollback,bench,477,33,0,13609,ok
47760,1789699306585152,0,rollback,bench,54,38,0,13609,ok
47760,1789699306585153,0,rollback,bench,907,41,0,13609,ok
47760,1789699306585153,0,rollback,bench,301,31,0,13609,ok
47760,1789699306585153,0,rollback,bench,196,34,0,13609,ok
47778,1789699306591558,0,rollback,bench,923,26,0,13615,ok
47778,1789699306591559,0,rollback,bench,535,36,0,13615,ok
47778,1789699306591559,0,rollback,bench,725,37,0,13615,ok
47778,1789699306591559,0,rollback,bench,657,26,0,13615,ok
47778,1789699306591560,0,rollback,bench,582,32,0,13615,ok
47783,1789699306591575,0,rollback,bench,190,36,0,13616,ok
47783,1789699306591575,0,rollback,bench,770,35,0,13616,ok
47783,1789699306591576,0,rollback,bench,786,29,0,13616,ok
47783,1789699306591576,0,rollback,bench,291,33,0,13616,ok
47783,1789699306591577,0,rollback,bench,848,32,0,13616,ok
47800,1789699306598290,0,rollback,bench,546,31,0,13622,ok
47801,1789699306598294,0,rollback,bench,285,34,0,13623,ok
47801,1789699306598295,0,rollback,bench,999,36,0,13623,ok
47809,1789699306602701,0,rollback,bench,687,33,0,13627,ok
47809,1789699306602702,0,rollback,bench,625,38,0,13627,ok
47809,1789699306602703,0,rollback,bench,218,44,0,13627,ok
47809,1789699306602703,0,rollback,bench,158,32,0,13627,ok
47809,1789699306602703,0,rollback,bench,859,41,0,13627,ok
47816,1789699306604065,0,rollback,bench,633,37,0,13630,ok
47816,1789699306604066,0,rollback,bench,527,32,0,13630,ok
47821,1789699306605549,0,rollback,bench,374,37,0,13632,ok
47821,1789699306605550,0,rollback,bench,437,30,0,13632,ok
47821,1789699306605551,0,rollback,bench,154,39,0,13632,ok
47821,1789699306605551,0,rollback,bench,441,36,0,13632,ok
47821,1789699306605551,0,rollback,bench,842,28,0,13632,ok
47826,1789699306605556,0,rollback,bench,648,48,0,13633,ok
47827,1789699306605564,0,rollback,bench,269,33,0,13634,ok
47827,1789699306605564,0,rollback,bench,509,33,0,13634,ok
47827,1789699306605565,0,rollback,bench,181,46,0,13634,ok
47830,1789699306605579,0,rollback,bench,168,36,0,13635,ok
47830,1789699306605579,0,rollback,bench,65,28,0,13635,ok
47830,1789699306605579,0,rollback,bench,790,35,0,13635,ok
47830,1789699306605580,0,rollback,bench,761,41,0,13635,ok
47830,1789699306605580,0,rollback,bench,444,36,0,13635,ok
47866,1789699306624038,0,rollback,bench,190,36,0,13644,ok
47866,1789699306624040,0,rollback,bench,88,40,0,13644,ok
47866,1789699306624040,0,rollback,bench,808,29,0,13644,ok
47866,1789699306624040,0,rollback,bench,128,34,0,13644,ok
47866,1789699306624041,0,rollback,bench,381,42,0,13644,ok
47876,1789699306626788,0,rollback,bench,504,47,0,13646,ok
47876,1789699306626789,0,rollback,bench,251,54,0,13646,ok
47876,1789699306626789,0,rollback,bench,134,31,0,13646,ok
47876,1789699306626790,0,rollback,bench,695,53,0,13646,ok
47892,1789699306635049,0,rollback,bench,867,46,0,13650,ok
47893,1789699306635055,0,rollback,bench,967,36,0,13651,ok
47893,1789699306635055,0,rollback,bench,338,40,0,13651,ok
47905,1789699306641012,0,rollback,bench,655,43,0,13655,ok
47905,1789699306641013,0,rollback,bench,185,44,0,13655,ok
47926,1789699306652399,0,rollback,bench,21,38,0,13661,ok
47926,1789699306652400,0,rollback,bench,558,44,0,13661,ok
47926,1789699306652400,0,rollback,bench,204,42,0,13661,ok
47926,1789699306652413,0,rollback,bench,883,41,0,13661,ok
47926,1789699306652414,0,rollback,bench,158,32,0,13661,ok
47937,1789699306656614,0,rollback,bench,907,41,0,13665,ok
47937,1789699306656615,0,rollback,bench,452,30,0,13665,ok
47940,1789699306657259,0,rollback,bench,547,33,0,13667,ok
47941,1789699306657285,0,rollback,bench,591,31,0,13668,ok
47941,1789699306657285,0,rollback,bench,292,37,0,13668,ok
47941,1789699306657285,0,rollback,bench,885,34,0,13668,ok
47941,1789699306657285,0,rollback,bench,872,41,0,13668,ok
47953,1789699306661768,0,rollback,bench,561,47,0,13671,ok
47953,1789699306661769,0,rollback,bench,401,43,0,13671,ok
47953,1789699306661769,0,rollback,bench,445,41,0,13671,ok
47953,1789699306661769,0,rollback,bench,181,46,0,13671,ok
47953,1789699306661770,0,rollback,bench,832,25,0,13671,ok
47960,1789699306662854,0,rollback,bench,995,44,0,13673,ok
47960,1789699306662855,0,rollback,bench,891,38,0,13673,ok
47960,1789699306662855,0,rollback,bench,79,38,0,13673,ok
47983,1789699306674812,0,rollback,bench,830,43,0,13679,ok
47983,1789699306674813,0,rollback,bench,21,38,0,13679,ok
47983,1789699306674814,0,rollback,bench,70,31,0,13679,ok
47983,1789699306674814,0,rollback,bench,803,37,0,13679,ok
47983,1789699306674814,0,rollback,bench,45,32,0,13679,ok
47991,1789699306676320,0,rollback,bench,226,35,0,13681,ok
47991,1789699306676321,0,rollback,bench,496,43,0,13681,ok
47991,1789699306676322,0,rollback,bench,478,32,0,13681,ok
47991,1789699306676322,0,rollback,bench,221,42,0,13681,ok
47991,1789699306676322,0,rollback,bench,906,40,0,13681,ok
47996,1789699306676332,0,rollback,bench,48,24,0,13682,ok
47996,1789699306676333,0,rollback,bench,135,32,0,13682,ok
47996,1789699306676333,0,rollback,bench,666,42,0,13682,ok
47996,1789699306676334,0,rollback,bench,693,31,0,13682,ok
48004,1789699306677896,0,rollback,bench,583,42,0,13684,ok
48004,1789699306677897,0,rollback,bench,115,38,0,13684,ok
48006,1789699306677907,0,rollback,bench,185,44,0,13685,ok
48006,1789699306677907,0,rollback,bench,500,31,0,13685,ok
48006,1789699306677907,0,rollback,bench,705,40,0,13685,ok
48009,1789699306677914,0,rollback,bench,120,38,0,13686,ok
48009,1789699306677914,0,rollback,bench,636,29,0,13686,ok
48009,1789699306677915,0,rollback,bench,936,40,0,13686,ok
48029,1789699306687352,0,rollback,bench,644,33,0,13693,ok
48032,1789699306688400,0,rollback,bench,716,47,0,13695,ok
48032,1789699306688401,0,rollback,bench,73,36,0,13695,ok
48034,1789699306688421,0,rollback,bench,931,39,0,13696,ok
48034,1789699306688422,0,rollback,bench,964,35,0,13696,ok
48034,1789699306688422,0,rollback,bench,9,25,0,13696,ok
48034,1789699306688423,0,rollback,bench,613,53,0,13696,ok
48034,1789699306688423,0,rollback,bench,468,35,0,13696,ok
48039,1789699306688437,0,rollback,bench,55,36,0,13697,ok
48039,1789699306688438,0,rollback,bench,295,36,0,13697,ok
48039,1789699306688438,0,rollback,bench,356,35,0,13697,ok
48039,1789699306688439,0,rollback,bench,12,34,0,13697,ok
48039,1789699306688439,0,rollback,bench,757,31,0,13697,ok
48072,1789699306703684,0,rollback,bench,578,41,0,13707,ok
48072,1789699306703685,0,rollback,bench,595,41,0,13707,ok
48077,1789699306705128,0,rollback,bench,132,33,0,13709,ok
48077,1789699306705129,0,rollback,bench,905,44,0,13709,ok
48077,1789699306705130,0,rollback,bench,307,48,0,13709,ok
48077,1789699306705131,0,rollback,bench,376,51,0,13709,ok
48097,1789699306714023,0,rollback,bench,227,30,0,13716,ok
48097,1789699306714025,0,rollback,bench,202,33,0,13716,ok
48097,1789699306714025,0,rollback,bench,471,38,0,13716,ok
48097,1789699306714025,0,rollback,bench,315,37,0,13716,ok
48115,1789699306721774,0,rollback,bench,797,38,0,13721,ok
48115,1789699306721774,0,rollback,bench,645,38,0,13721,ok
48115,1789699306721775,0,rollback,bench,198,38,0,13721,ok
48118,1789699306721778,0,rollback,bench,413,50,0,13722,ok
48121,1789699306722934,0,rollback,bench,565,27,0,13724,ok
48121,1789699306722935,0,rollback,bench,60,45,0,13724,ok
48121,1789699306722936,0,rollback,bench,564,43,0,13724,ok
48121,1789699306722936,0,rollback,bench,122,46,0,13724,ok
48121,1789699306722936,0,rollback,bench,340,33,0,13724,ok
48126,1789699306722943,0,rollback,bench,823,41,0,13725,ok
48126,1789699306722943,0,rollback,bench,233,30,0,13725,ok
48135,1789699306727014,0,rollback,bench,271,36,0,13728,ok
48135,1789699306727015,0,rollback,bench,454,29,0,13728,ok
48135,1789699306727016,0,rollback,bench,502,39,0,13728,ok
48135,1789699306727016,0,rollback,bench,988,31,0,13728,ok
48143,1789699306729368,0,rollback,bench,982,29,0,13731,ok
48143,1789699306729369,0,rollback,bench,510,30,0,13731,ok
48143,1789699306729369,0,rollback,bench,916,45,0,13731,ok
48167,1789699306740017,0,rollback,bench,102,28,0,13738,ok
48167,1789699306740018,0,rollback,bench,96,35,0,13738,ok
48167,1789699306740018,0,rollback,bench,70,31,0,13738,ok
48167,1789699306740019,0,rollback,bench,377,35,0,13738,ok
48180,1789699306746022,0,rollback,bench,851,29,0,13742,ok
48180,1789699306746023,0,rollback,bench,7,29,0,13742,ok
48180,1789699306746024,0,rollback,bench,664,33,0,13742,ok
48180,1789699306746024,0,rollback,bench,111,28,0,13742,ok
48184,1789699306746026,0,rollback,bench,589,42,0,13743,ok
48198,1789699306754228,0,rollback,bench,381,42,0,13748,ok
48198,1789699306754229,0,rollback,bench,899,51,0,13748,ok
48198,1789699306754229,0,rollback,bench,403,35,0,13748,ok
48201,1789699306754238,0,rollback,bench,416,44,0,13749,ok
48201,1789699306754239,0,rollback,bench,226,35,0,13749,ok
48201,1789699306754239,0,rollback,bench,139,47,0,13749,ok
48201,1789699306754240,0,rollback,bench,267,30,0,13749,ok
48205,1789699306754242,0,rollback,bench,97,43,0,13750,ok
48206,1789699306754254,0,rollback,bench,952,31,0,13751,ok
48206,1789699306754254,0,rollback,bench,899,51,0,13751,ok
48206,1789699306754254,0,rollback,bench,630,32,0,13751,ok
48206,1789699306754255,0,rollback,bench,135,32,0,13751,ok
48206,1789699306754255,0,rollback,bench,783,35,0,13751,ok
48223,1789699306761455,0,rollback,bench,36,32,0,13756,ok
48223,1789699306761456,0,rollback,bench,912,31,0,13756,ok
48223,1789699306761457,0,rollback,bench,355,36,0,13756,ok
48232,1789699306764776,0,rollback,bench,115,38,0,13759,ok
48232,1789699306764777,0,rollback,bench,654,41,0,13759,ok
48232,1789699306764778,0,rollback,bench,128,34,0,13759,ok
48232,1789699306764778,0,rollback,bench,480,34,0,13759,ok
48250,1789699306773265,0,rollback,bench,903,30,0,13765,ok
48253,1789699306774589,0,rollback,bench,809,31,0,13767,ok
48253,1789699306774590,0,rollback,bench,874,43,0,13767,ok
48253,1789699306774591,0,rollback,bench,42,45,0,13767,ok
48253,1789699306774591,0,rollback,bench,448,44,0,13767,ok
48253,1789699306774591,0,rollback,bench,623,36,0,13767,ok
48258,1789699306774599,0,rollback,bench,690,45,0,13768,ok
48258,1789699306774599,0,rollback,bench,382,26,0,13768,ok
48258,1789699306774599,0,rollback,bench,563,30,0,13768,ok
48267,1789699306778597,0,rollback,bench,221,44,0,13771,ok
48268,1789699306778620,0,rollback,bench,876,36,0,13772,ok
48268,1789699306778621,0,rollback,bench,442,42,0,13772,ok
48268,1789699306778621,0,rollback,bench,200,37,0,13772,ok
48268,1789699306778622,0,rollback,bench,170,50,0,13772,ok
48268,1789699306778622,0,rollback,bench,266,31,0,13772,ok
48286,1789699306786760,0,rollback,bench,44,37,0,13777,ok
48286,1789699306786761,0,rollback,bench,219,46,0,13777,ok
48286,1789699306786762,0,rollback,bench,264,31,0,13777,ok
48286,1789699306786762,0,rollback,bench,11,39,0,13777,ok
48294,1789699306789143,0,rollback,bench,763,38,0,13779,ok
48294,1789699306789144,0,rollback,bench,365,40,0,13779,ok
48294,1789699306789144,0,rollback,bench,796,37,0,13779,ok
48311,1789699306797852,0,rollback,bench,121,47,0,13784,ok
48311,1789699306797853,0,rollback,bench,713,40,0,13784,ok
48311,1789699306797854,0,rollback,bench,593,20,0,13784,ok
48311,1789699306797854,0,rollback,bench,541,35,0,13784,ok
48311,1789699306797855,0,rollback,bench,360,39,0,13784,ok
48324,1789699306801848,0,rollback,bench,823,41,0,13787,ok
48325,1789699306801863,0,rollback,bench,186,46,0,13788,ok
48325,1789699306801864,0,rollback,bench,75,29,0,13788,ok
48325,1789699306801865,0,rollback,bench,14,26,0,13788,ok
48325,1789699306801865,0,rollback,bench,528,33,0,13788,ok
48329,1789699306801875,0,rollback,bench,704,38,0,13789,ok
48329,1789699306801888,0,rollback,bench,998,45,0,13789,ok
48329,1789699306801888,0,rollback,bench,878,30,0,13789,ok
48329,1789699306801888,0,rollback,bench,518,41,0,13789,ok
48329,1789699306801889,0,rollback,bench,886,36,0,13789,ok
48341,1789699306805885,0,rollback,bench,528,33,0,13793,ok
48341,1789699306805886,0,rollback,bench,688,37,0,13793,ok
48341,1789699306805887,0,rollback,bench,154,40,0,13793,ok
48341,1789699306805887,0,rollback,bench,83,52,0,13793,ok
48341,1789699306805887,0,rollback,bench,329,34,0,13793,ok
48363,1789699306816293,0,rollback,bench,842,29,0,13800,ok
48364,1789699306816306,0,rollback,bench,140,41,0,13801,ok
48364,1789699306816307,0,rollback,bench,577,33,0,13801,ok
48364,1789699306816307,0,rollback,bench,154,40,0,13801,ok
48367,1789699306816310,0,rollback,bench,715,34,0,13802,ok
48421,1789699306873187,0,rollback,bench,849,41,0,13817,ok
48421,1789699306873189,0,rollback,bench,448,44,0,13817,ok
48421,1789699306873189,0,rollback,bench,360,39,0,13817,ok
48421,1789699306873190,0,rollback,bench,204,42,0,13817,ok
48438,1789699306880999,0,rollback,bench,348,42,0,13822,ok
48438,1789699306881000,0,rollback,bench,163,27,0,13822,ok
48438,1789699306881000,0,rollback,bench,24,41,0,13822,ok
48438,1789699306881001,0,rollback,bench,731,29,0,13822,ok
48448,1789699306885244,0,rollback,bench,438,32,0,13827,ok
48450,1789699306885934,0,rollback,bench,872,41,0,13829,ok
48450,1789699306885934,0,rollback,bench,285,34,0,13829,ok
48455,1789699306887887,0,rollback,bench,143,35,0,13832,ok
48455,1789699306887888,0,rollback,bench,441,37,0,13832,ok
48455,1789699306887888,0,rollback,bench,828,38,0,13832,ok
48463,1789699306891692,0,rollback,bench,362,24,0,13835,ok
48463,1789699306891693,0,rollback,bench,93,48,0,13835,ok
48473,1789699306897324,0,rollback,bench,797,39,0,13839,ok
48473,1789699306897325,0,rollback,bench,246,35,0,13839,ok
48473,1789699306897326,0,rollback,bench,596,39,0,13839,ok
48473,1789699306897326,0,rollback,bench,623,36,0,13839,ok
48497,1789699306910443,0,rollback,bench,725,37,0,13846,ok
48498,1789699306910469,0,rollback,bench,577,33,0,13847,ok
48498,1789699306910470,0,rollback,bench,324,39,0,13847,ok
48498,1789699306910470,0,rollback,bench,751,34,0,13847,ok
48498,1789699306910470,0,rollback,bench,798,26,0,13847,ok
48506,1789699306913277,0,rollback,bench,184,41,0,13850,ok
48506,1789699306913279,0,rollback,bench,935,35,0,13850,ok
48506,1789699306913279,0,rollback,bench,157,39,0,13850,ok
48519,1789699306919733,0,rollback,bench,411,35,0,13854,ok
48519,1789699306919765,0,rollback,bench,964,35,0,13854,ok
48519,1789699306919766,0,rollback,bench,495,32,0,13854,ok
48559,1789699306942802,0,rollback,bench,74,28,0,13868,ok
48559,1789699306942804,0,rollback,bench,559,43,0,13868,ok
48559,1789699306942804,0,rollback,bench,512,33,0,13868,ok
48559,1789699306942805,0,rollback,bench,10,31,0,13868,ok
48559,1789699306942805,0,rollback,bench,897,30,0,13868,ok
48564,1789699306942826,0,rollback,bench,161,35,0,13869,ok
48564,1789699306942826,0,rollback,bench,801,45,0,13869,ok
48564,1789699306942827,0,rollback,bench,890,45,0,13869,ok
48564,1789699306942827,0,rollback,bench,339,46,0,13869,ok
48564,1789699306942827,0,rollback,bench,848,32,0,13869,ok
48569,1789699306942830,0,rollback,bench,904,37,0,13870,ok
48579,1789699306948940,0,rollback,bench,317,43,0,13874,ok
48579,1789699306948942,0,rollback,bench,882,29,0,13874,ok
48579,1789699306948942,0,rollback,bench,851,29,0,13874,ok
48582,1789699306948956,0,rollback,bench,332,28,0,13875,ok
48582,1789699306948956,0,rollback,bench,774,37,0,13875,ok
48582,1789699306948957,0,rollback,bench,907,43,0,13875,ok
48582,1789699306948957,0,rollback,bench,671,37,0,13875,ok
48607,1789699306961905,0,rollback,bench,645,39,0,13881,ok
48607,1789699306961906,0,rollback,bench,578,41,0,13881,ok
48607,1789699306961907,0,rollback,bench,589,42,0,13881,ok
48611,1789699306962360,0,rollback,bench,142,39,0,13883,ok
48611,1789699306962360,0,rollback,bench,1,43,0,13883,ok
48611,1789699306962361,0,rollback,bench,275,32,0,13883,ok
48611,1789699306962361,0,rollback,bench,349,46,0,13883,ok
48615,1789699306962364,0,rollback,bench,204,42,0,13884,ok
48627,1789699306969680,0,rollback,bench,959,45,0,13889,ok
48627,1789699306969681,0,rollback,bench,488,41,0,13889,ok
48638,1789699306975576,0,rollback,bench,314,44,0,13892,ok
48639,1789699306975579,0,rollback,bench,200,37,0,13893,ok
48640,1789699306975584,0,rollback,bench,972,38,0,13894,ok
48640,1789699306975585,0,rollback,bench,769,50,0,13894,ok
48666,1789699306993376,0,rollback,bench,555,45,0,13902,ok
48666,1789699306993378,0,rollback,bench,987,43,0,13902,ok
48666,1789699306993378,0,rollback,bench,922,43,0,13902,ok
48697,1789699307012007,0,rollback,bench,565,27,0,13913,ok
48697,1789699307012008,0,rollback,bench,490,36,0,13913,ok
48697,1789699307012009,0,rollback,bench,700,41,0,13913,ok
48697,1789699307012009,0,rollback,bench,793,34,0,13913,ok
48704,1789699307014092,0,rollback,bench,58,38,0,13916,ok
48704,1789699307014093,0,rollback,bench,164,51,0,13916,ok
48704,1789699307014094,0,rollback,bench,315,37,0,13916,ok
48704,1789699307014094,0,rollback,bench,718,55,0,13916,ok
48704,1789699307014094,0,rollback,bench,67,36,0,13916,ok
48709,1789699307014099,0,rollback,bench,723,41,0,13917,ok
48709,1789699307014099,0,rollback,bench,417,38,0,13917,ok
48711,1789699307014113,0,rollback,bench,861,40,0,13918,ok
48711,1789699307014114,0,rollback,bench,364,39,0,13918,ok
48711,1789699307014114,0,rollback,bench,13,44,0,13918,ok
48711,1789699307014114,0,rollback,bench,153,43,0,13918,ok
48711,1789699307014114,0,rollback,bench,31,45,0,13918,ok
48716,1789699307014122,0,rollback,bench,745,35,0,13919,ok
48716,1789699307014123,0,rollback,bench,437,31,0,13919,ok
48716,1789699307014123,0,rollback,bench,624,36,0,13919,ok
48733,1789699307023232,0,rollback,bench,819,36,0,13925,ok
48733,1789699307023233,0,rollback,bench,679,35,0,13925,ok
48742,1789699307028561,0,rollback,bench,693,33,0,13930,ok
48742,1789699307028562,0,rollback,bench,197,34,0,13930,ok
48748,1789699307031298,0,rollback,bench,738,31,0,13933,ok
48748,1789699307031299,0,rollback,bench,965,43,0,13933,ok
48748,1789699307031300,0,rollback,bench,215,32,0,13933,ok
48748,1789699307031300,0,rollback,bench,920,26,0,13933,ok
48748,1789699307031301,0,rollback,bench,715,34,0,13933,ok
48772,1789699307044639,0,rollback,bench,760,37,0,13940,ok
48792,1789699307059186,0,rollback,bench,263,33,0,13946,ok
48792,1789699307059187,0,rollback,bench,24,41,0,13946,ok
48792,1789699307059187,0,rollback,bench,866,41,0,13946,ok
48792,1789699307059188,0,rollback,bench,956,30,0,13946,ok
48792,1789699307059188,0,rollback,bench,393,43,0,13946,ok
48804,1789699307063511,0,rollback,bench,263,33,0,13950,ok
48804,1789699307063512,0,rollback,bench,238,36,0,13950,ok
48804,1789699307063512,0,rollback,bench,305,39,0,13950,ok
48812,1789699307067113,0,rollback,bench,879,38,0,13952,ok
48812,1789699307067114,0,rollback,bench,769,50,0,13952,ok
48812,1789699307067114,0,rollback,bench,90,41,0,13952,ok
48823,1789699307072398,0,rollback,bench,140,41,0,13955,ok
48823,1789699307072399,0,rollback,bench,158,32,0,13955,ok
48823,1789699307072400,0,rollback,bench,744,34,0,13955,ok
48828,1789699307073431,0,rollback,bench,911,38,0,13957,ok
48829,1789699307073436,0,rollback,bench,977,46,0,13958,ok
48829,1789699307073436,0,rollback,bench,696,32,0,13958,ok
48833,1789699307074902,0,rollback,bench,46,43,0,13960,ok
48833,1789699307074903,0,rollback,bench,314,44,0,13960,ok
48839,1789699307077251,0,rollback,bench,226,36,0,13962,ok
48839,1789699307077252,0,rollback,bench,949,32,0,13962,ok
48839,1789699307077252,0,rollback,bench,211,34,0,13962,ok
48839,1789699307077253,0,rollback,bench,204,42,0,13962,ok
48839,1789699307077253,0,rollback,bench,799,38,0,13962,ok
48852,1789699307081758,0,rollback,bench,50,47,0,13966,ok
48852,1789699307081759,0,rollback,bench,225,45,0,13966,ok
48852,1789699307081759,0,rollback,bench,212,36,0,13966,ok
48874,1789699307093755,0,rollback,bench,878,30,0,13972,ok
48877,1789699307094953,0,rollback,bench,136,41,0,13975,ok
48900,1789699307107646,0,rollback,bench,114,44,0,13982,ok
48900,1789699307107647,0,rollback,bench,898,43,0,13982,ok
48902,1789699307107649,0,rollback,bench,101,37,0,13983,ok
48908,1789699307110867,0,rollback,bench,601,37,0,13985,ok
48908,1789699307110868,0,rollback,bench,235,44,0,13985,ok
48908,1789699307110868,0,rollback,bench,572,44,0,13985,ok
48908,1789699307110868,0,rollback,bench,953,39,0,13985,ok
48908,1789699307110868,0,rollback,bench,677,34,0,13985,ok
48922,1789699307115700,0,rollback,bench,260,35,0,13988,ok
48922,1789699307115701,0,rollback,bench,422,30,0,13988,ok
48964,1789699307137688,0,rollback,bench,331,38,0,14005,ok
48964,1789699307137689,0,rollback,bench,810,46,0,14005,ok
48964,1789699307137690,0,rollback,bench,610,37,0,14005,ok
48964,1789699307137690,0,rollback,bench,379,37,0,14005,ok
48971,1789699307139489,0,rollback,bench,691,40,0,14007,ok
48971,1789699307139490,0,rollback,bench,414,35,0,14007,ok
48971,1789699307139490,0,rollback,bench,328,29,0,14007,ok
49011,1789699307159839,0,rollback,bench,749,44,0,14022,ok
49011,1789699307159841,0,rollback,bench,540,30,0,14022,ok
49011,1789699307159841,0,rollback,bench,48,26,0,14022,ok
49011,1789699307159842,0,rollback,bench,610,37,0,14022,ok
49011,1789699307159842,0,rollback,bench,872,41,0,14022,ok
49018,1789699307160859,0,rollback,bench,271,38,0,14024,ok
49018,1789699307160860,0,rollback,bench,953,39,0,14024,ok
49018,1789699307160860,0,rollback,bench,856,46,0,14024,ok
49028,1789699307165371,0,rollback,bench,862,38,0,14027,ok
49028,1789699307165372,0,rollback,bench,109,44,0,14027,ok
49028,1789699307165372,0,rollback,bench,309,21,0,14027,ok
49028,1789699307165373,0,rollback,bench,648,48,0,14027,ok
49028,1789699307165373,0,rollback,bench,333,35,0,14027,ok
49049,1789699307174675,0,rollback,bench,101,37,0,14034,ok
49049,1789699307174676,0,rollback,bench,725,37,0,14034,ok
49049,1789699307174677,0,rollback,bench,86,47,0,14034,ok
49091,1789699307197844,0,rollback,bench,632,57,0,14049,ok
49091,1789699307197845,0,rollback,bench,143,35,0,14049,ok
49091,1789699307197845,0,rollback,bench,120,41,0,14049,ok
49091,1789699307197846,0,rollback,bench,787,32,0,14049,ok
49091,1789699307197846,0,rollback,bench,258,39,0,14049,ok
49096,1789699307197851,0,rollback,bench,39,37,0,14050,ok
49096,1789699307197851,0,rollback,bench,983,37,0,14050,ok
49116,1789699307214705,0,rollback,bench,858,39,0,14056,ok
49116,1789699307214706,0,rollback,bench,301,31,0,14056,ok
49116,1789699307214707,0,rollback,bench,780,44,0,14056,ok
49116,1789699307214707,0,rollback,bench,460,47,0,14056,ok
49120,1789699307214722,0,rollback,bench,390,37,0,14057,ok
49120,1789699307214722,0,rollback,bench,93,49,0,14057,ok
49120,1789699307214722,0,rollback,bench,809,31,0,14057,ok
49120,1789699307214723,0,rollback,bench,732,36,0,14057,ok
49120,1789699307214723,0,rollback,bench,71,36,0,14057,ok
49138,1789699307223004,0,rollback,bench,574,39,0,14063,ok
49138,1789699307223005,0,rollback,bench,500,32,0,14063,ok
49152,1789699307230227,0,rollback,bench,422,30,0,14068,ok
49152,1789699307230228,0,rollback,bench,853,30,0,14068,ok
49163,1789699307235653,0,rollback,bench,574,39,0,14071,ok
49163,1789699307235654,0,rollback,bench,925,27,0,14071,ok
49163,1789699307235654,0,rollback,bench,417,38,0,14071,ok
49163,1789699307235655,0,rollback,bench,394,37,0,14071,ok
49176,1789699307241847,0,rollback,bench,400,26,0,14075,ok
49176,1789699307241848,0,rollback,bench,877,39,0,14075,ok
49176,1789699307241848,0,rollback,bench,991,27,0,14075,ok
49176,1789699307241849,0,rollback,bench,30,35,0,14075,ok
49183,1789699307243391,0,rollback,bench,854,34,0,14077,ok
49183,1789699307243393,0,rollback,bench,520,28,0,14077,ok
49183,1789699307243393,0,rollback,bench,224,43,0,14077,ok
49183,1789699307243393,0,rollback,bench,778,28,0,14077,ok
49183,1789699307243394,0,rollback,bench,957,48,0,14077,ok
49188,1789699307243396,0,rollback,bench,530,37,0,14078,ok
49196,1789699307247163,0,rollback,bench,599,48,0,14081,ok
49196,1789699307247164,0,rollback,bench,396,43,0,14081,ok
49196,1789699307247164,0,rollback,bench,34,37,0,14081,ok
49196,1789699307247165,0,rollback,bench,594,38,0,14081,ok
49196,1789699307247165,0,rollback,bench,306,30,0,14081,ok
49209,1789699307252047,0,rollback,bench,477,34,0,14085,ok
49209,1789699307252048,0,rollback,bench,181,48,0,14085,ok
49209,1789699307252049,0,rollback,bench,147,29,0,14085,ok
49209,1789699307252049,0,rollback,bench,26,27,0,14085,ok
49228,1789699307260873,0,rollback,bench,204,42,0,14092,ok
49228,1789699307260874,0,rollback,bench,487,30,0,14092,ok
49228,1789699307260874,0,rollback,bench,172,39,0,14092,ok
49228,1789699307260875,0,rollback,bench,61,35,0,14092,ok
49228,1789699307260875,0,rollback,bench,962,38,0,14092,ok
49238,1789699307264704,0,rollback,bench,583,43,0,14095,ok
49238,1789699307264705,0,rollback,bench,153,43,0,14095,ok
49238,1789699307264706,0,rollback,bench,402,35,0,14095,ok
49251,1789699307271019,0,rollback,bench,24,41,0,14099,ok
49251,1789699307271020,0,rollback,bench,353,35,0,14099,ok
49251,1789699307271020,0,rollback,bench,412,56,0,14099,ok
49300,1789699307298997,0,rollback,bench,846,39,0,14113,ok
49300,1789699307298999,0,rollback,bench,554,37,0,14113,ok
49300,1789699307298999,0,rollback,bench,498,47,0,14113,ok
49300,1789699307298999,0,rollback,bench,378,37,0,14113,ok
49300,1789699307299000,0,rollback,bench,799,38,0,14113,ok
49305,1789699307299002,0,rollback,bench,605,31,0,14114,ok
49333,1789699307316698,0,rollback,bench,859,41,0,14123,ok
49333,1789699307316700,0,rollback,bench,676,44,0,14123,ok
49333,1789699307316700,0,rollback,bench,885,36,0,14123,ok
49336,1789699307316704,0,rollback,bench,984,50,0,14124,ok
49336,1789699307316705,0,rollback,bench,877,39,0,14124,ok
49340,1789699307317913,0,rollback,bench,879,38,0,14126,ok
49354,1789699307326143,0,rollback,bench,135,34,0,14132,ok
49354,1789699307326144,0,rollback,bench,590,49,0,14132,ok
49354,1789699307326144,0,rollback,bench,809,31,0,14132,ok
49358,1789699307326618,0,rollback,bench,920,26,0,14134,ok
49358,1789699307326619,0,rollback,bench,624,37,0,14134,ok
49358,1789699307326619,0,rollback,bench,486,43,0,14134,ok
49374,1789699307334035,0,rollback,bench,666,45,0,14140,ok
49374,1789699307334036,0,rollback,bench,427,38,0,14140,ok
49374,1789699307334036,0,rollback,bench,37,29,0,14140,ok
49374,1789699307334036,0,rollback,bench,480,35,0,14140,ok
49382,1789699307336298,0,rollback,bench,685,36,0,14142,ok
49382,1789699307336299,0,rollback,bench,434,28,0,14142,ok
49382,1789699307336300,0,rollback,bench,289,34,0,14142,ok
49382,1789699307336300,0,rollback,bench,766,31,0,14142,ok
49389,1789699307338185,0,rollback,bench,49,34,0,14144,ok
49389,1789699307338186,0,rollback,bench,538,37,0,14144,ok
49389,1789699307338186,0,rollback,bench,917,34,0,14144,ok
49389,1789699307338186,0,rollback,bench,371,42,0,14144,ok
49389,1789699307338187,0,rollback,bench,385,38,0,14144,ok
49394,1789699307338190,0,rollback,bench,23,38,0,14145,ok
49394,1789699307338191,0,rollback,bench,22,19,0,14145,ok
49404,1789699307342961,0,rollback,bench,349,47,0,14149,ok
49404,1789699307342962,0,rollback,bench,961,38,0,14149,ok
49413,1789699307347029,0,rollback,bench,694,43,0,14152,ok
49413,1789699307347030,0,rollback,bench,279,48,0,14152,ok
49413,1789699307347030,0,rollback,bench,266,32,0,14152,ok
49416,1789699307347040,0,rollback,bench,192,41,0,14153,ok
49416,1789699307347041,0,rollback,bench,829,38,0,14153,ok
49416,1789699307347041,0,rollback,bench,699,46,0,14153,ok
49416,1789699307347041,0,rollback,bench,553,35,0,14153,ok
49441,1789699307360566,0,rollback,bench,972,39,0,14161,ok
49441,1789699307360567,0,rollback,bench,343,44,0,14161,ok
49449,1789699307364486,0,rollback,bench,503,40,0,14164,ok
49449,1789699307364487,0,rollback,bench,596,40,0,14164,ok
49451,1789699307364505,0,rollback,bench,845,45,0,14165,ok
49451,1789699307364505,0,rollback,bench,927,35,0,14165,ok
49451,1789699307364505,0,rollback,bench,717,46,0,14165,ok
49451,1789699307364506,0,rollback,bench,544,42,0,14165,ok
49469,1789699307372775,0,rollback,bench,508,40,0,14170,ok
49469,1789699307372776,0,rollback,bench,546,31,0,14170,ok
49476,1789699307375806,0,rollback,bench,729,38,0,14172,ok
49476,1789699307375807,0,rollback,bench,853,30,0,14172,ok
49476,1789699307375807,0,rollback,bench,769,51,0,14172,ok
49476,1789699307375808,0,rollback,bench,978,36,0,14172,ok
49476,1789699307375808,0,rollback,bench,926,44,0,14172,ok
49511,1789699307392829,0,rollback,bench,658,27,0,14184,ok
49511,1789699307392830,0,rollback,bench,266,32,0,14184,ok
49511,1789699307392830,0,rollback,bench,442,42,0,14184,ok
49511,1789699307392831,0,rollback,bench,660,38,0,14184,ok
49528,1789699307400897,0,rollback,bench,284,38,0,14190,ok
49533,1789699307403637,0,rollback,bench,475,40,0,14192,ok
49533,1789699307403638,0,rollback,bench,626,36,0,14192,ok
49533,1789699307403639,0,rollback,bench,205,48,0,14192,ok
49533,1789699307403639,0,rollback,bench,82,47,0,14192,ok
49542,1789699307406514,0,rollback,bench,571,43,0,14194,ok
49542,1789699307406515,0,rollback,bench,548,43,0,14194,ok
49544,1789699307406547,0,rollback,bench,32,41,0,14195,ok
49544,1789699307406548,0,rollback,bench,758,30,0,14195,ok
49553,1789699307410392,0,rollback,bench,710,41,0,14198,ok
49555,1789699307411019,0,rollback,bench,384,44,0,14200,ok
49555,1789699307411020,0,rollback,bench,567,34,0,14200,ok
49555,1789699307411020,0,rollback,bench,231,30,0,14200,ok
49555,1789699307411021,0,rollback,bench,356,37,0,14200,ok
49564,1789699307413646,0,rollback,bench,684,29,0,14202,ok
49564,1789699307413647,0,rollback,bench,919,30,0,14202,ok
49592,1789699307430404,0,rollback,bench,796,37,0,14211,ok
49592,1789699307430406,0,rollback,bench,420,35,0,14211,ok
49603,1789699307435785,0,rollback,bench,923,27,0,14214,ok
49616,1789699307443393,0,rollback,bench,158,34,0,14219,ok
49625,1789699307448702,0,rollback,bench,805,45,0,14222,ok
49625,1789699307448703,0,rollback,bench,725,37,0,14222,ok
49625,1789699307448704,0,rollback,bench,439,47,0,14222,ok
49646,1789699307459348,0,rollback,bench,694,43,0,14230,ok
49646,1789699307459349,0,rollback,bench,987,45,0,14230,ok
49646,1789699307459350,0,rollback,bench,421,45,0,14230,ok
49646,1789699307459350,0,rollback,bench,251,55,0,14230,ok
49646,1789699307459350,0,rollback,bench,116,34,0,14230,ok
49684,1789699307485257,0,rollback,bench,2,41,0,14240,ok
49684,1789699307485258,0,rollback,bench,276,30,0,14240,ok
49684,1789699307485259,0,rollback,bench,76,28,0,14240,ok
49684,1789699307485259,0,rollback,bench,575,40,0,14240,ok
49702,1789699307496871,0,rollback,bench,383,47,0,14246,ok
49702,1789699307496874,0,rollback,bench,212,36,0,14246,ok
49702,1789699307496874,0,rollback,bench,273,26,0,14246,ok
49716,1789699307504315,0,rollback,bench,124,38,0,14250,ok
49716,1789699307504317,0,rollback,bench,283,39,0,14250,ok
49716,1789699307504317,0,rollback,bench,278,45,0,14250,ok
49716,1789699307504318,0,rollback,bench,112,39,0,14250,ok
49724,1789699307507216,0,rollback,bench,440,29,0,14253,ok
49724,1789699307507218,0,rollback,bench,423,47,0,14253,ok
49724,1789699307507218,0,rollback,bench,686,37,0,14253,ok
49724,1789699307507219,0,rollback,bench,778,28,0,14253,ok
49724,1789699307507219,0,rollback,bench,759,41,0,14253,ok
49737,1789699307513797,0,rollback,bench,279,48,0,14256,ok
49737,1789699307513799,0,rollback,bench,556,31,0,14256,ok
49737,1789699307513799,0,rollback,bench,907,44,0,14256,ok
49737,1789699307513800,0,rollback,bench,889,53,0,14256,ok
49737,1789699307513800,0,rollback,bench,735,36,0,14256,ok
49750,1789699307521356,0,rollback,bench,246,35,0,14260,ok
49750,1789699307521358,0,rollback,bench,853,30,0,14260,ok
49754,1789699307524042,0,rollback,bench,291,36,0,14262,ok
49754,1789699307524043,0,rollback,bench,839,38,0,14262,ok
49754,1789699307524044,0,rollback,bench,851,30,0,14262,ok
49754,1789699307524044,0,rollback,bench,925,27,0,14262,ok
49754,1789699307524044,0,rollback,bench,409,45,0,14262,ok
49759,1789699307524057,0,rollback,bench,356,37,0,14263,ok
49759,1789699307524057,0,rollback,bench,822,35,0,14263,ok
49759,1789699307524058,0,rollback,bench,482,48,0,14263,ok
49759,1789699307524058,0,rollback,bench,611,42,0,14263,ok
49759,1789699307524059,0,rollback,bench,720,40,0,14263,ok
49764,1789699307524061,0,rollback,bench,973,43,0,14264,ok
49768,1789699307527053,0,rollback,bench,68,42,0,14266,ok
49768,1789699307527055,0,rollback,bench,809,31,0,14266,ok
49768,1789699307527056,0,rollback,bench,829,38,0,14266,ok
49768,1789699307527056,0,rollback,bench,652,56,0,14266,ok
49784,1789699307535284,0,rollback,bench,595,43,0,14270,ok
49790,1789699307539388,0,rollback,bench,488,42,0,14272,ok
49790,1789699307539390,0,rollback,bench,126,38,0,14272,ok
49790,1789699307539390,0,rollback,bench,191,38,0,14272,ok
49811,1789699307551475,0,rollback,bench,500,32,0,14280,ok
49817,1789699307554878,0,rollback,bench,101,37,0,14282,ok
49817,1789699307554879,0,rollback,bench,74,29,0,14282,ok
49817,1789699307554879,0,rollback,bench,391,46,0,14282,ok
49827,1789699307558648,0,rollback,bench,640,32,0,14285,ok
49828,1789699307558651,0,rollback,bench,356,37,0,14286,ok
49846,1789699307568966,0,rollback,bench,884,31,0,14293,ok
49846,1789699307568967,0,rollback,bench,400,26,0,14293,ok
49849,1789699307569418,0,rollback,bench,711,47,0,14295,ok
49850,1789699307569421,0,rollback,bench,69,40,0,14296,ok
49857,1789699307573930,0,rollback,bench,146,38,0,14299,ok
49858,1789699307573943,0,rollback,bench,666,46,0,14300,ok
49858,1789699307573944,0,rollback,bench,709,47,0,14300,ok
49858,1789699307573944,0,rollback,bench,403,38,0,14300,ok
49862,1789699307574669,0,rollback,bench,537,40,0,14302,ok
49862,1789699307574670,0,rollback,bench,684,29,0,14302,ok
49862,1789699307574670,0,rollback,bench,700,41,0,14302,ok
49880,1789699307589416,0,rollback,bench,759,41,0,14308,ok
49880,1789699307589417,0,rollback,bench,693,33,0,14308,ok
49880,1789699307589417,0,rollback,bench,329,34,0,14308,ok
49887,1789699307592134,0,rollback,bench,640,32,0,14310,ok
49887,1789699307592135,0,rollback,bench,688,38,0,14310,ok
49891,1789699307593154,0,rollback,bench,358,50,0,14312,ok
49891,1789699307593155,0,rollback,bench,828,40,0,14312,ok
49901,1789699307598096,0,rollback,bench,660,38,0,14316,ok
49905,1789699307600548,0,rollback,bench,248,39,0,14318,ok
49926,1789699307612607,0,rollback,bench,541,37,0,14325,ok
49926,1789699307612608,0,rollback,bench,604,37,0,14325,ok
49926,1789699307612608,0,rollback,bench,337,39,0,14325,ok
49926,1789699307612609,0,rollback,bench,246,35,0,14325,ok
49942,1789699307620451,0,rollback,bench,154,41,0,14330,ok
49942,1789699307620452,0,rollback,bench,849,41,0,14330,ok
49942,1789699307620453,0,rollback,bench,864,34,0,14330,ok
49942,1789699307620453,0,rollback,bench,912,31,0,14330,ok
49942,1789699307620453,0,rollback,bench,387,33,0,14330,ok
49947,1789699307620468,0,rollback,bench,174,48,0,14331,ok
49947,1789699307620468,0,rollback,bench,770,36,0,14331,ok
49947,1789699307620468,0,rollback,bench,370,43,0,14331,ok
49947,1789699307620469,0,rollback,bench,439,47,0,14331,ok
49947,1789699307620469,0,rollback,bench,484,37,0,14331,ok
49952,1789699307620484,0,rollback,bench,69,40,0,14332,ok
49952,1789699307620484,0,rollback,bench,546,31,0,14332,ok
49952,1789699307620484,0,rollback,bench,525,34,0,14332,ok
49952,1789699307620485,0,rollback,bench,979,54,0,14332,ok
49952,1789699307620485,0,rollback,bench,892,37,0,14332,ok
49957,1789699307620489,0,rollback,bench,212,36,0,14333,ok
49957,1789699307620490,0,rollback,bench,731,30,0,14333,ok
49982,1789699307634228,0,rollback,bench,75,30,0,14341,ok
49982,1789699307634229,0,rollback,bench,442,42,0,14341,ok
49982,1789699307634229,0,rollback,bench,30,35,0,14341,ok
49994,1789699307639427,0,rollback,bench,730,37,0,14346,ok
49994,1789699307639428,0,rollback,bench,703,29,0,14346,ok
49994,1789699307639428,0,rollback,bench,911,40,0,14346,ok
49994,1789699307639429,0,rollback,bench,32,41,0,14346,ok
49994,1789699307639429,0,rollback,bench,368,35,0,14346,ok
50014,1789699307649577,0,rollback,bench,897,32,0,14351,ok
50014,1789699307649578,0,rollback,bench,221,45,0,14351,ok
50014,1789699307649578,0,rollback,bench,513,48,0,14351,ok
50014,1789699307649579,0,rollback,bench,486,43,0,14351,ok
50038,1789699307661446,0,rollback,bench,253,39,0,14357,ok
50038,1789699307661447,0,rollback,bench,540,30,0,14357,ok
50040,1789699307661472,0,rollback,bench,362,26,0,14358,ok
50040,1789699307661472,0,rollback,bench,259,44,0,14358,ok
50040,1789699307661473,0,rollback,bench,87,46,0,14358,ok
50040,1789699307661473,0,rollback,bench,371,43,0,14358,ok
50044,1789699307661480,0,rollback,bench,304,37,0,14359,ok
50044,1789699307661481,0,rollback,bench,484,37,0,14359,ok
50044,1789699307661481,0,rollback,bench,184,42,0,14359,ok
50064,1789699307672031,0,rollback,bench,205,49,0,14366,ok
50064,1789699307672032,0,rollback,bench,729,38,0,14366,ok
50064,1789699307672032,0,rollback,bench,728,50,0,14366,ok
50077,1789699307677788,0,rollback,bench,51,42,0,14370,ok
50077,1789699307677789,0,rollback,bench,87,46,0,14370,ok
50077,1789699307677790,0,rollback,bench,692,41,0,14370,ok
50077,1789699307677790,0,rollback,bench,125,38,0,14370,ok
50077,1789699307677791,0,rollback,bench,445,42,0,14370,ok
50082,1789699307677794,0,rollback,bench,279,48,0,14371,ok
50086,1789699307680162,0,rollback,bench,769,52,0,14373,ok
50092,1789699307682950,0,rollback,bench,216,52,0,14375,ok
50092,1789699307682951,0,rollback,bench,333,35,0,14375,ok
50092,1789699307682951,0,rollback,bench,342,45,0,14375,ok
50092,1789699307682951,0,rollback,bench,807,42,0,14375,ok
50128,1789699307700085,0,rollback,bench,18,40,0,14387,ok
50128,1789699307700086,0,rollback,bench,683,42,0,14387,ok
50128,1789699307700086,0,rollback,bench,885,37,0,14387,ok
50138,1789699307703901,0,rollback,bench,469,51,0,14391,ok
50138,1789699307703902,0,rollback,bench,5,32,0,14391,ok
50138,1789699307703903,0,rollback,bench,698,29,0,14391,ok
50138,1789699307703903,0,rollback,bench,168,38,0,14391,ok
50142,1789699307703908,0,rollback,bench,176,40,0,14392,ok
50142,1789699307703908,0,rollback,bench,268,37,0,14392,ok
50144,1789699307703921,0,rollback,bench,766,32,0,14393,ok
50144,1789699307703921,0,rollback,bench,682,36,0,14393,ok
50144,1789699307703922,0,rollback,bench,915,39,0,14393,ok
50144,1789699307703922,0,rollback,bench,763,41,0,14393,ok
50148,1789699307703925,0,rollback,bench,288,44,0,14394,ok
50152,1789699307705279,0,rollback,bench,832,25,0,14396,ok
50152,1789699307705280,0,rollback,bench,18,40,0,14396,ok
50188,1789699307723733,0,rollback,bench,987,46,0,14409,ok
50188,1789699307723763,0,rollback,bench,758,31,0,14409,ok
50190,1789699307723768,0,rollback,bench,151,48,0,14410,ok
50216,1789699307738251,0,rollback,bench,565,28,0,14419,ok
50216,1789699307738252,0,rollback,bench,674,39,0,14419,ok
50216,1789699307738253,0,rollback,bench,806,40,0,14419,ok
50216,1789699307738253,0,rollback,bench,748,35,0,14419,ok
50216,1789699307738253,0,rollback,bench,859,43,0,14419,ok
50223,1789699307739921,0,rollback,bench,238,37,0,14421,ok
50223,1789699307739922,0,rollback,bench,191,38,0,14421,ok
50223,1789699307739922,0,rollback,bench,448,44,0,14421,ok
50223,1789699307739923,0,rollback,bench,553,36,0,14421,ok
50227,1789699307739930,0,rollback,bench,721,31,0,14422,ok
50227,1789699307739930,0,rollback,bench,774,37,0,14422,ok
50227,1789699307739931,0,rollback,bench,213,33,0,14422,ok
50230,1789699307739939,0,rollback,bench,422,32,0,14423,ok
50230,1789699307739939,0,rollback,bench,898,43,0,14423,ok
50230,1789699307739940,0,rollback,bench,214,46,0,14423,ok
50235,1789699307740970,0,rollback,bench,810,46,0,14425,ok
50235,1789699307740971,0,rollback,bench,426,40,0,14425,ok
50235,1789699307740971,0,rollback,bench,668,36,0,14425,ok
50235,1789699307740972,0,rollback,bench,213,33,0,14425,ok
50235,1789699307740972,0,rollback,bench,578,42,0,14425,ok
50249,1789699307746074,0,rollback,bench,945,34,0,14429,ok
50249,1789699307746075,0,rollback,bench,559,44,0,14429,ok
50249,1789699307746075,0,rollback,bench,280,31,0,14429,ok
50249,1789699307746076,0,rollback,bench,726,36,0,14429,ok
50263,1789699307752156,0,rollback,bench,92,40,0,14435,ok
50302,1789699307776145,0,rollback,bench,359,54,0,14448,ok
50302,1789699307776147,0,rollback,bench,321,45,0,14448,ok
50332,1789699307791937,0,rollback,bench,440,29,0,14461,ok
50332,1789699307791938,0,rollback,bench,602,42,0,14461,ok
50332,1789699307791938,0,rollback,bench,348,42,0,14461,ok
50354,1789699307802213,0,rollback,bench,64,37,0,14468,ok
50354,1789699307802214,0,rollback,bench,826,37,0,14468,ok
50354,1789699307802215,0,rollback,bench,379,39,0,14468,ok
50354,1789699307802215,0,rollback,bench,873,45,0,14468,ok
50354,1789699307802215,0,rollback,bench,116,35,0,14468,ok
50359,1789699307802226,0,rollback,bench,83,53,0,14469,ok
50359,1789699307802227,0,rollback,bench,1,44,0,14469,ok
50359,1789699307802227,0,rollback,bench,588,33,0,14469,ok
50359,1789699307802227,0,rollback,bench,947,42,0,14469,ok
50363,1789699307802241,0,rollback,bench,689,44,0,14470,ok
50363,1789699307802241,0,rollback,bench,709,47,0,14470,ok
50363,1789699307802241,0,rollback,bench,596,41,0,14470,ok
50363,1789699307802242,0,rollback,bench,962,39,0,14470,ok
50363,1789699307802242,0,rollback,bench,523,39,0,14470,ok
50405,1789699307822966,0,rollback,bench,760,38,0,14485,ok
50405,1789699307822968,0,rollback,bench,827,37,0,14485,ok
50410,1789699307824718,0,rollback,bench,987,47,0,14487,ok
50410,1789699307824719,0,rollback,bench,118,51,0,14487,ok
50410,1789699307824719,0,rollback,bench,575,40,0,14487,ok
50410,1789699307824720,0,rollback,bench,346,43,0,14487,ok
50419,1789699307827443,0,rollback,bench,260,36,0,14490,ok
50419,1789699307827443,0,rollback,bench,105,41,0,14490,ok
50419,1789699307827444,0,rollback,bench,617,41,0,14490,ok
50419,1789699307827444,0,rollback,bench,123,47,0,14490,ok
50419,1789699307827445,0,rollback,bench,779,35,0,14490,ok
50426,1789699307829243,0,rollback,bench,531,38,0,14492,ok
50426,1789699307829244,0,rollback,bench,64,37,0,14492,ok
50440,1789699307836490,0,rollback,bench,245,35,0,14497,ok
50440,1789699307836491,0,rollback,bench,355,38,0,14497,ok
50450,1789699307840928,0,rollback,bench,616,46,0,14500,ok
50450,1789699307840929,0,rollback,bench,900,43,0,14500,ok
50457,1789699307843446,0,rollback,bench,696,32,0,14504,ok
50461,1789699307845286,0,rollback,bench,587,52,0,14506,ok
50461,1789699307845286,0,rollback,bench,931,41,0,14506,ok
50461,1789699307845287,0,rollback,bench,906,42,0,14506,ok
50461,1789699307845287,0,rollback,bench,653,46,0,14506,ok
50461,1789699307845287,0,rollback,bench,76,29,0,14506,ok
50466,1789699307845295,0,rollback,bench,542,51,0,14507,ok
50466,1789699307845296,0,rollback,bench,96,35,0,14507,ok
50466,1789699307845296,0,rollback,bench,194,46,0,14507,ok
50469,1789699307845299,0,rollback,bench,767,48,0,14508,ok
50500,1789699307862360,0,rollback,bench,832,25,0,14520,ok
50500,1789699307862360,0,rollback,bench,105,41,0,14520,ok
50500,1789699307862361,0,rollback,bench,859,43,0,14520,ok
50512,1789699307866841,0,rollback,bench,75,31,0,14524,ok
50512,1789699307866842,0,rollback,bench,750,48,0,14524,ok
50518,1789699307869120,0,rollback,bench,883,42,0,14526,ok
50518,1789699307869121,0,rollback,bench,786,30,0,14526,ok
50518,1789699307869122,0,rollback,bench,992,41,0,14526,ok
50537,1789699307878274,0,rollback,bench,779,35,0,14534,ok
50559,1789699307889206,0,rollback,bench,322,42,0,14542,ok
50559,1789699307889207,0,rollback,bench,110,33,0,14542,ok
50559,1789699307889208,0,rollback,bench,569,42,0,14542,ok
50563,1789699307889668,0,rollback,bench,57,43,0,14544,ok
50563,1789699307889669,0,rollback,bench,669,39,0,14544,ok
50563,1789699307889669,0,rollback,bench,140,42,0,14544,ok
50563,1789699307889669,0,rollback,bench,634,40,0,14544,ok
50586,1789699307901986,0,rollback,bench,814,32,0,14552,ok
50587,1789699307902002,0,rollback,bench,765,32,0,14553,ok
50587,1789699307902002,0,rollback,bench,707,42,0,14553,ok
50587,1789699307902003,0,rollback,bench,139,48,0,14553,ok
50587,1789699307902003,0,rollback,bench,279,48,0,14553,ok
50596,1789699307904756,0,rollback,bench,84,39,0,14555,ok
50596,1789699307904757,0,rollback,bench,933,39,0,14555,ok
50596,1789699307904758,0,rollback,bench,23,40,0,14555,ok
50596,1789699307904758,0,rollback,bench,947,42,0,14555,ok
50596,1789699307904758,0,rollback,bench,274,41,0,14555,ok
50601,1789699307904765,0,rollback,bench,599,48,0,14556,ok
50601,1789699307904765,0,rollback,bench,449,35,0,14556,ok
50601,1789699307904765,0,rollback,bench,934,44,0,14556,ok
50608,1789699307906880,0,rollback,bench,497,42,0,14558,ok
50608,1789699307906881,0,rollback,bench,372,36,0,14558,ok
50608,1789699307906882,0,rollback,bench,315,37,0,14558,ok
50608,1789699307906882,0,rollback,bench,90,44,0,14558,ok
50608,1789699307906883,0,rollback,bench,111,31,0,14558,ok
50615,1789699307908104,0,rollback,bench,304,38,0,14560,ok
50615,1789699307908105,0,rollback,bench,410,30,0,14560,ok
50615,1789699307908105,0,rollback,bench,84,39,0,14560,ok
50615,1789699307908119,0,rollback,bench,146,38,0,14560,ok
50619,1789699307908122,0,rollback,bench,646,42,0,14561,ok
50626,1789699307912033,0,rollback,bench,489,38,0,14564,ok
50626,1789699307912034,0,rollback,bench,350,39,0,14564,ok
50626,1789699307912034,0,rollback,bench,853,32,0,14564,ok
50626,1789699307912034,0,rollback,bench,387,37,0,14564,ok
50626,1789699307912035,0,rollback,bench,534,48,0,14564,ok
50632,1789699307913171,0,rollback,bench,211,37,0,14566,ok
50632,1789699307913172,0,rollback,bench,168,38,0,14566,ok
50634,1789699307913174,0,rollback,bench,326,38,0,14567,ok
50639,1789699307915266,0,rollback,bench,580,36,0,14569,ok
50639,1789699307915266,0,rollback,bench,41,30,0,14569,ok
50639,1789699307915267,0,rollback,bench,966,45,0,14569,ok
50639,1789699307915267,0,rollback,bench,117,35,0,14569,ok
50639,1789699307915267,0,rollback,bench,487,31,0,14569,ok
50649,1789699307938385,0,rollback,bench,590,49,0,14573,ok
50649,1789699307938386,0,rollback,bench,557,42,0,14573,ok
50649,1789699307938387,0,rollback,bench,632,58,0,14573,ok
50649,1789699307938387,0,rollback,bench,487,31,0,14573,ok
50649,1789699307938388,0,rollback,bench,773,37,0,14573,ok
50659,1789699307942312,0,rollback,bench,93,51,0,14576,ok
50659,1789699307942313,0,rollback,bench,836,35,0,14576,ok
50659,1789699307942313,0,rollback,bench,846,40,0,14576,ok
50659,1789699307942313,0,rollback,bench,674,39,0,14576,ok
50659,1789699307942314,0,rollback,bench,574,40,0,14576,ok
50684,1789699307954476,0,rollback,bench,887,38,0,14583,ok
50684,1789699307954477,0,rollback,bench,956,31,0,14583,ok
50684,1789699307954477,0,rollback,bench,947,42,0,14583,ok
50684,1789699307954478,0,rollback,bench,575,41,0,14583,ok
50695,1789699307958921,0,rollback,bench,898,44,0,14586,ok
50695,1789699307958922,0,rollback,bench,931,41,0,14586,ok
50697,1789699307958926,0,rollback,bench,65,29,0,14587,ok
50698,1789699307958928,0,rollback,bench,505,58,0,14588,ok
50714,1789699307968410,0,rollback,bench,564,46,0,14593,ok
50714,1789699307968411,0,rollback,bench,744,37,0,14593,ok
50714,1789699307968411,0,rollback,bench,57,43,0,14593,ok
50714,1789699307968412,0,rollback,bench,9,26,0,14593,ok
50722,1789699307970902,0,rollback,bench,601,37,0,14595,ok
50722,1789699307970903,0,rollback,bench,458,38,0,14595,ok
50722,1789699307970903,0,rollback,bench,124,39,0,14595,ok
50722,1789699307970903,0,rollback,bench,134,32,0,14595,ok
50722,1789699307970904,0,rollback,bench,476,38,0,14595,ok
50737,1789699307976506,0,rollback,bench,457,40,0,14599,ok
50737,1789699307976507,0,rollback,bench,546,32,0,14599,ok
50737,1789699307976507,0,rollback,bench,880,38,0,14599,ok
50740,1789699307976544,0,rollback,bench,972,40,0,14600,ok
50740,1789699307976544,0,rollback,bench,782,41,0,14600,ok
50740,1789699307976545,0,rollback,bench,57,43,0,14600,ok
50745,1789699307977705,0,rollback,bench,929,41,0,14602,ok
50763,1789699307988094,0,rollback,bench,126,40,0,14609,ok
50763,1789699307988095,0,rollback,bench,897,33,0,14609,ok
50765,1789699307988128,0,rollback,bench,168,38,0,14610,ok
50765,1789699307988128,0,rollback,bench,866,41,0,14610,ok
50765,1789699307988129,0,rollback,bench,945,34,0,14610,ok
50765,1789699307988129,0,rollback,bench,770,38,0,14610,ok
50765,1789699307988129,0,rollback,bench,694,45,0,14610,ok
50770,1789699307988144,0,rollback,bench,611,42,0,14611,ok
50770,1789699307988145,0,rollback,bench,322,43,0,14611,ok
50770,1789699307988145,0,rollback,bench,518,44,0,14611,ok
50770,1789699307988146,0,rollback,bench,714,34,0,14611,ok
50770,1789699307988146,0,rollback,bench,932,46,0,14611,ok
50780,1789699307990993,0,rollback,bench,496,46,0,14613,ok
50780,1789699307990994,0,rollback,bench,234,37,0,14613,ok
50780,1789699307990995,0,rollback,bench,445,43,0,14613,ok
50780,1789699307990995,0,rollback,bench,184,44,0,14613,ok
50791,1789699307995091,0,rollback,bench,809,32,0,14618,ok
50791,1789699307995092,0,rollback,bench,768,45,0,14618,ok
50791,1789699307995093,0,rollback,bench,759,41,0,14618,ok
50791,1789699307995093,0,rollback,bench,537,40,0,14618,ok
50795,1789699307995104,0,rollback,bench,557,42,0,14619,ok
50795,1789699307995104,0,rollback,bench,195,47,0,14619,ok
50795,1789699307995104,0,rollback,bench,155,49,0,14619,ok
50795,1789699307995105,0,rollback,bench,144,37,0,14619,ok
50816,1789699308005344,0,rollback,bench,462,34,0,14626,ok
50816,1789699308005345,0,rollback,bench,94,30,0,14626,ok
50816,1789699308005346,0,rollback,bench,65,29,0,14626,ok
50816,1789699308005346,0,rollback,bench,214,47,0,14626,ok
50816,1789699308005347,0,rollback,bench,937,38,0,14626,ok
50830,1789699308011620,0,rollback,bench,863,39,0,14630,ok
50830,1789699308011621,0,rollback,bench,187,42,0,14630,ok
50830,1789699308011622,0,rollback,bench,770,38,0,14630,ok
50853,1789699308023798,0,rollback,bench,418,45,0,14637,ok
50878,1789699308039373,0,rollback,bench,19,35,0,14645,ok
50878,1789699308039374,0,rollback,bench,220,42,0,14645,ok
50878,1789699308039375,0,rollback,bench,679,38,0,14645,ok
50898,1789699308049944,0,rollback,bench,460,48,0,14652,ok
50898,1789699308049945,0,rollback,bench,887,38,0,14652,ok
50898,1789699308049946,0,rollback,bench,391,47,0,14652,ok
50911,1789699308055709,0,rollback,bench,634,40,0,14657,ok
50911,1789699308055710,0,rollback,bench,737,38,0,14657,ok
50911,1789699308055710,0,rollback,bench,290,39,0,14657,ok
50911,1789699308055710,0,rollback,bench,976,34,0,14657,ok
50920,1789699308058464,0,rollback,bench,130,42,0,14659,ok
50920,1789699308058464,0,rollback,bench,338,44,0,14659,ok
50920,1789699308058465,0,rollback,bench,18,40,0,14659,ok
50920,1789699308058465,0,rollback,bench,370,45,0,14659,ok
50920,1789699308058466,0,rollback,bench,658,28,0,14659,ok
50925,1789699308058470,0,rollback,bench,325,43,0,14660,ok
50925,1789699308058470,0,rollback,bench,795,36,0,14660,ok
50927,1789699308058480,0,rollback,bench,747,28,0,14661,ok
50927,1789699308058480,0,rollback,bench,66,47,0,14661,ok
50927,1789699308058481,0,rollback,bench,885,39,0,14661,ok
50927,1789699308058481,0,rollback,bench,515,44,0,14661,ok
50948,1789699308067850,0,rollback,bench,10,32,0,14667,ok
50948,1789699308067851,0,rollback,bench,848,34,0,14667,ok
50948,1789699308067851,0,rollback,bench,502,40,0,14667,ok
50948,1789699308067851,0,rollback,bench,317,44,0,14667,ok
50968,1789699308076511,0,rollback,bench,13,46,0,14673,ok
50968,1789699308076511,0,rollback,bench,696,32,0,14673,ok
50968,1789699308076512,0,rollback,bench,870,37,0,14673,ok
50968,1789699308076539,0,rollback,bench,737,38,0,14673,ok
50968,1789699308076539,0,rollback,bench,875,48,0,14673,ok
50975,1789699308077683,0,rollback,bench,430,40,0,14675,ok
50975,1789699308077684,0,rollback,bench,901,37,0,14675,ok
50975,1789699308077684,0,rollback,bench,153,43,0,14675,ok
50982,1789699308079886,0,rollback,bench,252,35,0,14678,ok
50982,1789699308079886,0,rollback,bench,922,44,0,14678,ok
50984,1789699308079890,0,rollback,bench,254,42,0,14679,ok
50984,1789699308079891,0,rollback,bench,388,40,0,14679,ok
50986,1789699308079893,0,rollback,bench,991,28,0,14680,ok
50988,1789699308080565,0,rollback,bench,882,29,0,14682,ok
51002,1789699308088599,0,rollback,bench,165,43,0,14686,ok
51002,1789699308088600,0,rollback,bench,879,41,0,14686,ok
51002,1789699308088600,0,rollback,bench,731,31,0,14686,ok
51009,1789699308090425,0,rollback,bench,883,42,0,14688,ok
51010,1789699308090427,0,rollback,bench,515,44,0,14689,ok
51011,1789699308090430,0,rollback,bench,825,46,0,14690,ok
51026,1789699308099236,0,rollback,bench,66,47,0,14696,ok
51026,1789699308099237,0,rollback,bench,645,40,0,14696,ok
51026,1789699308099238,0,rollback,bench,292,39,0,14696,ok
51026,1789699308099238,0,rollback,bench,966,45,0,14696,ok
51026,1789699308099238,0,rollback,bench,963,43,0,14696,ok
51031,1789699308099241,0,rollback,bench,402,37,0,14697,ok
51035,1789699308101123,0,rollback,bench,390,41,0,14699,ok
51035,1789699308101124,0,rollback,bench,333,36,0,14699,ok
51035,1789699308101124,0,rollback,bench,655,45,0,14699,ok
51035,1789699308101124,0,rollback,bench,102,29,0,14699,ok
51035,1789699308101125,0,rollback,bench,989,39,0,14699,ok
51050,1789699308106675,0,rollback,bench,771,42,0,14705,ok
51050,1789699308106676,0,rollback,bench,437,32,0,14705,ok
51050,1789699308106676,0,rollback,bench,122,48,0,14705,ok
51050,1789699308106676,0,rollback,bench,419,29,0,14705,ok
51072,1789699308116647,0,rollback,bench,678,56,0,14711,ok
51072,1789699308116648,0,rollback,bench,997,40,0,14711,ok
51077,1789699308118366,0,rollback,bench,153,43,0,14713,ok
51077,1789699308118367,0,rollback,bench,341,36,0,14713,ok
51132,1789699308146835,0,rollback,bench,81,39,0,14732,ok
51132,1789699308146837,0,rollback,bench,783,37,0,14732,ok
51132,1789699308146837,0,rollback,bench,493,40,0,14732,ok
51132,1789699308146838,0,rollback,bench,474,36,0,14732,ok
51132,1789699308146838,0,rollback,bench,446,41,0,14732,ok
51139,1789699308147979,0,rollback,bench,901,37,0,14735,ok
51139,1789699308147980,0,rollback,bench,289,37,0,14735,ok
51149,1789699308152338,0,rollback,bench,659,34,0,14738,ok
51149,1789699308152339,0,rollback,bench,77,40,0,14738,ok
51149,1789699308152339,0,rollback,bench,466,36,0,14738,ok
51149,1789699308152340,0,rollback,bench,445,43,0,14738,ok
51158,1789699308154940,0,rollback,bench,216,52,0,14741,ok
51203,1789699308181959,0,rollback,bench,668,36,0,14755,ok
51203,1789699308181960,0,rollback,bench,119,29,0,14755,ok
51203,1789699308181961,0,rollback,bench,605,31,0,14755,ok
51209,1789699308183427,0,rollback,bench,202,37,0,14757,ok
51209,1789699308183428,0,rollback,bench,228,48,0,14757,ok
51209,1789699308183428,0,rollback,bench,301,33,0,14757,ok
51209,1789699308183429,0,rollback,bench,249,34,0,14757,ok
51209,1789699308183429,0,rollback,bench,995,46,0,14757,ok
51214,1789699308183437,0,rollback,bench,78,33,0,14758,ok
51214,1789699308183437,0,rollback,bench,136,43,0,14758,ok
51214,1789699308183437,0,rollback,bench,558,44,0,14758,ok
51240,1789699308197140,0,rollback,bench,601,38,0,14768,ok
51240,1789699308197141,0,rollback,bench,402,38,0,14768,ok
51250,1789699308201636,0,rollback,bench,751,35,0,14773,ok
51250,1789699308201637,0,rollback,bench,746,45,0,14773,ok
51250,1789699308201637,0,rollback,bench,820,28,0,14773,ok
51250,1789699308201638,0,rollback,bench,241,45,0,14773,ok
51266,1789699308208217,0,rollback,bench,396,46,0,14779,ok
51281,1789699308216930,0,rollback,bench,867,48,0,14783,ok
51281,1789699308216931,0,rollback,bench,912,33,0,14783,ok
51286,1789699308218603,0,rollback,bench,362,26,0,14786,ok
51286,1789699308218604,0,rollback,bench,60,47,0,14786,ok
51286,1789699308218605,0,rollback,bench,357,32,0,14786,ok
51296,1789699308222196,0,rollback,bench,900,45,0,14790,ok
51296,1789699308222197,0,rollback,bench,79,43,0,14790,ok
51296,1789699308222198,0,rollback,bench,279,50,0,14790,ok
51329,1789699308239772,0,rollback,bench,629,27,0,14801,ok
51335,1789699308243204,0,rollback,bench,154,42,0,14804,ok
51335,1789699308243205,0,rollback,bench,437,32,0,14804,ok
51337,1789699308243218,0,rollback,bench,550,40,0,14805,ok
51337,1789699308243219,0,rollback,bench,191,38,0,14805,ok
51337,1789699308243219,0,rollback,bench,624,40,0,14805,ok
51353,1789699308250762,0,rollback,bench,199,30,0,14811,ok
51353,1789699308250764,0,rollback,bench,146,39,0,14811,ok
51353,1789699308250764,0,rollback,bench,504,49,0,14811,ok
51373,1789699308262153,0,rollback,bench,835,49,0,14817,ok
51373,1789699308262155,0,rollback,bench,443,41,0,14817,ok
51373,1789699308262155,0,rollback,bench,806,41,0,14817,ok
51373,1789699308262156,0,rollback,bench,203,41,0,14817,ok
51382,1789699308264920,0,rollback,bench,163,30,0,14821,ok
51382,1789699308264921,0,rollback,bench,682,36,0,14821,ok
51382,1789699308264921,0,rollback,bench,910,46,0,14821,ok
51407,1789699308283271,0,rollback,bench,413,51,0,14827,ok
51407,1789699308283272,0,rollback,bench,916,45,0,14827,ok
51409,1789699308283274,0,rollback,bench,152,45,0,14828,ok
51446,1789699308305639,0,rollback,bench,243,34,0,14839,ok
51446,1789699308305641,0,rollback,bench,234,37,0,14839,ok
51446,1789699308305641,0,rollback,bench,382,27,0,14839,ok
51449,1789699308305649,0,rollback,bench,33,41,0,14840,ok
51449,1789699308305649,0,rollback,bench,582,34,0,14840,ok
51449,1789699308305650,0,rollback,bench,78,33,0,14840,ok
51462,1789699308311988,0,rollback,bench,273,27,0,14845,ok
51466,1789699308313854,0,rollback,bench,477,36,0,14847,ok
51466,1789699308313855,0,rollback,bench,696,33,0,14847,ok
51466,1789699308313855,0,rollback,bench,987,47,0,14847,ok
51466,1789699308313855,0,rollback,bench,588,35,0,14847,ok
51474,1789699308316300,0,rollback,bench,446,42,0,14849,ok
51474,1789699308316301,0,rollback,bench,370,45,0,14849,ok
51474,1789699308316302,0,rollback,bench,141,33,0,14849,ok
51474,1789699308316302,0,rollback,bench,765,32,0,14849,ok
51474,1789699308316303,0,rollback,bench,225,46,0,14849,ok
51496,1789699308328733,0,rollback,bench,254,42,0,14856,ok
51496,1789699308328734,0,rollback,bench,69,42,0,14856,ok
51496,1789699308328735,0,rollback,bench,133,39,0,14856,ok
51496,1789699308328735,0,rollback,bench,62,47,0,14856,ok
51496,1789699308328736,0,rollback,bench,416,44,0,14856,ok
51512,1789699308337827,0,rollback,bench,13,46,0,14860,ok
51512,1789699308337829,0,rollback,bench,736,46,0,14860,ok
51512,1789699308337829,0,rollback,bench,975,43,0,14860,ok
51512,1789699308337830,0,rollback,bench,590,49,0,14860,ok
51512,1789699308337830,0,rollback,bench,710,43,0,14860,ok
51517,1789699308337835,0,rollback,bench,779,38,0,14861,ok
51517,1789699308337835,0,rollback,bench,540,31,0,14861,ok
51525,1789699308342623,0,rollback,bench,724,40,0,14864,ok
51531,1789699308346075,0,rollback,bench,205,49,0,14866,ok
51547,1789699308357255,0,rollback,bench,882,29,0,14872,ok
51557,1789699308366550,0,rollback,bench,276,32,0,14876,ok
51557,1789699308366552,0,rollback,bench,551,42,0,14876,ok
51557,1789699308366552,0,rollback,bench,740,37,0,14876,ok
51563,1789699308371016,0,rollback,bench,470,45,0,14880,ok
51563,1789699308371020,0,rollback,bench,574,40,0,14880,ok
51563,1789699308371021,0,rollback,bench,585,44,0,14880,ok
51600,1789699308397367,0,rollback,bench,968,48,0,14893,ok
51600,1789699308397368,0,rollback,bench,709,49,0,14893,ok
51600,1789699308397369,0,rollback,bench,836,35,0,14893,ok
51600,1789699308397369,0,rollback,bench,184,45,0,14893,ok
51600,1789699308397370,0,rollback,bench,501,41,0,14893,ok
51605,1789699308397377,0,rollback,bench,564,46,0,14894,ok
51605,1789699308397378,0,rollback,bench,721,31,0,14894,ok
51605,1789699308397378,0,rollback,bench,65,29,0,14894,ok
51617,1789699308403407,0,rollback,bench,292,39,0,14898,ok
51617,1789699308403408,0,rollback,bench,894,47,0,14898,ok
51617,1789699308403409,0,rollback,bench,696,33,0,14898,ok
51632,1789699308415574,0,rollback,bench,30,35,0,14902,ok
51632,1789699308415576,0,rollback,bench,810,46,0,14902,ok
51632,1789699308415577,0,rollback,bench,916,45,0,14902,ok
51635,1789699308415597,0,rollback,bench,498,48,0,14903,ok
51635,1789699308415598,0,rollback,bench,855,44,0,14903,ok
51635,1789699308415598,0,rollback,bench,209,46,0,14903,ok
51635,1789699308415599,0,rollback,bench,232,45,0,14903,ok
51640,1789699308416480,0,rollback,bench,600,32,0,14905,ok
51640,1789699308416482,0,rollback,bench,945,34,0,14905,ok
51640,1789699308416483,0,rollback,bench,273,27,0,14905,ok
51660,1789699308429722,0,rollback,bench,578,44,0,14913,ok
51660,1789699308429723,0,rollback,bench,430,40,0,14913,ok
51691,1789699308451419,0,rollback,bench,522,41,0,14924,ok
51695,1789699308453004,0,rollback,bench,517,47,0,14926,ok
51698,1789699308454201,0,rollback,bench,409,46,0,14928,ok
51698,1789699308454202,0,rollback,bench,785,42,0,14928,ok
51698,1789699308454202,0,rollback,bench,93,52,0,14928,ok
51711,1789699308460462,0,rollback,bench,323,36,0,14934,ok
51711,1789699308460463,0,rollback,bench,61,37,0,14934,ok
51711,1789699308460463,0,rollback,bench,28,48,0,14934,ok
51714,1789699308460468,0,rollback,bench,618,46,0,14935,ok
51714,1789699308460468,0,rollback,bench,892,38,0,14935,ok
51735,1789699308471544,0,rollback,bench,668,36,0,14946,ok
51735,1789699308471545,0,rollback,bench,734,47,0,14946,ok
51735,1789699308471546,0,rollback,bench,266,33,0,14946,ok
51735,1789699308471546,0,rollback,bench,992,42,0,14946,ok
51744,1789699308474474,0,rollback,bench,682,36,0,14948,ok
51749,1789699308476536,0,rollback,bench,305,40,0,14950,ok
51749,1789699308476537,0,rollback,bench,76,29,0,14950,ok
51759,1789699308481582,0,rollback,bench,540,31,0,14954,ok
51759,1789699308481583,0,rollback,bench,783,37,0,14954,ok
51759,1789699308481584,0,rollback,bench,903,36,0,14954,ok
51759,1789699308481594,0,rollback,bench,439,49,0,14954,ok
51759,1789699308481594,0,rollback,bench,568,46,0,14954,ok
51768,1789699308483929,0,rollback,bench,894,47,0,14956,ok
51773,1789699308486187,0,rollback,bench,388,40,0,14959,ok
51773,1789699308486188,0,rollback,bench,98,46,0,14959,ok
51773,1789699308486188,0,rollback,bench,880,39,0,14959,ok
51785,1789699308491844,0,rollback,bench,284,39,0,14962,ok
51811,1789699308505610,0,rollback,bench,910,46,0,14970,ok
51811,1789699308505611,0,rollback,bench,928,35,0,14970,ok
51811,1789699308505611,0,rollback,bench,392,27,0,14970,ok
51811,1789699308505612,0,rollback,bench,558,45,0,14970,ok
51811,1789699308505612,0,rollback,bench,908,40,0,14970,ok
51845,1789699308525669,0,rollback,bench,364,43,0,14980,ok
51845,1789699308525670,0,rollback,bench,530,41,0,14980,ok
51845,1789699308525671,0,rollback,bench,126,41,0,14980,ok
51845,1789699308525671,0,rollback,bench,910,46,0,14980,ok
51860,1789699308532830,0,rollback,bench,998,48,0,14986,ok
51860,1789699308532831,0,rollback,bench,40,46,0,14986,ok
51860,1789699308532832,0,rollback,bench,544,42,0,14986,ok
51860,1789699308532832,0,rollback,bench,950,36,0,14986,ok
51860,1789699308532832,0,rollback,bench,793,36,0,14986,ok
51881,1789699308541881,0,rollback,bench,714,37,0,14992,ok
51881,1789699308541882,0,rollback,bench,141,33,0,14992,ok
51881,1789699308541883,0,rollback,bench,95,35,0,14992,ok
51889,1789699308544806,0,rollback,bench,678,56,0,14995,ok
51889,1789699308544807,0,rollback,bench,85,40,0,14995,ok
51889,1789699308544808,0,rollback,bench,606,38,0,14995,ok
51904,1789699308553776,0,rollback,bench,842,32,0,15000,ok
51904,1789699308553777,0,rollback,bench,793,36,0,15000,ok
51904,1789699308553777,0,rollback,bench,297,48,0,15000,ok
51904,1789699308553778,0,rollback,bench,509,36,0,15000,ok
51904,1789699308553778,0,rollback,bench,752,40,0,15000,ok
51911,1789699308555475,0,rollback,bench,436,40,0,15002,ok
51911,1789699308555476,0,rollback,bench,455,34,0,15002,ok
51913,1789699308555495,0,rollback,bench,236,44,0,15003,ok
51913,1789699308555496,0,rollback,bench,950,36,0,15003,ok
51913,1789699308555496,0,rollback,bench,885,43,0,15003,ok
51913,1789699308555496,0,rollback,bench,140,42,0,15003,ok
51917,1789699308555507,0,rollback,bench,630,34,0,15004,ok
51917,1789699308555508,0,rollback,bench,615,29,0,15004,ok
51917,1789699308555508,0,rollback,bench,778,29,0,15004,ok
51917,1789699308555508,0,rollback,bench,876,39,0,15004,ok
51935,1789699308564384,0,rollback,bench,759,41,0,15009,ok
51935,1789699308564385,0,rollback,bench,20,51,0,15009,ok
51935,1789699308564386,0,rollback,bench,227,31,0,15009,ok
51935,1789699308564386,0,rollback,bench,770,41,0,15009,ok
51953,1789699308573416,0,rollback,bench,870,38,0,15014,ok
51953,1789699308573417,0,rollback,bench,29,35,0,15014,ok
51953,1789699308573417,0,rollback,bench,27,42,0,15014,ok
51953,1789699308573418,0,rollback,bench,458,41,0,15014,ok
51969,1789699308580431,0,rollback,bench,513,49,0,15019,ok
51969,1789699308580432,0,rollback,bench,847,39,0,15019,ok
51969,1789699308580432,0,rollback,bench,327,45,0,15019,ok
51969,1789699308580433,0,rollback,bench,789,44,0,15019,ok
51969,1789699308580433,0,rollback,bench,593,22,0,15019,ok
51987,1789699308587857,0,rollback,bench,140,43,0,15024,ok
51987,1789699308587858,0,rollback,bench,810,46,0,15024,ok
51987,1789699308587858,0,rollback,bench,921,34,0,15024,ok
51987,1789699308587859,0,rollback,bench,546,34,0,15024,ok
51987,1789699308587860,0,rollback,bench,959,48,0,15024,ok
51998,1789699308591869,0,rollback,bench,651,43,0,15027,ok
51998,1789699308591870,0,rollback,bench,893,42,0,15027,ok
51998,1789699308591870,0,rollback,bench,811,42,0,15027,ok
51998,1789699308591871,0,rollback,bench,241,46,0,15027,ok
52002,1789699308591878,0,rollback,bench,214,48,0,15028,ok
52002,1789699308591878,0,rollback,bench,155,50,0,15028,ok
52002,1789699308591879,0,rollback,bench,600,32,0,15028,ok
52005,1789699308591881,0,rollback,bench,386,43,0,15029,ok
52013,1789699308595441,0,rollback,bench,811,42,0,15032,ok
52014,1789699308595456,0,rollback,bench,211,38,0,15033,ok
52014,1789699308595456,0,rollback,bench,477,36,0,15033,ok
52014,1789699308595456,0,rollback,bench,319,34,0,15033,ok
52014,1789699308595457,0,rollback,bench,369,50,0,15033,ok
52023,1789699308597946,0,rollback,bench,355,39,0,15037,ok
52023,1789699308597947,0,rollback,bench,710,43,0,15037,ok
52023,1789699308597948,0,rollback,bench,957,53,0,15037,ok
52023,1789699308597948,0,rollback,bench,389,29,0,15037,ok
52023,1789699308597948,0,rollback,bench,482,51,0,15037,ok
52040,1789699308604642,0,rollback,bench,274,41,0,15043,ok
52040,1789699308604643,0,rollback,bench,921,34,0,15043,ok
52052,1789699308610330,0,rollback,bench,937,40,0,15049,ok
52052,1789699308610331,0,rollback,bench,926,48,0,15049,ok
52052,1789699308610331,0,rollback,bench,525,36,0,15049,ok
52055,1789699308610335,0,rollback,bench,735,37,0,15050,ok
52055,1789699308610336,0,rollback,bench,890,47,0,15050,ok
52063,1789699308613721,0,rollback,bench,930,32,0,15053,ok
52063,1789699308613722,0,rollback,bench,419,29,0,15053,ok
52063,1789699308613722,0,rollback,bench,184,45,0,15053,ok
52063,1789699308613723,0,rollback,bench,329,35,0,15053,ok
52063,1789699308613723,0,rollback,bench,175,43,0,15053,ok
52075,1789699308617626,0,rollback,bench,205,51,0,15056,ok
52076,1789699308617631,0,rollback,bench,408,38,0,15057,ok
52076,1789699308617632,0,rollback,bench,669,41,0,15057,ok
52078,1789699308617647,0,rollback,bench,586,39,0,15058,ok
52078,1789699308617647,0,rollback,bench,980,27,0,15058,ok
52078,1789699308617648,0,rollback,bench,841,39,0,15058,ok
52085,1789699308619867,0,rollback,bench,737,38,0,15060,ok
52085,1789699308619867,0,rollback,bench,953,40,0,15060,ok
52087,1789699308619880,0,rollback,bench,223,37,0,15061,ok
52087,1789699308619880,0,rollback,bench,946,33,0,15061,ok
52087,1789699308619880,0,rollback,bench,371,43,0,15061,ok
52092,1789699308621073,0,rollback,bench,888,37,0,15063,ok
52092,1789699308621073,0,rollback,bench,468,36,0,15063,ok
52092,1789699308621074,0,rollback,bench,994,34,0,15063,ok
52092,1789699308621074,0,rollback,bench,59,35,0,15063,ok
52092,1789699308621074,0,rollback,bench,908,40,0,15063,ok
52097,1789699308621081,0,rollback,bench,637,50,0,15064,ok
52097,1789699308621082,0,rollback,bench,774,39,0,15064,ok
52097,1789699308621082,0,rollback,bench,868,56,0,15064,ok
52103,1789699308622807,0,rollback,bench,116,36,0,15066,ok
52103,1789699308622807,0,rollback,bench,365,41,0,15066,ok
52103,1789699308622808,0,rollback,bench,662,38,0,15066,ok
52109,1789699308624414,0,rollback,bench,120,44,0,15068,ok
52109,1789699308624415,0,rollback,bench,429,30,0,15068,ok
52111,1789699308624417,0,rollback,bench,632,58,0,15069,ok
52136,1789699308639642,0,rollback,bench,369,50,0,15077,ok
52136,1789699308639643,0,rollback,bench,980,27,0,15077,ok
52182,1789699308671907,0,rollback,bench,86,49,0,15090,ok
52182,1789699308671908,0,rollback,bench,249,34,0,15090,ok
52182,1789699308671909,0,rollback,bench,457,41,0,15090,ok
52182,1789699308671909,0,rollback,bench,777,40,0,15090,ok
52186,1789699308671926,0,rollback,bench,689,45,0,15091,ok
52186,1789699308671926,0,rollback,bench,17,37,0,15091,ok
52186,1789699308671927,0,rollback,bench,840,47,0,15091,ok
52186,1789699308671927,0,rollback,bench,944,39,0,15091,ok
52186,1789699308671927,0,rollback,bench,733,36,0,15091,ok
52191,1789699308671941,0,rollback,bench,162,45,0,15092,ok
52191,1789699308671942,0,rollback,bench,693,36,0,15092,ok
52191,1789699308671942,0,rollback,bench,77,40,0,15092,ok
52191,1789699308671943,0,rollback,bench,30,35,0,15092,ok
52191,1789699308671943,0,rollback,bench,249,34,0,15092,ok
52231,1789699308694629,0,rollback,bench,38,40,0,15104,ok
52231,1789699308694630,0,rollback,bench,28,48,0,15104,ok
52237,1789699308697025,0,rollback,bench,778,29,0,15107,ok
52250,1789699308704795,0,rollback,bench,356,39,0,15111,ok
52251,1789699308704798,0,rollback,bench,579,37,0,15112,ok
52257,1789699308707778,0,rollback,bench,779,38,0,15114,ok
52265,1789699308711764,0,rollback,bench,333,36,0,15117,ok
52265,1789699308711765,0,rollback,bench,374,41,0,15117,ok
52265,1789699308711766,0,rollback,bench,996,31,0,15117,ok
52265,1789699308711766,0,rollback,bench,460,49,0,15117,ok
52279,1789699308717507,0,rollback,bench,326,40,0,15121,ok
52279,1789699308717543,0,rollback,bench,226,39,0,15121,ok
52279,1789699308717543,0,rollback,bench,887,39,0,15121,ok
52279,1789699308717543,0,rollback,bench,140,43,0,15121,ok
52279,1789699308717544,0,rollback,bench,100,40,0,15121,ok
52299,1789699308727289,0,rollback,bench,366,35,0,15126,ok
52299,1789699308727290,0,rollback,bench,791,40,0,15126,ok
52299,1789699308727291,0,rollback,bench,435,50,0,15126,ok
52325,1789699308743641,0,rollback,bench,582,34,0,15136,ok
52325,1789699308743642,0,rollback,bench,721,32,0,15136,ok
52325,1789699308743643,0,rollback,bench,104,43,0,15136,ok
52325,1789699308743643,0,rollback,bench,938,36,0,15136,ok
52356,1789699308763957,0,rollback,bench,588,35,0,15146,ok
52356,1789699308763958,0,rollback,bench,872,47,0,15146,ok
52356,1789699308763959,0,rollback,bench,648,51,0,15146,ok
52356,1789699308763959,0,rollback,bench,790,36,0,15146,ok
52370,1789699308770944,0,rollback,bench,937,40,0,15150,ok
52370,1789699308770946,0,rollback,bench,590,52,0,15150,ok
52370,1789699308770946,0,rollback,bench,899,55,0,15150,ok
52370,1789699308770947,0,rollback,bench,940,33,0,15150,ok
52370,1789699308770947,0,rollback,bench,213,33,0,15150,ok
52395,1789699308783229,0,rollback,bench,623,38,0,15159,ok
52395,1789699308783231,0,rollback,bench,780,45,0,15159,ok
52399,1789699308785155,0,rollback,bench,629,27,0,15161,ok
52399,1789699308785156,0,rollback,bench,355,40,0,15161,ok
52399,1789699308785156,0,rollback,bench,520,31,0,15161,ok
52399,1789699308785156,0,rollback,bench,744,39,0,15161,ok
52399,1789699308785157,0,rollback,bench,863,39,0,15161,ok
52420,1789699308795356,0,rollback,bench,34,45,0,15166,ok
52420,1789699308795358,0,rollback,bench,442,44,0,15166,ok
52430,1789699308801351,0,rollback,bench,491,40,0,15170,ok
52430,1789699308801352,0,rollback,bench,319,34,0,15170,ok
52430,1789699308801353,0,rollback,bench,980,27,0,15170,ok
52430,1789699308801353,0,rollback,bench,847,39,0,15170,ok
52446,1789699308809320,0,rollback,bench,460,49,0,15174,ok
52446,1789699308809321,0,rollback,bench,958,47,0,15174,ok
52446,1789699308809321,0,rollback,bench,256,48,0,15174,ok
52449,1789699308809324,0,rollback,bench,969,50,0,15175,ok
52450,1789699308809334,0,rollback,bench,95,35,0,15176,ok
52450,1789699308809334,0,rollback,bench,743,44,0,15176,ok
52450,1789699308809335,0,rollback,bench,498,48,0,15176,ok
52450,1789699308809335,0,rollback,bench,555,50,0,15176,ok
52482,1789699308828983,0,rollback,bench,955,43,0,15186,ok
52482,1789699308828984,0,rollback,bench,834,47,0,15186,ok
52482,1789699308828985,0,rollback,bench,537,42,0,15186,ok
52482,1789699308828985,0,rollback,bench,486,47,0,15186,ok
52498,1789699308835893,0,rollback,bench,645,40,0,15190,ok
52498,1789699308835894,0,rollback,bench,977,49,0,15190,ok
52498,1789699308835894,0,rollback,bench,437,32,0,15190,ok
52517,1789699308846233,0,rollback,bench,198,39,0,15196,ok
52517,1789699308846234,0,rollback,bench,414,38,0,15196,ok
52517,1789699308846235,0,rollback,bench,3,37,0,15196,ok
52517,1789699308846235,0,rollback,bench,97,49,0,15196,ok
52517,1789699308846236,0,rollback,bench,635,46,0,15196,ok
52560,1789699308868540,0,rollback,bench,318,35,0,15209,ok
52584,1789699308880702,0,rollback,bench,893,43,0,15218,ok
52584,1789699308880703,0,rollback,bench,373,45,0,15218,ok
52584,1789699308880704,0,rollback,bench,713,42,0,15218,ok
52584,1789699308880704,0,rollback,bench,901,37,0,15218,ok
52594,1789699308884226,0,rollback,bench,17,37,0,15221,ok
52594,1789699308884227,0,rollback,bench,578,44,0,15221,ok
52596,1789699308884232,0,rollback,bench,314,48,0,15222,ok
52596,1789699308884232,0,rollback,bench,707,44,0,15222,ok
52602,1789699308886245,0,rollback,bench,982,35,0,15225,ok
52602,1789699308886246,0,rollback,bench,36,33,0,15225,ok
52602,1789699308886247,0,rollback,bench,148,37,0,15225,ok
52602,1789699308886247,0,rollback,bench,751,36,0,15225,ok
52610,1789699308888691,0,rollback,bench,21,42,0,15229,ok
52610,1789699308888692,0,rollback,bench,473,39,0,15229,ok
52610,1789699308888693,0,rollback,bench,862,40,0,15229,ok
52610,1789699308888693,0,rollback,bench,925,29,0,15229,ok
52610,1789699308888694,0,rollback,bench,338,45,0,15229,ok
52619,1789699308891632,0,rollback,bench,675,38,0,15231,ok
52619,1789699308891633,0,rollback,bench,17,37,0,15231,ok
52619,1789699308891633,0,rollback,bench,131,38,0,15231,ok
52627,1789699308894949,0,rollback,bench,743,44,0,15233,ok
52627,1789699308894950,0,rollback,bench,108,51,0,15233,ok
52627,1789699308894950,0,rollback,bench,546,35,0,15233,ok
52627,1789699308894951,0,rollback,bench,729,41,0,15233,ok
52631,1789699308894959,0,rollback,bench,671,39,0,15234,ok
52631,1789699308894959,0,rollback,bench,770,41,0,15234,ok
52631,1789699308894959,0,rollback,bench,252,36,0,15234,ok
52634,1789699308894963,0,rollback,bench,337,43,0,15235,ok
52634,1789699308894964,0,rollback,bench,397,33,0,15235,ok
52645,1789699308900022,0,rollback,bench,498,48,0,15239,ok
52648,1789699308901354,0,rollback,bench,801,50,0,15242,ok
52648,1789699308901355,0,rollback,bench,235,47,0,15242,ok
52648,1789699308901355,0,rollback,bench,793,36,0,15242,ok
52651,1789699308901359,0,rollback,bench,696,33,0,15243,ok
52651,1789699308901360,0,rollback,bench,801,50,0,15243,ok
52672,1789699308912359,0,rollback,bench,961,42,0,15249,ok
52672,1789699308912360,0,rollback,bench,717,50,0,15249,ok
52672,1789699308912361,0,rollback,bench,288,45,0,15249,ok
52701,1789699308929970,0,rollback,bench,970,33,0,15262,ok
52701,1789699308929971,0,rollback,bench,986,35,0,15262,ok
52703,1789699308929975,0,rollback,bench,31,47,0,15263,ok
52703,1789699308929975,0,rollback,bench,358,53,0,15263,ok
52743,1789699308953706,0,rollback,bench,904,41,0,15273,ok
52743,1789699308953707,0,rollback,bench,139,50,0,15273,ok
52743,1789699308953708,0,rollback,bench,114,47,0,15273,ok
52743,1789699308953708,0,rollback,bench,57,44,0,15273,ok
52747,1789699308953712,0,rollback,bench,168,41,0,15274,ok
52747,1789699308953713,0,rollback,bench,485,34,0,15274,ok
52756,1789699308958333,0,rollback,bench,185,48,0,15277,ok
52756,1789699308958335,0,rollback,bench,680,45,0,15277,ok
52756,1789699308958335,0,rollback,bench,408,38,0,15277,ok
52760,1789699308958844,0,rollback,bench,52,41,0,15279,ok
52760,1789699308958845,0,rollback,bench,540,32,0,15279,ok
52760,1789699308958845,0,rollback,bench,151,51,0,15279,ok
